2025-04-05 09:18:42 - scraper_api - WARNING - Module app.scrapers.scraper_config does not have a 'main' function and was skipped.
2025-04-05 09:18:42 - scraper_api - WARNING - Module app.scrapers._common does not have a 'main' function and was skipped.
2025-04-05 09:18:42 - scraper_api - INFO - Loaded scraper module: app.scrapers.amusementparks.amusementparks as key: amusementparks
2025-04-05 09:18:42 - scraper_api - INFO - Loaded scraper module: app.scrapers.bakeries.bakeries as key: bakeries
2025-04-05 09:18:42 - scraper_api - INFO - Loaded scraper module: app.scrapers.bars.bars as key: bars
2025-04-05 09:18:42 - scraper_api - INFO - Loaded scraper module: app.scrapers.beaches.beaches as key: beaches
2025-04-05 09:18:42 - scraper_api - INFO - Loaded scraper module: app.scrapers.bookstores.bookstores as key: bookstores
2025-04-05 09:18:42 - scraper_api - INFO - Loaded scraper module: app.scrapers.carrepairservices.carrepairservices as key: carrepairservices
2025-04-05 09:18:42 - scraper_api - INFO - Loaded scraper module: app.scrapers.cinemas.cinemas as key: cinemas
2025-04-05 09:18:42 - scraper_api - INFO - Loaded scraper module: app.scrapers.clinics.clinics as key: clinics
2025-04-05 09:18:42 - scraper_api - INFO - Loaded scraper module: app.scrapers.clothingstores.clothingstores as key: clothingstores
2025-04-05 09:18:42 - scraper_api - INFO - Loaded scraper module: app.scrapers.coachingcenters.coachingcenters as key: coachingcenters
2025-04-05 09:18:42 - scraper_api - INFO - Loaded scraper module: app.scrapers.coffeeshops.coffeeshops as key: coffeeshops
2025-04-05 09:18:42 - scraper_api - INFO - Loaded scraper module: app.scrapers.colleges.colleges as key: colleges
2025-04-05 09:18:42 - scraper_api - INFO - Loaded scraper module: app.scrapers.dentists.dentists as key: dentists
2025-04-05 09:18:42 - scraper_api - INFO - Loaded scraper module: app.scrapers.electronicstores.electronicstores as key: electronicstores
2025-04-05 09:18:42 - scraper_api - INFO - Loaded scraper module: app.scrapers.eyecarecenters.eyecarecenters as key: eyecarecenters
2025-04-05 09:18:42 - scraper_api - INFO - Loaded scraper module: app.scrapers.fastfood.fastfood as key: fastfood
2025-04-05 09:18:42 - scraper_api - INFO - Loaded scraper module: app.scrapers.firestation.firestation as key: firestation
2025-04-05 09:18:42 - scraper_api - INFO - Loaded scraper module: app.scrapers.furniturestores.furniturestores as key: furniturestores
2025-04-05 09:18:42 - scraper_api - INFO - Loaded scraper module: app.scrapers.grocerystore.grocerystore as key: grocerystore
2025-04-05 09:18:42 - scraper_api - INFO - Loaded scraper module: app.scrapers.gyms.gyms as key: gyms
2025-04-05 09:18:42 - scraper_api - INFO - Loaded scraper module: app.scrapers.hospitals.hospitals as key: hospitals
2025-04-05 09:18:42 - scraper_api - INFO - Loaded scraper module: app.scrapers.hostels.hostels as key: hostels
2025-04-05 09:18:42 - scraper_api - INFO - Loaded scraper module: app.scrapers.hotels.hotels as key: hotels
2025-04-05 09:18:42 - scraper_api - INFO - Loaded scraper module: app.scrapers.jewelryshops.jewelryshops as key: jewelryshops
2025-04-05 09:18:42 - scraper_api - INFO - Loaded scraper module: app.scrapers.jobs.apna as key: apna
2025-04-05 09:18:42 - scraper_api - INFO - Loaded scraper module: app.scrapers.jobs.naukri as key: naukri
2025-04-05 09:18:42 - scraper_api - INFO - Loaded scraper module: app.scrapers.jobs.shine as key: shine
2025-04-05 09:18:44 - scraper_api - INFO - Loaded scraper module: app.scrapers.libraries.libraries as key: libraries
2025-04-05 09:18:44 - scraper_api - INFO - Loaded scraper module: app.scrapers.museums.museums as key: museums
2025-04-05 09:18:44 - scraper_api - INFO - Loaded scraper module: app.scrapers.musicdanceacademies.musicdanceacademies as key: musicdanceacademies
2025-04-05 09:18:44 - scraper_api - INFO - Loaded scraper module: app.scrapers.news.indiatoday as key: indiatoday
2025-04-05 09:18:44 - scraper_api - INFO - Loaded scraper module: app.scrapers.nightclubs.nightclubs as key: nightclubs
2025-04-05 09:18:44 - scraper_api - INFO - Loaded scraper module: app.scrapers.parks.parks as key: parks
2025-04-05 09:18:44 - scraper_api - INFO - Loaded scraper module: app.scrapers.policestations.policestations as key: policestations
2025-04-05 09:18:44 - scraper_api - INFO - Loaded scraper module: app.scrapers.publictransport.publictransport as key: publictransport
2025-04-05 09:18:44 - scraper_api - INFO - Loaded scraper module: app.scrapers.restaurant.restaurants as key: restaurants
2025-04-05 09:18:44 - scraper_api - INFO - Loaded scraper module: app.scrapers.salons.salons as key: salons
2025-04-05 09:18:44 - scraper_api - INFO - Loaded scraper module: app.scrapers.schools.schools as key: schools
2025-04-05 09:18:44 - scraper_api - INFO - Loaded scraper module: app.scrapers.shoppingmalls.shoppingmalls as key: shoppingmalls
2025-04-05 09:18:44 - scraper_api - INFO - Loaded scraper module: app.scrapers.sportsclubs.sportsclubs as key: sportsclubs
2025-04-05 09:18:44 - scraper_api - INFO - Loaded scraper module: app.scrapers.supermarkets.supermarkets as key: supermarkets
2025-04-05 09:18:44 - scraper_api - INFO - Loaded scraper module: app.scrapers.temples.temples as key: temples
2025-04-05 09:18:44 - scraper_api - INFO - Loaded scraper module: app.scrapers.weather.weather as key: weather
2025-04-05 09:18:44 - scraper_api - INFO - Loaded scraper module: app.scrapers.yogacenters.yogacenters as key: yogacenters
2025-04-05 09:18:44 - scraper_api - INFO - Connected to Redis successfully.
2025-04-05 09:18:44 - scraper_api - INFO - Connected to MongoDB: LOCAL_RADAR
2025-04-05 09:18:44 - scraper_api - INFO - Celery app created with broker: rediss://:ATytAAIjcDE4ZDY4M2VkOTZkNWM0NTA4YTI5OWRjOTNlMjI0OGRhOHAxMA@regular-mule-15533.upstash.io:6379
2025-04-05 09:18:44 - scraper_api - INFO - Celery configuration updated.
2025-04-05 09:18:44 - scraper_api - INFO - Application startup initiated.
2025-04-05 09:18:56 - scraper_api - INFO - Rate limiter: Current count for IP 192.168.207.101 is 2
2025-04-05 09:18:56 - scraper_api - INFO - API key validation successful.
2025-04-05 09:18:56 - scraper_api - INFO - Rate limiter: Current count for IP 192.168.207.101 is 4
2025-04-05 09:18:56 - scraper_api - INFO - API key validation successful.
2025-04-05 09:18:56 - scraper_api - INFO - Rate limiter: Current count for IP 192.168.207.101 is 1
2025-04-05 09:18:56 - scraper_api - INFO - API key validation successful.
2025-04-05 09:18:56 - scraper_api - INFO - Rate limiter: Current count for IP 192.168.207.101 is 3
2025-04-05 09:18:56 - scraper_api - INFO - API key validation successful.
2025-04-05 09:18:57 - scraper_api - INFO - Rate limiter: Current count for IP 192.168.207.101 is 5
2025-04-05 09:18:57 - scraper_api - INFO - API key validation successful.
2025-04-05 09:18:57 - scraper_api - INFO - Rate limiter: Current count for IP 192.168.207.101 is 6
2025-04-05 09:18:57 - scraper_api - INFO - API key validation successful.
2025-04-05 09:18:57 - scraper_api - INFO - Cache miss for key: schools_gym
2025-04-05 09:18:57 - scraper_api - INFO - Cache miss for key: hotels_gym
2025-04-05 09:18:57 - scraper_api - INFO - Cache miss for key: gyms_gym
2025-04-05 09:18:57 - scraper_api - INFO - Cache miss for key: restaurants_gym
2025-04-05 09:18:58 - scraper_api - INFO - Cache miss for key: cafes_gym
2025-04-05 09:18:58 - scraper_api - ERROR - Error during scraping: 500: Scraper error: No scraper available for category cafes
Traceback (most recent call last):
  File "D:\Project\local-radar\backend\api\app\routes\api_routes.py", line 84, in scrape_data
    data = await asyncio.to_thread(get_scraped_data, category, location, **additional_params)
           ^^^^^^^^^^^^^^^^^^^^^^^^^^^^^^^^^^^^^^^^^^^^^^^^^^^^^^^^^^^^^^^^^^^^^^^^^^^^^^^^^^
  File "C:\Users\HP\AppData\Local\Programs\Python\Python313\Lib\asyncio\threads.py", line 25, in to_thread
    return await loop.run_in_executor(None, func_call)
           ^^^^^^^^^^^^^^^^^^^^^^^^^^^^^^^^^^^^^^^^^^^
  File "C:\Users\HP\AppData\Local\Programs\Python\Python313\Lib\concurrent\futures\thread.py", line 59, in run
    result = self.fn(*self.args, **self.kwargs)
  File "D:\Project\local-radar\backend\api\app\services\scraping_service.py", line 70, in get_scraped_data
    raise ScraperException(detail=f"No scraper available for category {category}")
app.core.exceptions.ScraperException: 500: Scraper error: No scraper available for category cafes
2025-04-05 09:18:58 - scraper_api - INFO - Inserted/updated data for schools in gym
2025-04-05 09:18:59 - scraper_api - INFO - Cache miss for key: libraries_gym
2025-04-05 09:18:59 - scraper_api - INFO - Cache set for key: schools_gym with TTL: 3600 seconds.
2025-04-05 09:18:59 - scraper_api - INFO - Rate limiter: Current count for IP 192.168.207.101 is 7
2025-04-05 09:18:59 - scraper_api - INFO - API key validation successful.
2025-04-05 09:18:59 - scraper_api - INFO - Inserted/updated data for gyms in gym
2025-04-05 09:18:59 - scraper_api - INFO - Rate limiter: Current count for IP 192.168.207.101 is 8
2025-04-05 09:18:59 - scraper_api - INFO - API key validation successful.
2025-04-05 09:18:59 - scraper_api - INFO - Cache miss for key: restaurants_gym
2025-04-05 09:18:59 - scraper_api - INFO - Cache set for key: gyms_gym with TTL: 3600 seconds.
2025-04-05 09:18:59 - scraper_api - INFO - Cache miss for key: hotels_gym
2025-04-05 09:18:59 - scraper_api - INFO - Rate limiter: Current count for IP 192.168.207.101 is 9
2025-04-05 09:18:59 - scraper_api - INFO - API key validation successful.
2025-04-05 09:19:00 - scraper_api - INFO - Cache hit for key: schools_gym
2025-04-05 09:19:00 - scraper_api - INFO - Returning cached data from Redis for schools in gym.
2025-04-05 09:19:00 - scraper_api - INFO - Inserted/updated data for hotels in gym
2025-04-05 09:19:00 - scraper_api - INFO - Inserted/updated data for restaurants in gym
2025-04-05 09:19:00 - scraper_api - INFO - Cache set for key: hotels_gym with TTL: 3600 seconds.
2025-04-05 09:19:00 - scraper_api - INFO - Cache set for key: restaurants_gym with TTL: 3600 seconds.
2025-04-05 09:19:00 - scraper_api - INFO - Inserted/updated data for libraries in gym
2025-04-05 09:19:00 - scraper_api - INFO - Rate limiter: Current count for IP 192.168.207.101 is 10
2025-04-05 09:19:00 - scraper_api - INFO - API key validation successful.
2025-04-05 09:19:00 - scraper_api - INFO - Rate limiter: Current count for IP 192.168.207.101 is 11
2025-04-05 09:19:00 - scraper_api - INFO - API key validation successful.
2025-04-05 09:19:00 - scraper_api - INFO - Rate limiter: Current count for IP 192.168.207.101 is 12
2025-04-05 09:19:00 - scraper_api - INFO - API key validation successful.
2025-04-05 09:19:01 - scraper_api - INFO - Cache set for key: libraries_gym with TTL: 3600 seconds.
2025-04-05 09:19:01 - scraper_api - INFO - Cache miss for key: cafes_gym
2025-04-05 09:19:01 - scraper_api - INFO - Cache hit for key: gyms_gym
2025-04-05 09:19:01 - scraper_api - INFO - Returning cached data from Redis for gyms in gym.
2025-04-05 09:19:01 - scraper_api - INFO - Cache hit for key: libraries_gym
2025-04-05 09:19:01 - scraper_api - ERROR - Error during scraping: 500: Scraper error: No scraper available for category cafes
Traceback (most recent call last):
  File "D:\Project\local-radar\backend\api\app\routes\api_routes.py", line 84, in scrape_data
    data = await asyncio.to_thread(get_scraped_data, category, location, **additional_params)
           ^^^^^^^^^^^^^^^^^^^^^^^^^^^^^^^^^^^^^^^^^^^^^^^^^^^^^^^^^^^^^^^^^^^^^^^^^^^^^^^^^^
  File "C:\Users\HP\AppData\Local\Programs\Python\Python313\Lib\asyncio\threads.py", line 25, in to_thread
    return await loop.run_in_executor(None, func_call)
           ^^^^^^^^^^^^^^^^^^^^^^^^^^^^^^^^^^^^^^^^^^^
  File "C:\Users\HP\AppData\Local\Programs\Python\Python313\Lib\concurrent\futures\thread.py", line 59, in run
    result = self.fn(*self.args, **self.kwargs)
  File "D:\Project\local-radar\backend\api\app\services\scraping_service.py", line 70, in get_scraped_data
    raise ScraperException(detail=f"No scraper available for category {category}")
app.core.exceptions.ScraperException: 500: Scraper error: No scraper available for category cafes
2025-04-05 09:19:01 - scraper_api - INFO - Returning cached data from Redis for libraries in gym.
2025-04-05 09:19:01 - scraper_api - INFO - Data for restaurants in gym is already up to date
2025-04-05 09:19:01 - scraper_api - INFO - Rate limiter: Current count for IP 192.168.207.101 is 13
2025-04-05 09:19:01 - scraper_api - INFO - API key validation successful.
2025-04-05 09:19:01 - scraper_api - INFO - Cache set for key: restaurants_gym with TTL: 3600 seconds.
2025-04-05 09:19:01 - scraper_api - INFO - Cache hit for key: restaurants_rajkot
2025-04-05 09:19:01 - scraper_api - INFO - Returning cached data from Redis for restaurants in rajkot.
2025-04-05 09:19:01 - scraper_api - INFO - Rate limiter: Current count for IP 192.168.207.101 is 14
2025-04-05 09:19:01 - scraper_api - INFO - API key validation successful.
2025-04-05 09:19:01 - scraper_api - INFO - Rate limiter: Current count for IP 192.168.207.101 is 15
2025-04-05 09:19:01 - scraper_api - INFO - API key validation successful.
2025-04-05 09:19:01 - scraper_api - INFO - Rate limiter: Current count for IP 192.168.207.101 is 16
2025-04-05 09:19:01 - scraper_api - INFO - API key validation successful.
2025-04-05 09:19:01 - scraper_api - INFO - Rate limiter: Current count for IP 192.168.207.101 is 17
2025-04-05 09:19:01 - scraper_api - INFO - API key validation successful.
2025-04-05 09:19:01 - scraper_api - INFO - Cache hit for key: hotels_rajkot
2025-04-05 09:19:01 - scraper_api - INFO - Cache hit for key: schools_rajkot
2025-04-05 09:19:01 - scraper_api - INFO - Returning cached data from Redis for hotels in rajkot.
2025-04-05 09:19:01 - scraper_api - INFO - Returning cached data from Redis for schools in rajkot.
2025-04-05 09:19:02 - scraper_api - INFO - Cache miss for key: cafes_rajkot
2025-04-05 09:19:02 - scraper_api - ERROR - Error during scraping: 500: Scraper error: No scraper available for category cafes
Traceback (most recent call last):
  File "D:\Project\local-radar\backend\api\app\routes\api_routes.py", line 84, in scrape_data
    data = await asyncio.to_thread(get_scraped_data, category, location, **additional_params)
           ^^^^^^^^^^^^^^^^^^^^^^^^^^^^^^^^^^^^^^^^^^^^^^^^^^^^^^^^^^^^^^^^^^^^^^^^^^^^^^^^^^
  File "C:\Users\HP\AppData\Local\Programs\Python\Python313\Lib\asyncio\threads.py", line 25, in to_thread
    return await loop.run_in_executor(None, func_call)
           ^^^^^^^^^^^^^^^^^^^^^^^^^^^^^^^^^^^^^^^^^^^
  File "C:\Users\HP\AppData\Local\Programs\Python\Python313\Lib\concurrent\futures\thread.py", line 59, in run
    result = self.fn(*self.args, **self.kwargs)
  File "D:\Project\local-radar\backend\api\app\services\scraping_service.py", line 70, in get_scraped_data
    raise ScraperException(detail=f"No scraper available for category {category}")
app.core.exceptions.ScraperException: 500: Scraper error: No scraper available for category cafes
2025-04-05 09:19:02 - scraper_api - INFO - Cache hit for key: libraries_rajkot
2025-04-05 09:19:02 - scraper_api - INFO - Returning cached data from Redis for libraries in rajkot.
2025-04-05 09:19:02 - scraper_api - INFO - Rate limiter: Current count for IP 192.168.207.101 is 18
2025-04-05 09:19:02 - scraper_api - INFO - API key validation successful.
2025-04-05 09:19:02 - scraper_api - INFO - Data for hotels in gym is already up to date
2025-04-05 09:19:02 - scraper_api - INFO - Cache hit for key: gyms_rajkot
2025-04-05 09:19:02 - scraper_api - INFO - Returning cached data from Redis for gyms in rajkot.
2025-04-05 09:19:02 - scraper_api - INFO - Cache set for key: hotels_gym with TTL: 3600 seconds.
2025-04-05 09:19:18 - scraper_api - INFO - Rate limiter: Current count for IP 192.168.207.101 is 20
2025-04-05 09:19:18 - scraper_api - INFO - API key validation successful.
2025-04-05 09:19:18 - scraper_api - INFO - Rate limiter: Current count for IP 192.168.207.101 is 19
2025-04-05 09:19:18 - scraper_api - INFO - API key validation successful.
2025-04-05 09:19:19 - scraper_api - INFO - Cache hit for key: schools_rajkot
2025-04-05 09:19:19 - scraper_api - INFO - Cache hit for key: schools_rajkot
2025-04-05 09:19:19 - scraper_api - INFO - Returning cached data from Redis for schools in rajkot.
2025-04-05 09:19:19 - scraper_api - INFO - Returning cached data from Redis for schools in rajkot.
2025-04-05 09:24:36 - scraper_api - INFO - Rate limiter: Current count for IP 192.168.207.101 is 2
2025-04-05 09:24:36 - scraper_api - INFO - API key validation successful.
2025-04-05 09:24:36 - scraper_api - INFO - Rate limiter: Current count for IP 192.168.207.101 is 1
2025-04-05 09:24:36 - scraper_api - INFO - API key validation successful.
2025-04-05 09:24:36 - scraper_api - INFO - Rate limiter: Current count for IP 192.168.207.101 is 3
2025-04-05 09:24:36 - scraper_api - INFO - API key validation successful.
2025-04-05 09:24:36 - scraper_api - INFO - Rate limiter: Current count for IP 192.168.207.101 is 4
2025-04-05 09:24:36 - scraper_api - INFO - API key validation successful.
2025-04-05 09:24:36 - scraper_api - INFO - Rate limiter: Current count for IP 192.168.207.101 is 5
2025-04-05 09:24:36 - scraper_api - INFO - API key validation successful.
2025-04-05 09:24:36 - scraper_api - INFO - Rate limiter: Current count for IP 192.168.207.101 is 6
2025-04-05 09:24:36 - scraper_api - INFO - API key validation successful.
2025-04-05 09:24:36 - scraper_api - INFO - Cache hit for key: restaurants_rajkot
2025-04-05 09:24:36 - scraper_api - INFO - Cache hit for key: hotels_rajkot
2025-04-05 09:24:36 - scraper_api - INFO - Cache hit for key: gyms_rajkot
2025-04-05 09:24:36 - scraper_api - INFO - Cache hit for key: schools_rajkot
2025-04-05 09:24:36 - scraper_api - INFO - Cache hit for key: libraries_rajkot
2025-04-05 09:24:36 - scraper_api - INFO - Cache miss for key: cafes_rajkot
2025-04-05 09:24:36 - scraper_api - INFO - Returning cached data from Redis for restaurants in rajkot.
2025-04-05 09:24:36 - scraper_api - INFO - Returning cached data from Redis for hotels in rajkot.
2025-04-05 09:24:36 - scraper_api - INFO - Returning cached data from Redis for gyms in rajkot.
2025-04-05 09:24:36 - scraper_api - INFO - Returning cached data from Redis for schools in rajkot.
2025-04-05 09:24:36 - scraper_api - INFO - Returning cached data from Redis for libraries in rajkot.
2025-04-05 09:24:36 - scraper_api - ERROR - Error during scraping: 500: Scraper error: No scraper available for category cafes
Traceback (most recent call last):
  File "D:\Project\local-radar\backend\api\app\routes\api_routes.py", line 84, in scrape_data
    data = await asyncio.to_thread(get_scraped_data, category, location, **additional_params)
           ^^^^^^^^^^^^^^^^^^^^^^^^^^^^^^^^^^^^^^^^^^^^^^^^^^^^^^^^^^^^^^^^^^^^^^^^^^^^^^^^^^
  File "C:\Users\HP\AppData\Local\Programs\Python\Python313\Lib\asyncio\threads.py", line 25, in to_thread
    return await loop.run_in_executor(None, func_call)
           ^^^^^^^^^^^^^^^^^^^^^^^^^^^^^^^^^^^^^^^^^^^
  File "C:\Users\HP\AppData\Local\Programs\Python\Python313\Lib\concurrent\futures\thread.py", line 59, in run
    result = self.fn(*self.args, **self.kwargs)
  File "D:\Project\local-radar\backend\api\app\services\scraping_service.py", line 70, in get_scraped_data
    raise ScraperException(detail=f"No scraper available for category {category}")
app.core.exceptions.ScraperException: 500: Scraper error: No scraper available for category cafes
2025-04-05 09:24:37 - scraper_api - INFO - Rate limiter: Current count for IP 192.168.207.101 is 7
2025-04-05 09:24:37 - scraper_api - INFO - API key validation successful.
2025-04-05 09:24:37 - scraper_api - INFO - Rate limiter: Current count for IP 192.168.207.101 is 8
2025-04-05 09:24:37 - scraper_api - INFO - API key validation successful.
2025-04-05 09:24:37 - scraper_api - INFO - Rate limiter: Current count for IP 192.168.207.101 is 9
2025-04-05 09:24:37 - scraper_api - INFO - API key validation successful.
2025-04-05 09:24:37 - scraper_api - INFO - Rate limiter: Current count for IP 192.168.207.101 is 10
2025-04-05 09:24:37 - scraper_api - INFO - API key validation successful.
2025-04-05 09:24:37 - scraper_api - INFO - Rate limiter: Current count for IP 192.168.207.101 is 11
2025-04-05 09:24:37 - scraper_api - INFO - API key validation successful.
2025-04-05 09:24:37 - scraper_api - INFO - Rate limiter: Current count for IP 192.168.207.101 is 12
2025-04-05 09:24:37 - scraper_api - INFO - API key validation successful.
2025-04-05 09:24:37 - scraper_api - INFO - Cache miss for key: cafes_rajkot
2025-04-05 09:24:37 - scraper_api - INFO - Cache hit for key: restaurants_rajkot
2025-04-05 09:24:37 - scraper_api - INFO - Cache hit for key: gyms_rajkot
2025-04-05 09:24:37 - scraper_api - INFO - Cache hit for key: libraries_rajkot
2025-04-05 09:24:37 - scraper_api - INFO - Cache hit for key: hotels_rajkot
2025-04-05 09:24:37 - scraper_api - INFO - Cache hit for key: schools_rajkot
2025-04-05 09:24:37 - scraper_api - INFO - Returning cached data from Redis for schools in rajkot.
2025-04-05 09:24:37 - scraper_api - INFO - Returning cached data from Redis for gyms in rajkot.
2025-04-05 09:24:37 - scraper_api - INFO - Returning cached data from Redis for libraries in rajkot.
2025-04-05 09:24:37 - scraper_api - INFO - Returning cached data from Redis for hotels in rajkot.
2025-04-05 09:24:37 - scraper_api - INFO - Returning cached data from Redis for restaurants in rajkot.
2025-04-05 09:24:37 - scraper_api - ERROR - Error during scraping: 500: Scraper error: No scraper available for category cafes
Traceback (most recent call last):
  File "D:\Project\local-radar\backend\api\app\routes\api_routes.py", line 84, in scrape_data
    data = await asyncio.to_thread(get_scraped_data, category, location, **additional_params)
           ^^^^^^^^^^^^^^^^^^^^^^^^^^^^^^^^^^^^^^^^^^^^^^^^^^^^^^^^^^^^^^^^^^^^^^^^^^^^^^^^^^
  File "C:\Users\HP\AppData\Local\Programs\Python\Python313\Lib\asyncio\threads.py", line 25, in to_thread
    return await loop.run_in_executor(None, func_call)
           ^^^^^^^^^^^^^^^^^^^^^^^^^^^^^^^^^^^^^^^^^^^
  File "C:\Users\HP\AppData\Local\Programs\Python\Python313\Lib\concurrent\futures\thread.py", line 59, in run
    result = self.fn(*self.args, **self.kwargs)
  File "D:\Project\local-radar\backend\api\app\services\scraping_service.py", line 70, in get_scraped_data
    raise ScraperException(detail=f"No scraper available for category {category}")
app.core.exceptions.ScraperException: 500: Scraper error: No scraper available for category cafes
2025-04-05 09:25:41 - scraper_api - INFO - Rate limiter: Current count for IP 192.168.207.101 is 1
2025-04-05 09:25:41 - scraper_api - INFO - API key validation successful.
2025-04-05 09:25:41 - scraper_api - INFO - Rate limiter: Current count for IP 192.168.207.101 is 2
2025-04-05 09:25:41 - scraper_api - INFO - API key validation successful.
2025-04-05 09:25:42 - scraper_api - INFO - Cache hit for key: restaurants_rajkot
2025-04-05 09:25:42 - scraper_api - INFO - Cache hit for key: restaurants_rajkot
2025-04-05 09:25:42 - scraper_api - INFO - Returning cached data from Redis for restaurants in rajkot.
2025-04-05 09:25:42 - scraper_api - INFO - Returning cached data from Redis for restaurants in rajkot.
2025-04-05 09:26:59 - scraper_api - INFO - Rate limiter: Current count for IP 192.168.207.101 is 2
2025-04-05 09:26:59 - scraper_api - INFO - API key validation successful.
2025-04-05 09:26:59 - scraper_api - INFO - Rate limiter: Current count for IP 192.168.207.101 is 1
2025-04-05 09:26:59 - scraper_api - INFO - API key validation successful.
2025-04-05 09:26:59 - scraper_api - INFO - Cache miss for key: dentists_rajkot
2025-04-05 09:26:59 - scraper_api - INFO - Cache miss for key: dentists_rajkot
2025-04-05 09:26:59 - scraper_api - INFO - Returning fresh data from MongoDB for dentists in rajkot.
2025-04-05 09:26:59 - scraper_api - INFO - Returning fresh data from MongoDB for dentists in rajkot.
2025-04-05 09:26:59 - scraper_api - INFO - Cache set for key: dentists_rajkot with TTL: 3600 seconds.
2025-04-05 09:26:59 - scraper_api - INFO - Cache set for key: dentists_rajkot with TTL: 3600 seconds.
2025-04-05 09:28:00 - scraper_api - INFO - Rate limiter: Current count for IP 192.168.207.101 is 2
2025-04-05 09:28:00 - scraper_api - INFO - API key validation successful.
2025-04-05 09:28:00 - scraper_api - INFO - Rate limiter: Current count for IP 192.168.207.101 is 1
2025-04-05 09:28:00 - scraper_api - INFO - API key validation successful.
2025-04-05 09:28:00 - scraper_api - INFO - Cache miss for key: temples_rajkot
2025-04-05 09:28:00 - scraper_api - INFO - Cache miss for key: temples_rajkot
2025-04-05 09:28:02 - scraper_api - INFO - Inserted/updated data for temples in rajkot
2025-04-05 09:28:02 - scraper_api - INFO - Cache set for key: temples_rajkot with TTL: 3600 seconds.
2025-04-05 09:28:03 - scraper_api - INFO - Data for temples in rajkot is already up to date
2025-04-05 09:28:03 - scraper_api - INFO - Cache set for key: temples_rajkot with TTL: 3600 seconds.
2025-04-05 09:28:28 - scraper_api - INFO - Rate limiter: Current count for IP 192.168.207.101 is 5
2025-04-05 09:28:28 - scraper_api - INFO - API key validation successful.
2025-04-05 09:28:28 - scraper_api - INFO - Rate limiter: Current count for IP 192.168.207.101 is 8
2025-04-05 09:28:28 - scraper_api - INFO - API key validation successful.
2025-04-05 09:28:28 - scraper_api - INFO - Rate limiter: Current count for IP 192.168.207.101 is 4
2025-04-05 09:28:28 - scraper_api - INFO - API key validation successful.
2025-04-05 09:28:28 - scraper_api - INFO - Rate limiter: Current count for IP 192.168.207.101 is 3
2025-04-05 09:28:28 - scraper_api - INFO - API key validation successful.
2025-04-05 09:28:28 - scraper_api - INFO - Rate limiter: Current count for IP 192.168.207.101 is 6
2025-04-05 09:28:28 - scraper_api - INFO - API key validation successful.
2025-04-05 09:28:28 - scraper_api - INFO - Rate limiter: Current count for IP 192.168.207.101 is 7
2025-04-05 09:28:28 - scraper_api - INFO - API key validation successful.
2025-04-05 09:28:29 - scraper_api - INFO - Cache miss for key: libraries_trikonbag rajkot
2025-04-05 09:28:29 - scraper_api - INFO - Cache miss for key: hotels_trikonbag rajkot
2025-04-05 09:28:29 - scraper_api - INFO - Cache miss for key: gyms_trikonbag rajkot
2025-04-05 09:28:29 - scraper_api - INFO - Cache miss for key: restaurants_trikonbag rajkot
2025-04-05 09:28:29 - scraper_api - INFO - Cache miss for key: schools_trikonbag rajkot
2025-04-05 09:28:29 - scraper_api - INFO - Cache miss for key: cafes_trikonbag rajkot
2025-04-05 09:28:29 - scraper_api - ERROR - Error during scraping: 500: Scraper error: No scraper available for category cafes
Traceback (most recent call last):
  File "D:\Project\local-radar\backend\api\app\routes\api_routes.py", line 84, in scrape_data
    data = await asyncio.to_thread(get_scraped_data, category, location, **additional_params)
           ^^^^^^^^^^^^^^^^^^^^^^^^^^^^^^^^^^^^^^^^^^^^^^^^^^^^^^^^^^^^^^^^^^^^^^^^^^^^^^^^^^
  File "C:\Users\HP\AppData\Local\Programs\Python\Python313\Lib\asyncio\threads.py", line 25, in to_thread
    return await loop.run_in_executor(None, func_call)
           ^^^^^^^^^^^^^^^^^^^^^^^^^^^^^^^^^^^^^^^^^^^
  File "C:\Users\HP\AppData\Local\Programs\Python\Python313\Lib\concurrent\futures\thread.py", line 59, in run
    result = self.fn(*self.args, **self.kwargs)
  File "D:\Project\local-radar\backend\api\app\services\scraping_service.py", line 70, in get_scraped_data
    raise ScraperException(detail=f"No scraper available for category {category}")
app.core.exceptions.ScraperException: 500: Scraper error: No scraper available for category cafes
2025-04-05 09:28:30 - scraper_api - INFO - Rate limiter: Current count for IP 192.168.207.101 is 9
2025-04-05 09:28:30 - scraper_api - INFO - API key validation successful.
2025-04-05 09:28:30 - scraper_api - INFO - Cache miss for key: restaurants_trikonbag rajkot
2025-04-05 09:28:31 - scraper_api - INFO - Inserted/updated data for schools in trikonbag rajkot
2025-04-05 09:28:31 - scraper_api - INFO - Inserted/updated data for libraries in trikonbag rajkot
2025-04-05 09:28:31 - scraper_api - INFO - Cache set for key: schools_trikonbag rajkot with TTL: 3600 seconds.
2025-04-05 09:28:31 - scraper_api - INFO - Cache set for key: libraries_trikonbag rajkot with TTL: 3600 seconds.
2025-04-05 09:28:31 - scraper_api - INFO - Inserted/updated data for gyms in trikonbag rajkot
2025-04-05 09:28:31 - scraper_api - INFO - Inserted/updated data for hotels in trikonbag rajkot
2025-04-05 09:28:31 - scraper_api - INFO - Inserted/updated data for restaurants in trikonbag rajkot
2025-04-05 09:28:31 - scraper_api - INFO - Rate limiter: Current count for IP 192.168.207.101 is 10
2025-04-05 09:28:31 - scraper_api - INFO - API key validation successful.
2025-04-05 09:28:31 - scraper_api - INFO - Rate limiter: Current count for IP 192.168.207.101 is 11
2025-04-05 09:28:31 - scraper_api - INFO - API key validation successful.
2025-04-05 09:28:31 - scraper_api - INFO - Cache set for key: gyms_trikonbag rajkot with TTL: 3600 seconds.
2025-04-05 09:28:31 - scraper_api - INFO - Cache set for key: hotels_trikonbag rajkot with TTL: 3600 seconds.
2025-04-05 09:28:31 - scraper_api - INFO - Cache set for key: restaurants_trikonbag rajkot with TTL: 3600 seconds.
2025-04-05 09:28:32 - scraper_api - INFO - Cache hit for key: schools_trikonbag rajkot
2025-04-05 09:28:32 - scraper_api - INFO - Returning cached data from Redis for schools in trikonbag rajkot.
2025-04-05 09:28:32 - scraper_api - INFO - Cache hit for key: hotels_trikonbag rajkot
2025-04-05 09:28:32 - scraper_api - INFO - Rate limiter: Current count for IP 192.168.207.101 is 12
2025-04-05 09:28:32 - scraper_api - INFO - Returning cached data from Redis for hotels in trikonbag rajkot.
2025-04-05 09:28:32 - scraper_api - INFO - API key validation successful.
2025-04-05 09:28:32 - scraper_api - INFO - Rate limiter: Current count for IP 192.168.207.101 is 13
2025-04-05 09:28:32 - scraper_api - INFO - API key validation successful.
2025-04-05 09:28:32 - scraper_api - INFO - Rate limiter: Current count for IP 192.168.207.101 is 14
2025-04-05 09:28:32 - scraper_api - INFO - API key validation successful.
2025-04-05 09:28:32 - scraper_api - INFO - Cache miss for key: cafes_trikonbag rajkot
2025-04-05 09:28:32 - scraper_api - ERROR - Error during scraping: 500: Scraper error: No scraper available for category cafes
Traceback (most recent call last):
  File "D:\Project\local-radar\backend\api\app\routes\api_routes.py", line 84, in scrape_data
    data = await asyncio.to_thread(get_scraped_data, category, location, **additional_params)
           ^^^^^^^^^^^^^^^^^^^^^^^^^^^^^^^^^^^^^^^^^^^^^^^^^^^^^^^^^^^^^^^^^^^^^^^^^^^^^^^^^^
  File "C:\Users\HP\AppData\Local\Programs\Python\Python313\Lib\asyncio\threads.py", line 25, in to_thread
    return await loop.run_in_executor(None, func_call)
           ^^^^^^^^^^^^^^^^^^^^^^^^^^^^^^^^^^^^^^^^^^^
  File "C:\Users\HP\AppData\Local\Programs\Python\Python313\Lib\concurrent\futures\thread.py", line 59, in run
    result = self.fn(*self.args, **self.kwargs)
  File "D:\Project\local-radar\backend\api\app\services\scraping_service.py", line 70, in get_scraped_data
    raise ScraperException(detail=f"No scraper available for category {category}")
app.core.exceptions.ScraperException: 500: Scraper error: No scraper available for category cafes
2025-04-05 09:28:32 - scraper_api - INFO - Cache hit for key: libraries_trikonbag rajkot
2025-04-05 09:28:32 - scraper_api - INFO - Returning cached data from Redis for libraries in trikonbag rajkot.
2025-04-05 09:28:32 - scraper_api - INFO - Cache hit for key: gyms_trikonbag rajkot
2025-04-05 09:28:32 - scraper_api - INFO - Returning cached data from Redis for gyms in trikonbag rajkot.
2025-04-05 09:28:33 - scraper_api - INFO - Data for restaurants in trikonbag rajkot is already up to date
2025-04-05 09:28:33 - scraper_api - INFO - Cache set for key: restaurants_trikonbag rajkot with TTL: 3600 seconds.
2025-04-05 09:32:16 - scraper_api - INFO - Rate limiter: Current count for IP 192.168.207.101 is 1
2025-04-05 09:32:16 - scraper_api - INFO - API key validation successful.
2025-04-05 09:32:16 - scraper_api - INFO - Rate limiter: Current count for IP 192.168.207.101 is 2
2025-04-05 09:32:16 - scraper_api - INFO - API key validation successful.
2025-04-05 09:32:18 - scraper_api - INFO - Cache miss for key: coffeeshops_trikonbag rajkot
2025-04-05 09:32:18 - scraper_api - INFO - Cache miss for key: coffeeshops_trikonbag rajkot
2025-04-05 09:32:22 - scraper_api - INFO - Inserted/updated data for coffeeshops in trikonbag rajkot
2025-04-05 09:32:22 - scraper_api - INFO - Data for coffeeshops in trikonbag rajkot is already up to date
2025-04-05 09:32:23 - scraper_api - INFO - Cache set for key: coffeeshops_trikonbag rajkot with TTL: 3600 seconds.
2025-04-05 09:32:23 - scraper_api - INFO - Cache set for key: coffeeshops_trikonbag rajkot with TTL: 3600 seconds.
2025-04-05 09:32:25 - scraper_api - INFO - Rate limiter: Current count for IP 192.168.207.101 is 3
2025-04-05 09:32:25 - scraper_api - INFO - API key validation successful.
2025-04-05 09:32:25 - scraper_api - INFO - Cache hit for key: coffeeshops_trikonbag rajkot
2025-04-05 09:32:25 - scraper_api - INFO - Returning cached data from Redis for coffeeshops in trikonbag rajkot.
2025-04-05 09:39:47 - scraper_api - INFO - Application shutdown initiated.
2025-04-05 09:46:51 - scraper_api - WARNING - Module app.scrapers.scraper_config does not have a 'main' function and was skipped.
2025-04-05 09:46:51 - scraper_api - WARNING - Module app.scrapers._common does not have a 'main' function and was skipped.
2025-04-05 09:46:52 - scraper_api - INFO - Loaded scraper module: app.scrapers.amusementparks.amusementparks as key: amusementparks
2025-04-05 09:46:52 - scraper_api - INFO - Loaded scraper module: app.scrapers.bakeries.bakeries as key: bakeries
2025-04-05 09:46:52 - scraper_api - INFO - Loaded scraper module: app.scrapers.bars.bars as key: bars
2025-04-05 09:46:52 - scraper_api - INFO - Loaded scraper module: app.scrapers.beaches.beaches as key: beaches
2025-04-05 09:46:52 - scraper_api - INFO - Loaded scraper module: app.scrapers.bookstores.bookstores as key: bookstores
2025-04-05 09:46:52 - scraper_api - INFO - Loaded scraper module: app.scrapers.carrepairservices.carrepairservices as key: carrepairservices
2025-04-05 09:46:52 - scraper_api - INFO - Loaded scraper module: app.scrapers.cinemas.cinemas as key: cinemas
2025-04-05 09:46:52 - scraper_api - INFO - Loaded scraper module: app.scrapers.clinics.clinics as key: clinics
2025-04-05 09:46:52 - scraper_api - INFO - Loaded scraper module: app.scrapers.clothingstores.clothingstores as key: clothingstores
2025-04-05 09:46:52 - scraper_api - INFO - Loaded scraper module: app.scrapers.coachingcenters.coachingcenters as key: coachingcenters
2025-04-05 09:46:52 - scraper_api - INFO - Loaded scraper module: app.scrapers.coffeeshops.coffeeshops as key: coffeeshops
2025-04-05 09:46:52 - scraper_api - INFO - Loaded scraper module: app.scrapers.colleges.colleges as key: colleges
2025-04-05 09:46:52 - scraper_api - INFO - Loaded scraper module: app.scrapers.dentists.dentists as key: dentists
2025-04-05 09:46:52 - scraper_api - INFO - Loaded scraper module: app.scrapers.electronicstores.electronicstores as key: electronicstores
2025-04-05 09:46:52 - scraper_api - INFO - Loaded scraper module: app.scrapers.eyecarecenters.eyecarecenters as key: eyecarecenters
2025-04-05 09:46:52 - scraper_api - INFO - Loaded scraper module: app.scrapers.fastfood.fastfood as key: fastfood
2025-04-05 09:46:52 - scraper_api - INFO - Loaded scraper module: app.scrapers.firestation.firestation as key: firestation
2025-04-05 09:46:52 - scraper_api - INFO - Loaded scraper module: app.scrapers.furniturestores.furniturestores as key: furniturestores
2025-04-05 09:46:52 - scraper_api - INFO - Loaded scraper module: app.scrapers.grocerystore.grocerystore as key: grocerystore
2025-04-05 09:46:52 - scraper_api - INFO - Loaded scraper module: app.scrapers.gyms.gyms as key: gyms
2025-04-05 09:46:52 - scraper_api - INFO - Loaded scraper module: app.scrapers.hospitals.hospitals as key: hospitals
2025-04-05 09:46:52 - scraper_api - INFO - Loaded scraper module: app.scrapers.hostels.hostels as key: hostels
2025-04-05 09:46:52 - scraper_api - INFO - Loaded scraper module: app.scrapers.hotels.hotels as key: hotels
2025-04-05 09:46:52 - scraper_api - INFO - Loaded scraper module: app.scrapers.jewelryshops.jewelryshops as key: jewelryshops
2025-04-05 09:46:52 - scraper_api - INFO - Loaded scraper module: app.scrapers.jobs.apna as key: apna
2025-04-05 09:46:52 - scraper_api - INFO - Loaded scraper module: app.scrapers.jobs.naukri as key: naukri
2025-04-05 09:46:52 - scraper_api - INFO - Loaded scraper module: app.scrapers.jobs.shine as key: shine
2025-04-05 09:46:53 - scraper_api - INFO - Loaded scraper module: app.scrapers.libraries.libraries as key: libraries
2025-04-05 09:46:53 - scraper_api - INFO - Loaded scraper module: app.scrapers.museums.museums as key: museums
2025-04-05 09:46:53 - scraper_api - INFO - Loaded scraper module: app.scrapers.musicdanceacademies.musicdanceacademies as key: musicdanceacademies
2025-04-05 09:46:53 - scraper_api - INFO - Loaded scraper module: app.scrapers.news.indiatoday as key: indiatoday
2025-04-05 09:46:53 - scraper_api - INFO - Loaded scraper module: app.scrapers.nightclubs.nightclubs as key: nightclubs
2025-04-05 09:46:53 - scraper_api - INFO - Loaded scraper module: app.scrapers.parks.parks as key: parks
2025-04-05 09:46:53 - scraper_api - INFO - Loaded scraper module: app.scrapers.policestations.policestations as key: policestations
2025-04-05 09:46:53 - scraper_api - INFO - Loaded scraper module: app.scrapers.publictransport.publictransport as key: publictransport
2025-04-05 09:46:53 - scraper_api - INFO - Loaded scraper module: app.scrapers.restaurant.restaurants as key: restaurants
2025-04-05 09:46:53 - scraper_api - INFO - Loaded scraper module: app.scrapers.salons.salons as key: salons
2025-04-05 09:46:53 - scraper_api - INFO - Loaded scraper module: app.scrapers.schools.schools as key: schools
2025-04-05 09:46:53 - scraper_api - INFO - Loaded scraper module: app.scrapers.shoppingmalls.shoppingmalls as key: shoppingmalls
2025-04-05 09:46:53 - scraper_api - INFO - Loaded scraper module: app.scrapers.sportsclubs.sportsclubs as key: sportsclubs
2025-04-05 09:46:53 - scraper_api - INFO - Loaded scraper module: app.scrapers.supermarkets.supermarkets as key: supermarkets
2025-04-05 09:46:53 - scraper_api - INFO - Loaded scraper module: app.scrapers.temples.temples as key: temples
2025-04-05 09:46:53 - scraper_api - INFO - Loaded scraper module: app.scrapers.weather.weather as key: weather
2025-04-05 09:46:53 - scraper_api - INFO - Loaded scraper module: app.scrapers.yogacenters.yogacenters as key: yogacenters
2025-04-05 09:46:54 - scraper_api - INFO - Connected to Redis successfully.
2025-04-05 09:46:54 - scraper_api - INFO - Connected to MongoDB: LOCAL_RADAR
2025-04-05 09:46:54 - scraper_api - INFO - Celery app created with broker: rediss://:ATytAAIjcDE4ZDY4M2VkOTZkNWM0NTA4YTI5OWRjOTNlMjI0OGRhOHAxMA@regular-mule-15533.upstash.io:6379
2025-04-05 09:46:54 - scraper_api - INFO - Celery configuration updated.
2025-04-05 09:46:54 - scraper_api - INFO - Application startup initiated.
2025-04-05 09:46:58 - scraper_api - INFO - Rate limiter: Current count for IP 192.168.207.101 is 1
2025-04-05 09:46:58 - scraper_api - INFO - API key validation successful.
2025-04-05 09:47:01 - scraper_api - INFO - Cache miss for key: parks_trikonbag rajkot
2025-04-05 09:47:03 - scraper_api - INFO - Inserted/updated data for parks in trikonbag rajkot
2025-04-05 09:47:03 - scraper_api - INFO - Cache set for key: parks_trikonbag rajkot with TTL: 3600 seconds.
2025-04-05 10:17:08 - scraper_api - INFO - Rate limiter: Current count for IP 192.168.207.101 is 2
2025-04-05 10:17:08 - scraper_api - INFO - API key validation successful.
2025-04-05 10:17:08 - scraper_api - INFO - Rate limiter: Current count for IP 192.168.207.101 is 1
2025-04-05 10:17:08 - scraper_api - INFO - API key validation successful.
2025-04-05 10:17:08 - scraper_api - INFO - Rate limiter: Current count for IP 192.168.207.101 is 4
2025-04-05 10:17:08 - scraper_api - INFO - API key validation successful.
2025-04-05 10:17:08 - scraper_api - INFO - Rate limiter: Current count for IP 192.168.207.101 is 5
2025-04-05 10:17:08 - scraper_api - INFO - API key validation successful.
2025-04-05 10:17:08 - scraper_api - INFO - Rate limiter: Current count for IP 192.168.207.101 is 3
2025-04-05 10:17:08 - scraper_api - INFO - API key validation successful.
2025-04-05 10:17:08 - scraper_api - INFO - Rate limiter: Current count for IP 192.168.207.101 is 6
2025-04-05 10:17:08 - scraper_api - INFO - API key validation successful.
2025-04-05 10:17:09 - scraper_api - INFO - Cache miss for key: gyms_rajkot
2025-04-05 10:17:09 - scraper_api - INFO - Cache miss for key: hotels_rajkot
2025-04-05 10:17:09 - scraper_api - INFO - Cache miss for key: cafes_rajkot
2025-04-05 10:17:09 - scraper_api - INFO - Cache miss for key: restaurants_rajkot
2025-04-05 10:17:09 - scraper_api - INFO - Returning fresh data from MongoDB for gyms in rajkot.
2025-04-05 10:17:09 - scraper_api - INFO - Returning fresh data from MongoDB for hotels in rajkot.
2025-04-05 10:17:09 - scraper_api - INFO - Returning fresh data from MongoDB for restaurants in rajkot.
2025-04-05 10:17:09 - scraper_api - ERROR - Error during scraping: 500: Scraper error: No scraper available for category cafes
Traceback (most recent call last):
  File "D:\Project\local-radar\backend\api\app\routes\api_routes.py", line 84, in scrape_data
    data = await asyncio.to_thread(get_scraped_data, category, location, **additional_params)
           ^^^^^^^^^^^^^^^^^^^^^^^^^^^^^^^^^^^^^^^^^^^^^^^^^^^^^^^^^^^^^^^^^^^^^^^^^^^^^^^^^^
  File "C:\Users\HP\AppData\Local\Programs\Python\Python313\Lib\asyncio\threads.py", line 25, in to_thread
    return await loop.run_in_executor(None, func_call)
           ^^^^^^^^^^^^^^^^^^^^^^^^^^^^^^^^^^^^^^^^^^^
  File "C:\Users\HP\AppData\Local\Programs\Python\Python313\Lib\concurrent\futures\thread.py", line 59, in run
    result = self.fn(*self.args, **self.kwargs)
  File "D:\Project\local-radar\backend\api\app\services\scraping_service.py", line 70, in get_scraped_data
    raise ScraperException(detail=f"No scraper available for category {category}")
app.core.exceptions.ScraperException: 500: Scraper error: No scraper available for category cafes
2025-04-05 10:17:10 - scraper_api - INFO - Cache set for key: gyms_rajkot with TTL: 3600 seconds.
2025-04-05 10:17:10 - scraper_api - INFO - Cache set for key: restaurants_rajkot with TTL: 3600 seconds.
2025-04-05 10:17:10 - scraper_api - INFO - Cache set for key: hotels_rajkot with TTL: 3600 seconds.
2025-04-05 10:17:10 - scraper_api - INFO - Cache miss for key: schools_rajkot
2025-04-05 10:17:10 - scraper_api - INFO - Returning fresh data from MongoDB for schools in rajkot.
2025-04-05 10:17:10 - scraper_api - INFO - Cache miss for key: libraries_rajkot
2025-04-05 10:17:10 - scraper_api - INFO - Cache set for key: schools_rajkot with TTL: 3600 seconds.
2025-04-05 10:17:10 - scraper_api - INFO - Returning fresh data from MongoDB for libraries in rajkot.
2025-04-05 10:17:10 - scraper_api - INFO - Cache set for key: libraries_rajkot with TTL: 3600 seconds.
2025-04-05 10:17:10 - scraper_api - INFO - Rate limiter: Current count for IP 192.168.207.101 is 7
2025-04-05 10:17:10 - scraper_api - INFO - API key validation successful.
2025-04-05 10:17:10 - scraper_api - INFO - Rate limiter: Current count for IP 192.168.207.101 is 9
2025-04-05 10:17:10 - scraper_api - INFO - API key validation successful.
2025-04-05 10:17:10 - scraper_api - INFO - Rate limiter: Current count for IP 192.168.207.101 is 8
2025-04-05 10:17:10 - scraper_api - INFO - API key validation successful.
2025-04-05 10:17:10 - scraper_api - INFO - Rate limiter: Current count for IP 192.168.207.101 is 10
2025-04-05 10:17:10 - scraper_api - INFO - API key validation successful.
2025-04-05 10:17:11 - scraper_api - INFO - Cache hit for key: hotels_rajkot
2025-04-05 10:17:11 - scraper_api - INFO - Cache miss for key: cafes_rajkot
2025-04-05 10:17:11 - scraper_api - INFO - Cache hit for key: schools_rajkot
2025-04-05 10:17:11 - scraper_api - INFO - Cache hit for key: restaurants_rajkot
2025-04-05 10:17:11 - scraper_api - INFO - Rate limiter: Current count for IP 192.168.207.101 is 11
2025-04-05 10:17:11 - scraper_api - INFO - Returning cached data from Redis for hotels in rajkot.
2025-04-05 10:17:11 - scraper_api - INFO - Returning cached data from Redis for schools in rajkot.
2025-04-05 10:17:11 - scraper_api - INFO - Returning cached data from Redis for restaurants in rajkot.
2025-04-05 10:17:11 - scraper_api - INFO - API key validation successful.
2025-04-05 10:17:11 - scraper_api - ERROR - Error during scraping: 500: Scraper error: No scraper available for category cafes
Traceback (most recent call last):
  File "D:\Project\local-radar\backend\api\app\routes\api_routes.py", line 84, in scrape_data
    data = await asyncio.to_thread(get_scraped_data, category, location, **additional_params)
           ^^^^^^^^^^^^^^^^^^^^^^^^^^^^^^^^^^^^^^^^^^^^^^^^^^^^^^^^^^^^^^^^^^^^^^^^^^^^^^^^^^
  File "C:\Users\HP\AppData\Local\Programs\Python\Python313\Lib\asyncio\threads.py", line 25, in to_thread
    return await loop.run_in_executor(None, func_call)
           ^^^^^^^^^^^^^^^^^^^^^^^^^^^^^^^^^^^^^^^^^^^
  File "C:\Users\HP\AppData\Local\Programs\Python\Python313\Lib\concurrent\futures\thread.py", line 59, in run
    result = self.fn(*self.args, **self.kwargs)
  File "D:\Project\local-radar\backend\api\app\services\scraping_service.py", line 70, in get_scraped_data
    raise ScraperException(detail=f"No scraper available for category {category}")
app.core.exceptions.ScraperException: 500: Scraper error: No scraper available for category cafes
2025-04-05 10:17:11 - scraper_api - INFO - Cache hit for key: libraries_rajkot
2025-04-05 10:17:11 - scraper_api - INFO - Rate limiter: Current count for IP 192.168.207.101 is 12
2025-04-05 10:17:11 - scraper_api - INFO - Returning cached data from Redis for libraries in rajkot.
2025-04-05 10:17:11 - scraper_api - INFO - API key validation successful.
2025-04-05 10:17:11 - scraper_api - INFO - Cache hit for key: gyms_rajkot
2025-04-05 10:17:11 - scraper_api - INFO - Returning cached data from Redis for gyms in rajkot.
2025-04-05 10:19:53 - scraper_api - INFO - Rate limiter: Current count for IP 192.168.207.101 is 3
2025-04-05 10:19:53 - scraper_api - INFO - API key validation successful.
2025-04-05 10:19:53 - scraper_api - INFO - Rate limiter: Current count for IP 192.168.207.101 is 2
2025-04-05 10:19:53 - scraper_api - INFO - API key validation successful.
2025-04-05 10:19:53 - scraper_api - INFO - Rate limiter: Current count for IP 192.168.207.101 is 5
2025-04-05 10:19:53 - scraper_api - INFO - API key validation successful.
2025-04-05 10:19:53 - scraper_api - INFO - Rate limiter: Current count for IP 192.168.207.101 is 4
2025-04-05 10:19:53 - scraper_api - INFO - API key validation successful.
2025-04-05 10:19:53 - scraper_api - INFO - Rate limiter: Current count for IP 192.168.207.101 is 1
2025-04-05 10:19:53 - scraper_api - INFO - API key validation successful.
2025-04-05 10:19:53 - scraper_api - INFO - Rate limiter: Current count for IP 192.168.207.101 is 6
2025-04-05 10:19:53 - scraper_api - INFO - API key validation successful.
2025-04-05 10:19:54 - scraper_api - INFO - Cache hit for key: hotels_rajkot
2025-04-05 10:19:54 - scraper_api - INFO - Returning cached data from Redis for hotels in rajkot.
2025-04-05 10:19:54 - scraper_api - INFO - Cache hit for key: schools_rajkot
2025-04-05 10:19:54 - scraper_api - INFO - Cache miss for key: cafes_rajkot
2025-04-05 10:19:54 - scraper_api - INFO - Cache hit for key: libraries_rajkot
2025-04-05 10:19:54 - scraper_api - INFO - Cache hit for key: gyms_rajkot
2025-04-05 10:19:54 - scraper_api - INFO - Cache hit for key: restaurants_rajkot
2025-04-05 10:19:54 - scraper_api - INFO - Returning cached data from Redis for schools in rajkot.
2025-04-05 10:19:54 - scraper_api - INFO - Returning cached data from Redis for libraries in rajkot.
2025-04-05 10:19:54 - scraper_api - INFO - Returning cached data from Redis for gyms in rajkot.
2025-04-05 10:19:54 - scraper_api - INFO - Returning cached data from Redis for restaurants in rajkot.
2025-04-05 10:19:54 - scraper_api - ERROR - Error during scraping: 500: Scraper error: No scraper available for category cafes
Traceback (most recent call last):
  File "D:\Project\local-radar\backend\api\app\routes\api_routes.py", line 84, in scrape_data
    data = await asyncio.to_thread(get_scraped_data, category, location, **additional_params)
           ^^^^^^^^^^^^^^^^^^^^^^^^^^^^^^^^^^^^^^^^^^^^^^^^^^^^^^^^^^^^^^^^^^^^^^^^^^^^^^^^^^
  File "C:\Users\HP\AppData\Local\Programs\Python\Python313\Lib\asyncio\threads.py", line 25, in to_thread
    return await loop.run_in_executor(None, func_call)
           ^^^^^^^^^^^^^^^^^^^^^^^^^^^^^^^^^^^^^^^^^^^
  File "C:\Users\HP\AppData\Local\Programs\Python\Python313\Lib\concurrent\futures\thread.py", line 59, in run
    result = self.fn(*self.args, **self.kwargs)
  File "D:\Project\local-radar\backend\api\app\services\scraping_service.py", line 70, in get_scraped_data
    raise ScraperException(detail=f"No scraper available for category {category}")
app.core.exceptions.ScraperException: 500: Scraper error: No scraper available for category cafes
2025-04-05 10:19:54 - scraper_api - INFO - Rate limiter: Current count for IP 192.168.207.101 is 7
2025-04-05 10:19:54 - scraper_api - INFO - API key validation successful.
2025-04-05 10:19:54 - scraper_api - INFO - Rate limiter: Current count for IP 192.168.207.101 is 8
2025-04-05 10:19:54 - scraper_api - INFO - API key validation successful.
2025-04-05 10:19:54 - scraper_api - INFO - Rate limiter: Current count for IP 192.168.207.101 is 9
2025-04-05 10:19:54 - scraper_api - INFO - API key validation successful.
2025-04-05 10:19:54 - scraper_api - INFO - Rate limiter: Current count for IP 192.168.207.101 is 10
2025-04-05 10:19:54 - scraper_api - INFO - API key validation successful.
2025-04-05 10:19:54 - scraper_api - INFO - Rate limiter: Current count for IP 192.168.207.101 is 11
2025-04-05 10:19:54 - scraper_api - INFO - API key validation successful.
2025-04-05 10:19:54 - scraper_api - INFO - Rate limiter: Current count for IP 192.168.207.101 is 12
2025-04-05 10:19:54 - scraper_api - INFO - API key validation successful.
2025-04-05 10:19:55 - scraper_api - INFO - Cache hit for key: restaurants_rajkot
2025-04-05 10:19:55 - scraper_api - INFO - Cache hit for key: libraries_rajkot
2025-04-05 10:19:55 - scraper_api - INFO - Cache hit for key: schools_rajkot
2025-04-05 10:19:55 - scraper_api - INFO - Cache miss for key: cafes_rajkot
2025-04-05 10:19:55 - scraper_api - INFO - Returning cached data from Redis for restaurants in rajkot.
2025-04-05 10:19:55 - scraper_api - INFO - Returning cached data from Redis for libraries in rajkot.
2025-04-05 10:19:55 - scraper_api - INFO - Returning cached data from Redis for schools in rajkot.
2025-04-05 10:19:55 - scraper_api - INFO - Cache hit for key: hotels_rajkot
2025-04-05 10:19:55 - scraper_api - INFO - Cache hit for key: gyms_rajkot
2025-04-05 10:19:55 - scraper_api - INFO - Returning cached data from Redis for hotels in rajkot.
2025-04-05 10:19:55 - scraper_api - INFO - Returning cached data from Redis for gyms in rajkot.
2025-04-05 10:19:55 - scraper_api - ERROR - Error during scraping: 500: Scraper error: No scraper available for category cafes
Traceback (most recent call last):
  File "D:\Project\local-radar\backend\api\app\routes\api_routes.py", line 84, in scrape_data
    data = await asyncio.to_thread(get_scraped_data, category, location, **additional_params)
           ^^^^^^^^^^^^^^^^^^^^^^^^^^^^^^^^^^^^^^^^^^^^^^^^^^^^^^^^^^^^^^^^^^^^^^^^^^^^^^^^^^
  File "C:\Users\HP\AppData\Local\Programs\Python\Python313\Lib\asyncio\threads.py", line 25, in to_thread
    return await loop.run_in_executor(None, func_call)
           ^^^^^^^^^^^^^^^^^^^^^^^^^^^^^^^^^^^^^^^^^^^
  File "C:\Users\HP\AppData\Local\Programs\Python\Python313\Lib\concurrent\futures\thread.py", line 59, in run
    result = self.fn(*self.args, **self.kwargs)
  File "D:\Project\local-radar\backend\api\app\services\scraping_service.py", line 70, in get_scraped_data
    raise ScraperException(detail=f"No scraper available for category {category}")
app.core.exceptions.ScraperException: 500: Scraper error: No scraper available for category cafes
2025-04-05 10:20:58 - scraper_api - INFO - Rate limiter: Current count for IP 192.168.207.101 is 1
2025-04-05 10:20:58 - scraper_api - INFO - API key validation successful.
2025-04-05 10:20:58 - scraper_api - INFO - Rate limiter: Current count for IP 192.168.207.101 is 3
2025-04-05 10:20:58 - scraper_api - INFO - API key validation successful.
2025-04-05 10:20:58 - scraper_api - INFO - Rate limiter: Current count for IP 192.168.207.101 is 5
2025-04-05 10:20:58 - scraper_api - INFO - API key validation successful.
2025-04-05 10:20:58 - scraper_api - INFO - Rate limiter: Current count for IP 192.168.207.101 is 2
2025-04-05 10:20:58 - scraper_api - INFO - API key validation successful.
2025-04-05 10:20:58 - scraper_api - INFO - Rate limiter: Current count for IP 192.168.207.101 is 4
2025-04-05 10:20:58 - scraper_api - INFO - API key validation successful.
2025-04-05 10:20:58 - scraper_api - INFO - Rate limiter: Current count for IP 192.168.207.101 is 6
2025-04-05 10:20:58 - scraper_api - INFO - API key validation successful.
2025-04-05 10:20:59 - scraper_api - INFO - Cache hit for key: libraries_rajkot
2025-04-05 10:20:59 - scraper_api - INFO - Returning cached data from Redis for libraries in rajkot.
2025-04-05 10:20:59 - scraper_api - INFO - Cache hit for key: restaurants_rajkot
2025-04-05 10:20:59 - scraper_api - INFO - Cache miss for key: cafes_rajkot
2025-04-05 10:20:59 - scraper_api - INFO - Cache hit for key: hotels_rajkot
2025-04-05 10:20:59 - scraper_api - INFO - Cache hit for key: schools_rajkot
2025-04-05 10:20:59 - scraper_api - INFO - Returning cached data from Redis for restaurants in rajkot.
2025-04-05 10:20:59 - scraper_api - INFO - Cache hit for key: gyms_rajkot
2025-04-05 10:20:59 - scraper_api - INFO - Returning cached data from Redis for hotels in rajkot.
2025-04-05 10:20:59 - scraper_api - INFO - Returning cached data from Redis for schools in rajkot.
2025-04-05 10:20:59 - scraper_api - INFO - Returning cached data from Redis for gyms in rajkot.
2025-04-05 10:20:59 - scraper_api - ERROR - Error during scraping: 500: Scraper error: No scraper available for category cafes
Traceback (most recent call last):
  File "D:\Project\local-radar\backend\api\app\routes\api_routes.py", line 84, in scrape_data
    data = await asyncio.to_thread(get_scraped_data, category, location, **additional_params)
           ^^^^^^^^^^^^^^^^^^^^^^^^^^^^^^^^^^^^^^^^^^^^^^^^^^^^^^^^^^^^^^^^^^^^^^^^^^^^^^^^^^
  File "C:\Users\HP\AppData\Local\Programs\Python\Python313\Lib\asyncio\threads.py", line 25, in to_thread
    return await loop.run_in_executor(None, func_call)
           ^^^^^^^^^^^^^^^^^^^^^^^^^^^^^^^^^^^^^^^^^^^
  File "C:\Users\HP\AppData\Local\Programs\Python\Python313\Lib\concurrent\futures\thread.py", line 59, in run
    result = self.fn(*self.args, **self.kwargs)
  File "D:\Project\local-radar\backend\api\app\services\scraping_service.py", line 70, in get_scraped_data
    raise ScraperException(detail=f"No scraper available for category {category}")
app.core.exceptions.ScraperException: 500: Scraper error: No scraper available for category cafes
2025-04-05 10:20:59 - scraper_api - INFO - Rate limiter: Current count for IP 192.168.207.101 is 7
2025-04-05 10:20:59 - scraper_api - INFO - API key validation successful.
2025-04-05 10:20:59 - scraper_api - INFO - Rate limiter: Current count for IP 192.168.207.101 is 8
2025-04-05 10:20:59 - scraper_api - INFO - API key validation successful.
2025-04-05 10:20:59 - scraper_api - INFO - Rate limiter: Current count for IP 192.168.207.101 is 11
2025-04-05 10:20:59 - scraper_api - INFO - API key validation successful.
2025-04-05 10:20:59 - scraper_api - INFO - Rate limiter: Current count for IP 192.168.207.101 is 9
2025-04-05 10:20:59 - scraper_api - INFO - API key validation successful.
2025-04-05 10:20:59 - scraper_api - INFO - Rate limiter: Current count for IP 192.168.207.101 is 10
2025-04-05 10:20:59 - scraper_api - INFO - API key validation successful.
2025-04-05 10:20:59 - scraper_api - INFO - Rate limiter: Current count for IP 192.168.207.101 is 12
2025-04-05 10:20:59 - scraper_api - INFO - API key validation successful.
2025-04-05 10:20:59 - scraper_api - INFO - Cache hit for key: restaurants_rajkot
2025-04-05 10:20:59 - scraper_api - INFO - Returning cached data from Redis for restaurants in rajkot.
2025-04-05 10:21:00 - scraper_api - INFO - Cache hit for key: hotels_rajkot
2025-04-05 10:21:00 - scraper_api - INFO - Returning cached data from Redis for hotels in rajkot.
2025-04-05 10:21:00 - scraper_api - INFO - Cache miss for key: cafes_rajkot
2025-04-05 10:21:00 - scraper_api - INFO - Cache hit for key: libraries_rajkot
2025-04-05 10:21:00 - scraper_api - INFO - Returning cached data from Redis for libraries in rajkot.
2025-04-05 10:21:00 - scraper_api - INFO - Cache hit for key: schools_rajkot
2025-04-05 10:21:00 - scraper_api - INFO - Cache hit for key: gyms_rajkot
2025-04-05 10:21:00 - scraper_api - INFO - Returning cached data from Redis for schools in rajkot.
2025-04-05 10:21:00 - scraper_api - ERROR - Error during scraping: 500: Scraper error: No scraper available for category cafes
Traceback (most recent call last):
  File "D:\Project\local-radar\backend\api\app\routes\api_routes.py", line 84, in scrape_data
    data = await asyncio.to_thread(get_scraped_data, category, location, **additional_params)
           ^^^^^^^^^^^^^^^^^^^^^^^^^^^^^^^^^^^^^^^^^^^^^^^^^^^^^^^^^^^^^^^^^^^^^^^^^^^^^^^^^^
  File "C:\Users\HP\AppData\Local\Programs\Python\Python313\Lib\asyncio\threads.py", line 25, in to_thread
    return await loop.run_in_executor(None, func_call)
           ^^^^^^^^^^^^^^^^^^^^^^^^^^^^^^^^^^^^^^^^^^^
  File "C:\Users\HP\AppData\Local\Programs\Python\Python313\Lib\concurrent\futures\thread.py", line 59, in run
    result = self.fn(*self.args, **self.kwargs)
  File "D:\Project\local-radar\backend\api\app\services\scraping_service.py", line 70, in get_scraped_data
    raise ScraperException(detail=f"No scraper available for category {category}")
app.core.exceptions.ScraperException: 500: Scraper error: No scraper available for category cafes
2025-04-05 10:21:00 - scraper_api - INFO - Returning cached data from Redis for gyms in rajkot.
2025-04-05 10:21:25 - scraper_api - INFO - Rate limiter: Current count for IP 192.168.207.101 is 13
2025-04-05 10:21:25 - scraper_api - INFO - API key validation successful.
2025-04-05 10:21:25 - scraper_api - INFO - Rate limiter: Current count for IP 192.168.207.101 is 14
2025-04-05 10:21:25 - scraper_api - INFO - API key validation successful.
2025-04-05 10:21:25 - scraper_api - INFO - Rate limiter: Current count for IP 192.168.207.101 is 15
2025-04-05 10:21:25 - scraper_api - INFO - API key validation successful.
2025-04-05 10:21:25 - scraper_api - INFO - Rate limiter: Current count for IP 192.168.207.101 is 17
2025-04-05 10:21:25 - scraper_api - INFO - API key validation successful.
2025-04-05 10:21:25 - scraper_api - INFO - Rate limiter: Current count for IP 192.168.207.101 is 16
2025-04-05 10:21:25 - scraper_api - INFO - API key validation successful.
2025-04-05 10:21:25 - scraper_api - INFO - Rate limiter: Current count for IP 192.168.207.101 is 18
2025-04-05 10:21:25 - scraper_api - INFO - API key validation successful.
2025-04-05 10:21:25 - scraper_api - INFO - Cache hit for key: restaurants_rajkot
2025-04-05 10:21:25 - scraper_api - INFO - Returning cached data from Redis for restaurants in rajkot.
2025-04-05 10:21:25 - scraper_api - INFO - Cache miss for key: cafes_rajkot
2025-04-05 10:21:25 - scraper_api - ERROR - Error during scraping: 500: Scraper error: No scraper available for category cafes
Traceback (most recent call last):
  File "D:\Project\local-radar\backend\api\app\routes\api_routes.py", line 84, in scrape_data
    data = await asyncio.to_thread(get_scraped_data, category, location, **additional_params)
           ^^^^^^^^^^^^^^^^^^^^^^^^^^^^^^^^^^^^^^^^^^^^^^^^^^^^^^^^^^^^^^^^^^^^^^^^^^^^^^^^^^
  File "C:\Users\HP\AppData\Local\Programs\Python\Python313\Lib\asyncio\threads.py", line 25, in to_thread
    return await loop.run_in_executor(None, func_call)
           ^^^^^^^^^^^^^^^^^^^^^^^^^^^^^^^^^^^^^^^^^^^
  File "C:\Users\HP\AppData\Local\Programs\Python\Python313\Lib\concurrent\futures\thread.py", line 59, in run
    result = self.fn(*self.args, **self.kwargs)
  File "D:\Project\local-radar\backend\api\app\services\scraping_service.py", line 70, in get_scraped_data
    raise ScraperException(detail=f"No scraper available for category {category}")
app.core.exceptions.ScraperException: 500: Scraper error: No scraper available for category cafes
2025-04-05 10:21:25 - scraper_api - INFO - Cache hit for key: schools_rajkot
2025-04-05 10:21:25 - scraper_api - INFO - Returning cached data from Redis for schools in rajkot.
2025-04-05 10:21:25 - scraper_api - INFO - Cache hit for key: libraries_rajkot
2025-04-05 10:21:25 - scraper_api - INFO - Returning cached data from Redis for libraries in rajkot.
2025-04-05 10:21:25 - scraper_api - INFO - Cache hit for key: hotels_rajkot
2025-04-05 10:21:25 - scraper_api - INFO - Cache hit for key: gyms_rajkot
2025-04-05 10:21:25 - scraper_api - INFO - Returning cached data from Redis for hotels in rajkot.
2025-04-05 10:21:25 - scraper_api - INFO - Returning cached data from Redis for gyms in rajkot.
2025-04-05 10:21:26 - scraper_api - INFO - Rate limiter: Current count for IP 192.168.207.101 is 22
2025-04-05 10:21:26 - scraper_api - INFO - API key validation successful.
2025-04-05 10:21:26 - scraper_api - INFO - Rate limiter: Current count for IP 192.168.207.101 is 19
2025-04-05 10:21:26 - scraper_api - INFO - API key validation successful.
2025-04-05 10:21:26 - scraper_api - INFO - Rate limiter: Current count for IP 192.168.207.101 is 20
2025-04-05 10:21:26 - scraper_api - INFO - API key validation successful.
2025-04-05 10:21:26 - scraper_api - INFO - Rate limiter: Current count for IP 192.168.207.101 is 21
2025-04-05 10:21:26 - scraper_api - INFO - API key validation successful.
2025-04-05 10:21:26 - scraper_api - INFO - Rate limiter: Current count for IP 192.168.207.101 is 23
2025-04-05 10:21:26 - scraper_api - INFO - API key validation successful.
2025-04-05 10:21:26 - scraper_api - INFO - Rate limiter: Current count for IP 192.168.207.101 is 24
2025-04-05 10:21:26 - scraper_api - INFO - API key validation successful.
2025-04-05 10:21:26 - scraper_api - INFO - Cache hit for key: hotels_rajkot
2025-04-05 10:21:26 - scraper_api - INFO - Returning cached data from Redis for hotels in rajkot.
2025-04-05 10:21:26 - scraper_api - INFO - Cache hit for key: schools_rajkot
2025-04-05 10:21:26 - scraper_api - INFO - Cache miss for key: cafes_rajkot
2025-04-05 10:21:26 - scraper_api - INFO - Returning cached data from Redis for schools in rajkot.
2025-04-05 10:21:26 - scraper_api - INFO - Cache hit for key: gyms_rajkot
2025-04-05 10:21:26 - scraper_api - INFO - Cache hit for key: restaurants_rajkot
2025-04-05 10:21:26 - scraper_api - INFO - Cache hit for key: libraries_rajkot
2025-04-05 10:21:26 - scraper_api - INFO - Returning cached data from Redis for gyms in rajkot.
2025-04-05 10:21:26 - scraper_api - INFO - Returning cached data from Redis for restaurants in rajkot.
2025-04-05 10:21:26 - scraper_api - ERROR - Error during scraping: 500: Scraper error: No scraper available for category cafes
Traceback (most recent call last):
  File "D:\Project\local-radar\backend\api\app\routes\api_routes.py", line 84, in scrape_data
    data = await asyncio.to_thread(get_scraped_data, category, location, **additional_params)
           ^^^^^^^^^^^^^^^^^^^^^^^^^^^^^^^^^^^^^^^^^^^^^^^^^^^^^^^^^^^^^^^^^^^^^^^^^^^^^^^^^^
  File "C:\Users\HP\AppData\Local\Programs\Python\Python313\Lib\asyncio\threads.py", line 25, in to_thread
    return await loop.run_in_executor(None, func_call)
           ^^^^^^^^^^^^^^^^^^^^^^^^^^^^^^^^^^^^^^^^^^^
  File "C:\Users\HP\AppData\Local\Programs\Python\Python313\Lib\concurrent\futures\thread.py", line 59, in run
    result = self.fn(*self.args, **self.kwargs)
  File "D:\Project\local-radar\backend\api\app\services\scraping_service.py", line 70, in get_scraped_data
    raise ScraperException(detail=f"No scraper available for category {category}")
app.core.exceptions.ScraperException: 500: Scraper error: No scraper available for category cafes
2025-04-05 10:21:26 - scraper_api - INFO - Returning cached data from Redis for libraries in rajkot.
2025-04-05 10:21:45 - scraper_api - INFO - Rate limiter: Current count for IP 192.168.207.101 is 25
2025-04-05 10:21:45 - scraper_api - INFO - API key validation successful.
2025-04-05 10:21:45 - scraper_api - INFO - Rate limiter: Current count for IP 192.168.207.101 is 26
2025-04-05 10:21:45 - scraper_api - INFO - API key validation successful.
2025-04-05 10:21:45 - scraper_api - INFO - Rate limiter: Current count for IP 192.168.207.101 is 27
2025-04-05 10:21:45 - scraper_api - INFO - API key validation successful.
2025-04-05 10:21:45 - scraper_api - INFO - Rate limiter: Current count for IP 192.168.207.101 is 29
2025-04-05 10:21:45 - scraper_api - INFO - API key validation successful.
2025-04-05 10:21:45 - scraper_api - INFO - Rate limiter: Current count for IP 192.168.207.101 is 28
2025-04-05 10:21:45 - scraper_api - INFO - API key validation successful.
2025-04-05 10:21:45 - scraper_api - INFO - Rate limiter: Current count for IP 192.168.207.101 is 30
2025-04-05 10:21:45 - scraper_api - INFO - API key validation successful.
2025-04-05 10:21:45 - scraper_api - INFO - Cache hit for key: schools_rajkot
2025-04-05 10:21:45 - scraper_api - INFO - Returning cached data from Redis for schools in rajkot.
2025-04-05 10:21:45 - scraper_api - INFO - Cache hit for key: libraries_rajkot
2025-04-05 10:21:45 - scraper_api - INFO - Returning cached data from Redis for libraries in rajkot.
2025-04-05 10:21:45 - scraper_api - INFO - Cache hit for key: gyms_rajkot
2025-04-05 10:21:45 - scraper_api - INFO - Cache hit for key: hotels_rajkot
2025-04-05 10:21:45 - scraper_api - INFO - Cache hit for key: restaurants_rajkot
2025-04-05 10:21:45 - scraper_api - INFO - Cache miss for key: cafes_rajkot
2025-04-05 10:21:45 - scraper_api - INFO - Returning cached data from Redis for gyms in rajkot.
2025-04-05 10:21:45 - scraper_api - INFO - Returning cached data from Redis for hotels in rajkot.
2025-04-05 10:21:45 - scraper_api - INFO - Returning cached data from Redis for restaurants in rajkot.
2025-04-05 10:21:45 - scraper_api - ERROR - Error during scraping: 500: Scraper error: No scraper available for category cafes
Traceback (most recent call last):
  File "D:\Project\local-radar\backend\api\app\routes\api_routes.py", line 84, in scrape_data
    data = await asyncio.to_thread(get_scraped_data, category, location, **additional_params)
           ^^^^^^^^^^^^^^^^^^^^^^^^^^^^^^^^^^^^^^^^^^^^^^^^^^^^^^^^^^^^^^^^^^^^^^^^^^^^^^^^^^
  File "C:\Users\HP\AppData\Local\Programs\Python\Python313\Lib\asyncio\threads.py", line 25, in to_thread
    return await loop.run_in_executor(None, func_call)
           ^^^^^^^^^^^^^^^^^^^^^^^^^^^^^^^^^^^^^^^^^^^
  File "C:\Users\HP\AppData\Local\Programs\Python\Python313\Lib\concurrent\futures\thread.py", line 59, in run
    result = self.fn(*self.args, **self.kwargs)
  File "D:\Project\local-radar\backend\api\app\services\scraping_service.py", line 70, in get_scraped_data
    raise ScraperException(detail=f"No scraper available for category {category}")
app.core.exceptions.ScraperException: 500: Scraper error: No scraper available for category cafes
2025-04-05 10:21:46 - scraper_api - INFO - Rate limiter: Current count for IP 192.168.207.101 is 31
2025-04-05 10:21:46 - scraper_api - INFO - API key validation successful.
2025-04-05 10:21:46 - scraper_api - INFO - Rate limiter: Current count for IP 192.168.207.101 is 32
2025-04-05 10:21:46 - scraper_api - INFO - API key validation successful.
2025-04-05 10:21:46 - scraper_api - INFO - Rate limiter: Current count for IP 192.168.207.101 is 33
2025-04-05 10:21:46 - scraper_api - INFO - API key validation successful.
2025-04-05 10:21:46 - scraper_api - INFO - Rate limiter: Current count for IP 192.168.207.101 is 34
2025-04-05 10:21:46 - scraper_api - INFO - API key validation successful.
2025-04-05 10:21:46 - scraper_api - INFO - Rate limiter: Current count for IP 192.168.207.101 is 35
2025-04-05 10:21:46 - scraper_api - INFO - API key validation successful.
2025-04-05 10:21:46 - scraper_api - INFO - Rate limiter: Current count for IP 192.168.207.101 is 36
2025-04-05 10:21:46 - scraper_api - INFO - API key validation successful.
2025-04-05 10:21:46 - scraper_api - INFO - Cache hit for key: restaurants_rajkot
2025-04-05 10:21:46 - scraper_api - INFO - Returning cached data from Redis for restaurants in rajkot.
2025-04-05 10:21:46 - scraper_api - INFO - Cache hit for key: libraries_rajkot
2025-04-05 10:21:46 - scraper_api - INFO - Cache hit for key: gyms_rajkot
2025-04-05 10:21:46 - scraper_api - INFO - Cache hit for key: hotels_rajkot
2025-04-05 10:21:46 - scraper_api - INFO - Cache miss for key: cafes_rajkot
2025-04-05 10:21:46 - scraper_api - INFO - Returning cached data from Redis for libraries in rajkot.
2025-04-05 10:21:46 - scraper_api - INFO - Returning cached data from Redis for gyms in rajkot.
2025-04-05 10:21:46 - scraper_api - INFO - Returning cached data from Redis for hotels in rajkot.
2025-04-05 10:21:46 - scraper_api - INFO - Cache hit for key: schools_rajkot
2025-04-05 10:21:46 - scraper_api - INFO - Returning cached data from Redis for schools in rajkot.
2025-04-05 10:21:46 - scraper_api - ERROR - Error during scraping: 500: Scraper error: No scraper available for category cafes
Traceback (most recent call last):
  File "D:\Project\local-radar\backend\api\app\routes\api_routes.py", line 84, in scrape_data
    data = await asyncio.to_thread(get_scraped_data, category, location, **additional_params)
           ^^^^^^^^^^^^^^^^^^^^^^^^^^^^^^^^^^^^^^^^^^^^^^^^^^^^^^^^^^^^^^^^^^^^^^^^^^^^^^^^^^
  File "C:\Users\HP\AppData\Local\Programs\Python\Python313\Lib\asyncio\threads.py", line 25, in to_thread
    return await loop.run_in_executor(None, func_call)
           ^^^^^^^^^^^^^^^^^^^^^^^^^^^^^^^^^^^^^^^^^^^
  File "C:\Users\HP\AppData\Local\Programs\Python\Python313\Lib\concurrent\futures\thread.py", line 59, in run
    result = self.fn(*self.args, **self.kwargs)
  File "D:\Project\local-radar\backend\api\app\services\scraping_service.py", line 70, in get_scraped_data
    raise ScraperException(detail=f"No scraper available for category {category}")
app.core.exceptions.ScraperException: 500: Scraper error: No scraper available for category cafes
2025-04-05 10:23:58 - scraper_api - INFO - Application shutdown initiated.
2025-04-05 10:34:11 - scraper_api - WARNING - Module app.scrapers.scraper_config does not have a 'main' function and was skipped.
2025-04-05 10:34:11 - scraper_api - WARNING - Module app.scrapers._common does not have a 'main' function and was skipped.
2025-04-05 10:34:11 - scraper_api - INFO - Loaded scraper module: app.scrapers.amusementparks.amusementparks as key: amusementparks
2025-04-05 10:34:11 - scraper_api - INFO - Loaded scraper module: app.scrapers.bakeries.bakeries as key: bakeries
2025-04-05 10:34:11 - scraper_api - INFO - Loaded scraper module: app.scrapers.bars.bars as key: bars
2025-04-05 10:34:11 - scraper_api - INFO - Loaded scraper module: app.scrapers.beaches.beaches as key: beaches
2025-04-05 10:34:11 - scraper_api - INFO - Loaded scraper module: app.scrapers.bookstores.bookstores as key: bookstores
2025-04-05 10:34:11 - scraper_api - INFO - Loaded scraper module: app.scrapers.carrepairservices.carrepairservices as key: carrepairservices
2025-04-05 10:34:11 - scraper_api - INFO - Loaded scraper module: app.scrapers.cinemas.cinemas as key: cinemas
2025-04-05 10:34:11 - scraper_api - INFO - Loaded scraper module: app.scrapers.clinics.clinics as key: clinics
2025-04-05 10:34:11 - scraper_api - INFO - Loaded scraper module: app.scrapers.clothingstores.clothingstores as key: clothingstores
2025-04-05 10:34:11 - scraper_api - INFO - Loaded scraper module: app.scrapers.coachingcenters.coachingcenters as key: coachingcenters
2025-04-05 10:34:11 - scraper_api - INFO - Loaded scraper module: app.scrapers.coffeeshops.coffeeshops as key: coffeeshops
2025-04-05 10:34:11 - scraper_api - INFO - Loaded scraper module: app.scrapers.colleges.colleges as key: colleges
2025-04-05 10:34:11 - scraper_api - INFO - Loaded scraper module: app.scrapers.dentists.dentists as key: dentists
2025-04-05 10:34:11 - scraper_api - INFO - Loaded scraper module: app.scrapers.electronicstores.electronicstores as key: electronicstores
2025-04-05 10:34:11 - scraper_api - INFO - Loaded scraper module: app.scrapers.eyecarecenters.eyecarecenters as key: eyecarecenters
2025-04-05 10:34:11 - scraper_api - INFO - Loaded scraper module: app.scrapers.fastfood.fastfood as key: fastfood
2025-04-05 10:34:11 - scraper_api - INFO - Loaded scraper module: app.scrapers.firestation.firestation as key: firestation
2025-04-05 10:34:11 - scraper_api - INFO - Loaded scraper module: app.scrapers.furniturestores.furniturestores as key: furniturestores
2025-04-05 10:34:11 - scraper_api - INFO - Loaded scraper module: app.scrapers.grocerystore.grocerystore as key: grocerystore
2025-04-05 10:34:11 - scraper_api - INFO - Loaded scraper module: app.scrapers.gyms.gyms as key: gyms
2025-04-05 10:34:11 - scraper_api - INFO - Loaded scraper module: app.scrapers.hospitals.hospitals as key: hospitals
2025-04-05 10:34:11 - scraper_api - INFO - Loaded scraper module: app.scrapers.hostels.hostels as key: hostels
2025-04-05 10:34:11 - scraper_api - INFO - Loaded scraper module: app.scrapers.hotels.hotels as key: hotels
2025-04-05 10:34:11 - scraper_api - INFO - Loaded scraper module: app.scrapers.jewelryshops.jewelryshops as key: jewelryshops
2025-04-05 10:34:11 - scraper_api - INFO - Loaded scraper module: app.scrapers.jobs.apna as key: apna
2025-04-05 10:34:11 - scraper_api - INFO - Loaded scraper module: app.scrapers.jobs.naukri as key: naukri
2025-04-05 10:34:11 - scraper_api - INFO - Loaded scraper module: app.scrapers.jobs.shine as key: shine
2025-04-05 10:34:13 - scraper_api - INFO - Loaded scraper module: app.scrapers.libraries.libraries as key: libraries
2025-04-05 10:34:13 - scraper_api - INFO - Loaded scraper module: app.scrapers.museums.museums as key: museums
2025-04-05 10:34:13 - scraper_api - INFO - Loaded scraper module: app.scrapers.musicdanceacademies.musicdanceacademies as key: musicdanceacademies
2025-04-05 10:34:13 - scraper_api - INFO - Loaded scraper module: app.scrapers.news.indiatoday as key: indiatoday
2025-04-05 10:34:13 - scraper_api - INFO - Loaded scraper module: app.scrapers.nightclubs.nightclubs as key: nightclubs
2025-04-05 10:34:13 - scraper_api - INFO - Loaded scraper module: app.scrapers.parks.parks as key: parks
2025-04-05 10:34:13 - scraper_api - INFO - Loaded scraper module: app.scrapers.policestations.policestations as key: policestations
2025-04-05 10:34:13 - scraper_api - INFO - Loaded scraper module: app.scrapers.publictransport.publictransport as key: publictransport
2025-04-05 10:34:13 - scraper_api - INFO - Loaded scraper module: app.scrapers.restaurant.restaurants as key: restaurants
2025-04-05 10:34:13 - scraper_api - INFO - Loaded scraper module: app.scrapers.salons.salons as key: salons
2025-04-05 10:34:13 - scraper_api - INFO - Loaded scraper module: app.scrapers.schools.schools as key: schools
2025-04-05 10:34:13 - scraper_api - INFO - Loaded scraper module: app.scrapers.shoppingmalls.shoppingmalls as key: shoppingmalls
2025-04-05 10:34:13 - scraper_api - INFO - Loaded scraper module: app.scrapers.sportsclubs.sportsclubs as key: sportsclubs
2025-04-05 10:34:13 - scraper_api - INFO - Loaded scraper module: app.scrapers.supermarkets.supermarkets as key: supermarkets
2025-04-05 10:34:13 - scraper_api - INFO - Loaded scraper module: app.scrapers.temples.temples as key: temples
2025-04-05 10:34:13 - scraper_api - INFO - Loaded scraper module: app.scrapers.weather.weather as key: weather
2025-04-05 10:34:13 - scraper_api - INFO - Loaded scraper module: app.scrapers.yogacenters.yogacenters as key: yogacenters
2025-04-05 10:34:14 - scraper_api - INFO - Connected to Redis successfully.
2025-04-05 10:34:14 - scraper_api - INFO - Connected to MongoDB: LOCAL_RADAR
2025-04-05 10:34:14 - scraper_api - INFO - Celery app created with broker: rediss://:ATytAAIjcDE4ZDY4M2VkOTZkNWM0NTA4YTI5OWRjOTNlMjI0OGRhOHAxMA@regular-mule-15533.upstash.io:6379
2025-04-05 10:34:14 - scraper_api - INFO - Celery configuration updated.
2025-04-05 10:34:14 - scraper_api - INFO - Application startup initiated.
2025-04-05 10:34:32 - scraper_api - INFO - Rate limiter: Current count for IP 192.168.207.101 is 1
2025-04-05 10:34:32 - scraper_api - INFO - API key validation successful.
2025-04-05 10:34:34 - scraper_api - INFO - Cache hit for key: restaurants_rajkot
2025-04-05 10:34:34 - scraper_api - INFO - Returning cached data from Redis for restaurants in rajkot.
2025-04-05 10:34:35 - scraper_api - INFO - Rate limiter: Current count for IP 192.168.207.101 is 2
2025-04-05 10:34:35 - scraper_api - INFO - API key validation successful.
2025-04-05 10:34:35 - scraper_api - INFO - Cache hit for key: hotels_rajkot
2025-04-05 10:34:35 - scraper_api - INFO - Returning cached data from Redis for hotels in rajkot.
2025-04-05 10:34:36 - scraper_api - INFO - Rate limiter: Current count for IP 192.168.207.101 is 3
2025-04-05 10:34:36 - scraper_api - INFO - API key validation successful.
2025-04-05 10:34:36 - scraper_api - INFO - Cache hit for key: schools_rajkot
2025-04-05 10:34:36 - scraper_api - INFO - Returning cached data from Redis for schools in rajkot.
2025-04-05 10:34:37 - scraper_api - INFO - Rate limiter: Current count for IP 192.168.207.101 is 4
2025-04-05 10:34:37 - scraper_api - INFO - API key validation successful.
2025-04-05 10:34:38 - scraper_api - INFO - Cache miss for key: cafes_rajkot
2025-04-05 10:34:38 - scraper_api - ERROR - Error during scraping: 500: Scraper error: No scraper available for category cafes
Traceback (most recent call last):
  File "D:\Project\local-radar\backend\api\app\routes\api_routes.py", line 84, in scrape_data
    data = await asyncio.to_thread(get_scraped_data, category, location, **additional_params)
           ^^^^^^^^^^^^^^^^^^^^^^^^^^^^^^^^^^^^^^^^^^^^^^^^^^^^^^^^^^^^^^^^^^^^^^^^^^^^^^^^^^
  File "C:\Users\HP\AppData\Local\Programs\Python\Python313\Lib\asyncio\threads.py", line 25, in to_thread
    return await loop.run_in_executor(None, func_call)
           ^^^^^^^^^^^^^^^^^^^^^^^^^^^^^^^^^^^^^^^^^^^
  File "C:\Users\HP\AppData\Local\Programs\Python\Python313\Lib\concurrent\futures\thread.py", line 59, in run
    result = self.fn(*self.args, **self.kwargs)
  File "D:\Project\local-radar\backend\api\app\services\scraping_service.py", line 70, in get_scraped_data
    raise ScraperException(detail=f"No scraper available for category {category}")
app.core.exceptions.ScraperException: 500: Scraper error: No scraper available for category cafes
2025-04-05 10:34:48 - scraper_api - INFO - Rate limiter: Current count for IP 192.168.207.101 is 5
2025-04-05 10:34:48 - scraper_api - INFO - API key validation successful.
2025-04-05 10:34:49 - scraper_api - INFO - Cache hit for key: restaurants_rajkot
2025-04-05 10:34:49 - scraper_api - INFO - Returning cached data from Redis for restaurants in rajkot.
2025-04-05 10:34:49 - scraper_api - INFO - Rate limiter: Current count for IP 192.168.207.101 is 6
2025-04-05 10:34:49 - scraper_api - INFO - API key validation successful.
2025-04-05 10:34:50 - scraper_api - INFO - Cache hit for key: hotels_rajkot
2025-04-05 10:34:50 - scraper_api - INFO - Returning cached data from Redis for hotels in rajkot.
2025-04-05 10:34:51 - scraper_api - INFO - Rate limiter: Current count for IP 192.168.207.101 is 7
2025-04-05 10:34:51 - scraper_api - INFO - API key validation successful.
2025-04-05 10:34:51 - scraper_api - INFO - Cache hit for key: schools_rajkot
2025-04-05 10:34:51 - scraper_api - INFO - Returning cached data from Redis for schools in rajkot.
2025-04-05 10:34:52 - scraper_api - INFO - Rate limiter: Current count for IP 192.168.207.101 is 8
2025-04-05 10:34:52 - scraper_api - INFO - API key validation successful.
2025-04-05 10:34:52 - scraper_api - INFO - Cache miss for key: cafes_rajkot
2025-04-05 10:34:52 - scraper_api - ERROR - Error during scraping: 500: Scraper error: No scraper available for category cafes
Traceback (most recent call last):
  File "D:\Project\local-radar\backend\api\app\routes\api_routes.py", line 84, in scrape_data
    data = await asyncio.to_thread(get_scraped_data, category, location, **additional_params)
           ^^^^^^^^^^^^^^^^^^^^^^^^^^^^^^^^^^^^^^^^^^^^^^^^^^^^^^^^^^^^^^^^^^^^^^^^^^^^^^^^^^
  File "C:\Users\HP\AppData\Local\Programs\Python\Python313\Lib\asyncio\threads.py", line 25, in to_thread
    return await loop.run_in_executor(None, func_call)
           ^^^^^^^^^^^^^^^^^^^^^^^^^^^^^^^^^^^^^^^^^^^
  File "C:\Users\HP\AppData\Local\Programs\Python\Python313\Lib\concurrent\futures\thread.py", line 59, in run
    result = self.fn(*self.args, **self.kwargs)
  File "D:\Project\local-radar\backend\api\app\services\scraping_service.py", line 70, in get_scraped_data
    raise ScraperException(detail=f"No scraper available for category {category}")
app.core.exceptions.ScraperException: 500: Scraper error: No scraper available for category cafes
2025-04-05 10:34:53 - scraper_api - INFO - Rate limiter: Current count for IP 192.168.207.101 is 9
2025-04-05 10:34:53 - scraper_api - INFO - API key validation successful.
2025-04-05 10:34:54 - scraper_api - INFO - Cache hit for key: libraries_rajkot
2025-04-05 10:34:54 - scraper_api - INFO - Returning cached data from Redis for libraries in rajkot.
2025-04-05 10:34:54 - scraper_api - INFO - Rate limiter: Current count for IP 192.168.207.101 is 10
2025-04-05 10:34:54 - scraper_api - INFO - API key validation successful.
2025-04-05 10:34:55 - scraper_api - INFO - Cache hit for key: gyms_rajkot
2025-04-05 10:34:55 - scraper_api - INFO - Returning cached data from Redis for gyms in rajkot.
2025-04-05 10:34:55 - scraper_api - INFO - Rate limiter: Current count for IP 192.168.207.101 is 11
2025-04-05 10:34:55 - scraper_api - INFO - API key validation successful.
2025-04-05 10:34:56 - scraper_api - INFO - Cache hit for key: restaurants_rajkot
2025-04-05 10:34:56 - scraper_api - INFO - Returning cached data from Redis for restaurants in rajkot.
2025-04-05 10:34:56 - scraper_api - INFO - Rate limiter: Current count for IP 192.168.207.101 is 12
2025-04-05 10:34:56 - scraper_api - INFO - API key validation successful.
2025-04-05 10:34:56 - scraper_api - INFO - Cache hit for key: hotels_rajkot
2025-04-05 10:34:56 - scraper_api - INFO - Returning cached data from Redis for hotels in rajkot.
2025-04-05 10:34:57 - scraper_api - INFO - Rate limiter: Current count for IP 192.168.207.101 is 13
2025-04-05 10:34:57 - scraper_api - INFO - API key validation successful.
2025-04-05 10:34:58 - scraper_api - INFO - Cache hit for key: schools_rajkot
2025-04-05 10:34:58 - scraper_api - INFO - Returning cached data from Redis for schools in rajkot.
2025-04-05 10:35:35 - scraper_api - INFO - Rate limiter: Current count for IP 192.168.207.101 is 1
2025-04-05 10:35:35 - scraper_api - INFO - API key validation successful.
2025-04-05 10:35:35 - scraper_api - INFO - Cache miss for key: hostels_rajkot
2025-04-05 10:35:36 - scraper_api - INFO - Inserted/updated data for hostels in rajkot
2025-04-05 10:35:37 - scraper_api - INFO - Cache set for key: hostels_rajkot with TTL: 3600 seconds.
2025-04-05 10:35:37 - scraper_api - INFO - Rate limiter: Current count for IP 192.168.207.101 is 2
2025-04-05 10:35:37 - scraper_api - INFO - API key validation successful.
2025-04-05 10:35:37 - scraper_api - INFO - Cache hit for key: hostels_rajkot
2025-04-05 10:35:37 - scraper_api - INFO - Returning cached data from Redis for hostels in rajkot.
2025-04-05 10:36:48 - scraper_api - INFO - Rate limiter: Current count for IP 192.168.207.101 is 1
2025-04-05 10:36:48 - scraper_api - INFO - API key validation successful.
2025-04-05 10:36:49 - scraper_api - INFO - Cache miss for key: restaurants_rajkot 
2025-04-05 10:36:50 - scraper_api - INFO - Rate limiter: Current count for IP 192.168.207.101 is 4
2025-04-05 10:36:50 - scraper_api - INFO - API key validation successful.
2025-04-05 10:36:50 - scraper_api - INFO - Rate limiter: Current count for IP 192.168.207.101 is 6
2025-04-05 10:36:50 - scraper_api - INFO - API key validation successful.
2025-04-05 10:36:50 - scraper_api - INFO - Rate limiter: Current count for IP 192.168.207.101 is 3
2025-04-05 10:36:50 - scraper_api - INFO - API key validation successful.
2025-04-05 10:36:50 - scraper_api - INFO - Rate limiter: Current count for IP 192.168.207.101 is 5
2025-04-05 10:36:50 - scraper_api - INFO - API key validation successful.
2025-04-05 10:36:50 - scraper_api - INFO - Rate limiter: Current count for IP 192.168.207.101 is 2
2025-04-05 10:36:50 - scraper_api - INFO - API key validation successful.
2025-04-05 10:36:50 - scraper_api - INFO - Cache miss for key: cafes_rajkot 
2025-04-05 10:36:50 - scraper_api - ERROR - Error during scraping: 500: Scraper error: No scraper available for category cafes
Traceback (most recent call last):
  File "D:\Project\local-radar\backend\api\app\routes\api_routes.py", line 84, in scrape_data
    data = await asyncio.to_thread(get_scraped_data, category, location, **additional_params)
           ^^^^^^^^^^^^^^^^^^^^^^^^^^^^^^^^^^^^^^^^^^^^^^^^^^^^^^^^^^^^^^^^^^^^^^^^^^^^^^^^^^
  File "C:\Users\HP\AppData\Local\Programs\Python\Python313\Lib\asyncio\threads.py", line 25, in to_thread
    return await loop.run_in_executor(None, func_call)
           ^^^^^^^^^^^^^^^^^^^^^^^^^^^^^^^^^^^^^^^^^^^
  File "C:\Users\HP\AppData\Local\Programs\Python\Python313\Lib\concurrent\futures\thread.py", line 59, in run
    result = self.fn(*self.args, **self.kwargs)
  File "D:\Project\local-radar\backend\api\app\services\scraping_service.py", line 70, in get_scraped_data
    raise ScraperException(detail=f"No scraper available for category {category}")
app.core.exceptions.ScraperException: 500: Scraper error: No scraper available for category cafes
2025-04-05 10:36:51 - scraper_api - INFO - Inserted/updated data for restaurants in rajkot 
2025-04-05 10:36:51 - scraper_api - INFO - Rate limiter: Current count for IP 192.168.207.101 is 7
2025-04-05 10:36:51 - scraper_api - INFO - API key validation successful.
2025-04-05 10:36:51 - scraper_api - INFO - Cache set for key: restaurants_rajkot  with TTL: 3600 seconds.
2025-04-05 10:36:51 - scraper_api - INFO - Cache miss for key: hotels_rajkot 
2025-04-05 10:36:51 - scraper_api - INFO - Cache miss for key: schools_rajkot 
2025-04-05 10:36:52 - scraper_api - INFO - Cache miss for key: gyms_rajkot 
2025-04-05 10:36:52 - scraper_api - INFO - Rate limiter: Current count for IP 192.168.207.101 is 8
2025-04-05 10:36:52 - scraper_api - INFO - API key validation successful.
2025-04-05 10:36:52 - scraper_api - INFO - Cache miss for key: libraries_rajkot 
2025-04-05 10:36:52 - scraper_api - INFO - Cache miss for key: hotels_rajkot 
2025-04-05 10:36:53 - scraper_api - INFO - Cache hit for key: restaurants_rajkot 
2025-04-05 10:36:53 - scraper_api - INFO - Returning cached data from Redis for restaurants in rajkot .
2025-04-05 10:36:54 - scraper_api - INFO - Rate limiter: Current count for IP 192.168.207.101 is 9
2025-04-05 10:36:54 - scraper_api - INFO - API key validation successful.
2025-04-05 10:36:54 - scraper_api - INFO - Inserted/updated data for gyms in rajkot 
2025-04-05 10:36:54 - scraper_api - INFO - Inserted/updated data for libraries in rajkot 
2025-04-05 10:36:54 - scraper_api - INFO - Inserted/updated data for schools in rajkot 
2025-04-05 10:36:54 - scraper_api - INFO - Cache miss for key: schools_rajkot 
2025-04-05 10:36:54 - scraper_api - INFO - Cache set for key: gyms_rajkot  with TTL: 3600 seconds.
2025-04-05 10:36:54 - scraper_api - INFO - Returning fresh data from MongoDB for schools in rajkot .
2025-04-05 10:36:54 - scraper_api - INFO - Cache set for key: libraries_rajkot  with TTL: 3600 seconds.
2025-04-05 10:36:55 - scraper_api - INFO - Cache set for key: schools_rajkot  with TTL: 3600 seconds.
2025-04-05 10:36:55 - scraper_api - INFO - Inserted/updated data for hotels in rajkot 
2025-04-05 10:36:55 - scraper_api - INFO - Cache set for key: schools_rajkot  with TTL: 3600 seconds.
2025-04-05 10:36:55 - scraper_api - INFO - Cache set for key: hotels_rajkot  with TTL: 3600 seconds.
2025-04-05 10:36:55 - scraper_api - INFO - Data for hotels in rajkot  is already up to date
2025-04-05 10:36:55 - scraper_api - INFO - Rate limiter: Current count for IP 192.168.207.101 is 11
2025-04-05 10:36:55 - scraper_api - INFO - API key validation successful.
2025-04-05 10:36:55 - scraper_api - INFO - Rate limiter: Current count for IP 192.168.207.101 is 10
2025-04-05 10:36:55 - scraper_api - INFO - API key validation successful.
2025-04-05 10:36:55 - scraper_api - INFO - Rate limiter: Current count for IP 192.168.207.101 is 12
2025-04-05 10:36:55 - scraper_api - INFO - API key validation successful.
2025-04-05 10:36:56 - scraper_api - INFO - Cache hit for key: gyms_rajkot 
2025-04-05 10:36:56 - scraper_api - INFO - Cache set for key: hotels_rajkot  with TTL: 3600 seconds.
2025-04-05 10:36:56 - scraper_api - INFO - Cache hit for key: libraries_rajkot 
2025-04-05 10:36:56 - scraper_api - INFO - Returning cached data from Redis for gyms in rajkot .
2025-04-05 10:36:56 - scraper_api - INFO - Returning cached data from Redis for libraries in rajkot .
2025-04-05 10:36:56 - scraper_api - INFO - Cache miss for key: cafes_rajkot 
2025-04-05 10:36:56 - scraper_api - ERROR - Error during scraping: 500: Scraper error: No scraper available for category cafes
Traceback (most recent call last):
  File "D:\Project\local-radar\backend\api\app\routes\api_routes.py", line 84, in scrape_data
    data = await asyncio.to_thread(get_scraped_data, category, location, **additional_params)
           ^^^^^^^^^^^^^^^^^^^^^^^^^^^^^^^^^^^^^^^^^^^^^^^^^^^^^^^^^^^^^^^^^^^^^^^^^^^^^^^^^^
  File "C:\Users\HP\AppData\Local\Programs\Python\Python313\Lib\asyncio\threads.py", line 25, in to_thread
    return await loop.run_in_executor(None, func_call)
           ^^^^^^^^^^^^^^^^^^^^^^^^^^^^^^^^^^^^^^^^^^^
  File "C:\Users\HP\AppData\Local\Programs\Python\Python313\Lib\concurrent\futures\thread.py", line 59, in run
    result = self.fn(*self.args, **self.kwargs)
  File "D:\Project\local-radar\backend\api\app\services\scraping_service.py", line 70, in get_scraped_data
    raise ScraperException(detail=f"No scraper available for category {category}")
app.core.exceptions.ScraperException: 500: Scraper error: No scraper available for category cafes
2025-04-05 10:37:15 - scraper_api - INFO - Application shutdown initiated.
2025-04-05 10:38:10 - scraper_api - WARNING - Module app.scrapers.scraper_config does not have a 'main' function and was skipped.
2025-04-05 10:38:10 - scraper_api - WARNING - Module app.scrapers._common does not have a 'main' function and was skipped.
2025-04-05 10:38:10 - scraper_api - INFO - Loaded scraper module: app.scrapers.amusementparks.amusementparks as key: amusementparks
2025-04-05 10:38:10 - scraper_api - INFO - Loaded scraper module: app.scrapers.bakeries.bakeries as key: bakeries
2025-04-05 10:38:10 - scraper_api - INFO - Loaded scraper module: app.scrapers.bars.bars as key: bars
2025-04-05 10:38:10 - scraper_api - INFO - Loaded scraper module: app.scrapers.beaches.beaches as key: beaches
2025-04-05 10:38:10 - scraper_api - INFO - Loaded scraper module: app.scrapers.bookstores.bookstores as key: bookstores
2025-04-05 10:38:10 - scraper_api - INFO - Loaded scraper module: app.scrapers.carrepairservices.carrepairservices as key: carrepairservices
2025-04-05 10:38:10 - scraper_api - INFO - Loaded scraper module: app.scrapers.cinemas.cinemas as key: cinemas
2025-04-05 10:38:10 - scraper_api - INFO - Loaded scraper module: app.scrapers.clinics.clinics as key: clinics
2025-04-05 10:38:10 - scraper_api - INFO - Loaded scraper module: app.scrapers.clothingstores.clothingstores as key: clothingstores
2025-04-05 10:38:10 - scraper_api - INFO - Loaded scraper module: app.scrapers.coachingcenters.coachingcenters as key: coachingcenters
2025-04-05 10:38:10 - scraper_api - INFO - Loaded scraper module: app.scrapers.coffeeshops.coffeeshops as key: coffeeshops
2025-04-05 10:38:10 - scraper_api - INFO - Loaded scraper module: app.scrapers.colleges.colleges as key: colleges
2025-04-05 10:38:10 - scraper_api - INFO - Loaded scraper module: app.scrapers.dentists.dentists as key: dentists
2025-04-05 10:38:10 - scraper_api - INFO - Loaded scraper module: app.scrapers.electronicstores.electronicstores as key: electronicstores
2025-04-05 10:38:10 - scraper_api - INFO - Loaded scraper module: app.scrapers.eyecarecenters.eyecarecenters as key: eyecarecenters
2025-04-05 10:38:10 - scraper_api - INFO - Loaded scraper module: app.scrapers.fastfood.fastfood as key: fastfood
2025-04-05 10:38:10 - scraper_api - INFO - Loaded scraper module: app.scrapers.firestation.firestation as key: firestation
2025-04-05 10:38:10 - scraper_api - INFO - Loaded scraper module: app.scrapers.furniturestores.furniturestores as key: furniturestores
2025-04-05 10:38:10 - scraper_api - INFO - Loaded scraper module: app.scrapers.grocerystore.grocerystore as key: grocerystore
2025-04-05 10:38:10 - scraper_api - INFO - Loaded scraper module: app.scrapers.gyms.gyms as key: gyms
2025-04-05 10:38:10 - scraper_api - INFO - Loaded scraper module: app.scrapers.hospitals.hospitals as key: hospitals
2025-04-05 10:38:10 - scraper_api - INFO - Loaded scraper module: app.scrapers.hostels.hostels as key: hostels
2025-04-05 10:38:10 - scraper_api - INFO - Loaded scraper module: app.scrapers.hotels.hotels as key: hotels
2025-04-05 10:38:10 - scraper_api - INFO - Loaded scraper module: app.scrapers.jewelryshops.jewelryshops as key: jewelryshops
2025-04-05 10:38:10 - scraper_api - INFO - Loaded scraper module: app.scrapers.jobs.apna as key: apna
2025-04-05 10:38:10 - scraper_api - INFO - Loaded scraper module: app.scrapers.jobs.naukri as key: naukri
2025-04-05 10:38:10 - scraper_api - INFO - Loaded scraper module: app.scrapers.jobs.shine as key: shine
2025-04-05 10:38:11 - scraper_api - INFO - Loaded scraper module: app.scrapers.libraries.libraries as key: libraries
2025-04-05 10:38:11 - scraper_api - INFO - Loaded scraper module: app.scrapers.museums.museums as key: museums
2025-04-05 10:38:11 - scraper_api - INFO - Loaded scraper module: app.scrapers.musicdanceacademies.musicdanceacademies as key: musicdanceacademies
2025-04-05 10:38:11 - scraper_api - INFO - Loaded scraper module: app.scrapers.news.indiatoday as key: indiatoday
2025-04-05 10:38:11 - scraper_api - INFO - Loaded scraper module: app.scrapers.nightclubs.nightclubs as key: nightclubs
2025-04-05 10:38:11 - scraper_api - INFO - Loaded scraper module: app.scrapers.parks.parks as key: parks
2025-04-05 10:38:11 - scraper_api - INFO - Loaded scraper module: app.scrapers.policestations.policestations as key: policestations
2025-04-05 10:38:11 - scraper_api - INFO - Loaded scraper module: app.scrapers.publictransport.publictransport as key: publictransport
2025-04-05 10:38:11 - scraper_api - INFO - Loaded scraper module: app.scrapers.restaurant.restaurants as key: restaurants
2025-04-05 10:38:11 - scraper_api - INFO - Loaded scraper module: app.scrapers.salons.salons as key: salons
2025-04-05 10:38:11 - scraper_api - INFO - Loaded scraper module: app.scrapers.schools.schools as key: schools
2025-04-05 10:38:11 - scraper_api - INFO - Loaded scraper module: app.scrapers.shoppingmalls.shoppingmalls as key: shoppingmalls
2025-04-05 10:38:11 - scraper_api - INFO - Loaded scraper module: app.scrapers.sportsclubs.sportsclubs as key: sportsclubs
2025-04-05 10:38:11 - scraper_api - INFO - Loaded scraper module: app.scrapers.supermarkets.supermarkets as key: supermarkets
2025-04-05 10:38:11 - scraper_api - INFO - Loaded scraper module: app.scrapers.temples.temples as key: temples
2025-04-05 10:38:11 - scraper_api - INFO - Loaded scraper module: app.scrapers.weather.weather as key: weather
2025-04-05 10:38:11 - scraper_api - INFO - Loaded scraper module: app.scrapers.yogacenters.yogacenters as key: yogacenters
2025-04-05 10:38:12 - scraper_api - INFO - Connected to Redis successfully.
2025-04-05 10:38:12 - scraper_api - INFO - Connected to MongoDB: LOCAL_RADAR
2025-04-05 10:38:12 - scraper_api - INFO - Celery app created with broker: rediss://:ATytAAIjcDE4ZDY4M2VkOTZkNWM0NTA4YTI5OWRjOTNlMjI0OGRhOHAxMA@regular-mule-15533.upstash.io:6379
2025-04-05 10:38:12 - scraper_api - INFO - Celery configuration updated.
2025-04-05 10:38:12 - scraper_api - INFO - Application startup initiated.
2025-04-05 10:38:18 - scraper_api - INFO - Rate limiter: Current count for IP 192.168.207.101 is 4
2025-04-05 10:38:18 - scraper_api - INFO - API key validation successful.
2025-04-05 10:38:18 - scraper_api - INFO - Rate limiter: Current count for IP 192.168.207.101 is 5
2025-04-05 10:38:18 - scraper_api - INFO - API key validation successful.
2025-04-05 10:38:21 - scraper_api - INFO - Cache hit for key: hostels_rajkot
2025-04-05 10:38:21 - scraper_api - INFO - Returning cached data from Redis for hostels in rajkot.
2025-04-05 10:38:22 - scraper_api - INFO - Cache hit for key: hostels_rajkot
2025-04-05 10:38:22 - scraper_api - INFO - Returning cached data from Redis for hostels in rajkot.
2025-04-05 10:38:31 - scraper_api - INFO - Rate limiter: Current count for IP 192.168.207.101 is 6
2025-04-05 10:38:31 - scraper_api - INFO - API key validation successful.
2025-04-05 10:38:31 - scraper_api - INFO - Cache miss for key: hostels_jamnagar
2025-04-05 10:38:31 - scraper_api - INFO - Returning fresh data from MongoDB for hostels in jamnagar.
2025-04-05 10:38:31 - scraper_api - INFO - Cache set for key: hostels_jamnagar with TTL: 3600 seconds.
2025-04-05 10:38:41 - scraper_api - INFO - Rate limiter: Current count for IP 192.168.207.101 is 7
2025-04-05 10:38:41 - scraper_api - INFO - API key validation successful.
2025-04-05 10:38:41 - scraper_api - INFO - Rate limiter: Current count for IP 192.168.207.101 is 8
2025-04-05 10:38:41 - scraper_api - INFO - API key validation successful.
2025-04-05 10:38:41 - scraper_api - INFO - Cache hit for key: hotels_rajkot
2025-04-05 10:38:41 - scraper_api - INFO - Cache hit for key: restaurants_rajkot
2025-04-05 10:38:41 - scraper_api - INFO - Returning cached data from Redis for hotels in rajkot.
2025-04-05 10:38:41 - scraper_api - INFO - Returning cached data from Redis for restaurants in rajkot.
2025-04-05 10:38:42 - scraper_api - INFO - Rate limiter: Current count for IP 192.168.207.101 is 9
2025-04-05 10:38:42 - scraper_api - INFO - API key validation successful.
2025-04-05 10:38:42 - scraper_api - INFO - Rate limiter: Current count for IP 192.168.207.101 is 10
2025-04-05 10:38:42 - scraper_api - INFO - API key validation successful.
2025-04-05 10:38:42 - scraper_api - INFO - Rate limiter: Current count for IP 192.168.207.101 is 12
2025-04-05 10:38:42 - scraper_api - INFO - API key validation successful.
2025-04-05 10:38:42 - scraper_api - INFO - Rate limiter: Current count for IP 192.168.207.101 is 11
2025-04-05 10:38:42 - scraper_api - INFO - API key validation successful.
2025-04-05 10:38:42 - scraper_api - INFO - Cache hit for key: hotels_rajkot
2025-04-05 10:38:42 - scraper_api - INFO - Cache hit for key: restaurants_rajkot
2025-04-05 10:38:42 - scraper_api - INFO - Rate limiter: Current count for IP 192.168.207.101 is 13
2025-04-05 10:38:42 - scraper_api - INFO - Returning cached data from Redis for hotels in rajkot.
2025-04-05 10:38:42 - scraper_api - INFO - Returning cached data from Redis for restaurants in rajkot.
2025-04-05 10:38:42 - scraper_api - INFO - API key validation successful.
2025-04-05 10:38:43 - scraper_api - INFO - Cache hit for key: gyms_rajkot
2025-04-05 10:38:43 - scraper_api - INFO - Returning cached data from Redis for gyms in rajkot.
2025-04-05 10:38:43 - scraper_api - INFO - Rate limiter: Current count for IP 192.168.207.101 is 14
2025-04-05 10:38:43 - scraper_api - INFO - API key validation successful.
2025-04-05 10:38:43 - scraper_api - INFO - Rate limiter: Current count for IP 192.168.207.101 is 15
2025-04-05 10:38:43 - scraper_api - INFO - API key validation successful.
2025-04-05 10:38:43 - scraper_api - INFO - Rate limiter: Current count for IP 192.168.207.101 is 16
2025-04-05 10:38:43 - scraper_api - INFO - API key validation successful.
2025-04-05 10:38:43 - scraper_api - INFO - Cache miss for key: cafes_rajkot
2025-04-05 10:38:43 - scraper_api - INFO - Rate limiter: Current count for IP 192.168.207.101 is 17
2025-04-05 10:38:43 - scraper_api - INFO - API key validation successful.
2025-04-05 10:38:43 - scraper_api - INFO - Cache hit for key: schools_rajkot
2025-04-05 10:38:43 - scraper_api - ERROR - Error during scraping: 500: Scraper error: No scraper available for category cafes
Traceback (most recent call last):
  File "D:\Project\local-radar\backend\api\app\routes\api_routes.py", line 84, in scrape_data
    data = await asyncio.to_thread(get_scraped_data, category, location, **additional_params)
           ^^^^^^^^^^^^^^^^^^^^^^^^^^^^^^^^^^^^^^^^^^^^^^^^^^^^^^^^^^^^^^^^^^^^^^^^^^^^^^^^^^
  File "C:\Users\HP\AppData\Local\Programs\Python\Python313\Lib\asyncio\threads.py", line 25, in to_thread
    return await loop.run_in_executor(None, func_call)
           ^^^^^^^^^^^^^^^^^^^^^^^^^^^^^^^^^^^^^^^^^^^
  File "C:\Users\HP\AppData\Local\Programs\Python\Python313\Lib\concurrent\futures\thread.py", line 59, in run
    result = self.fn(*self.args, **self.kwargs)
  File "D:\Project\local-radar\backend\api\app\services\scraping_service.py", line 70, in get_scraped_data
    raise ScraperException(detail=f"No scraper available for category {category}")
app.core.exceptions.ScraperException: 500: Scraper error: No scraper available for category cafes
2025-04-05 10:38:43 - scraper_api - INFO - Returning cached data from Redis for schools in rajkot.
2025-04-05 10:38:43 - scraper_api - INFO - Cache hit for key: libraries_rajkot
2025-04-05 10:38:43 - scraper_api - INFO - Returning cached data from Redis for libraries in rajkot.
2025-04-05 10:38:44 - scraper_api - INFO - Cache hit for key: schools_rajkot
2025-04-05 10:38:44 - scraper_api - INFO - Returning cached data from Redis for schools in rajkot.
2025-04-05 10:38:44 - scraper_api - INFO - Cache miss for key: cafes_rajkot
2025-04-05 10:38:44 - scraper_api - ERROR - Error during scraping: 500: Scraper error: No scraper available for category cafes
Traceback (most recent call last):
  File "D:\Project\local-radar\backend\api\app\routes\api_routes.py", line 84, in scrape_data
    data = await asyncio.to_thread(get_scraped_data, category, location, **additional_params)
           ^^^^^^^^^^^^^^^^^^^^^^^^^^^^^^^^^^^^^^^^^^^^^^^^^^^^^^^^^^^^^^^^^^^^^^^^^^^^^^^^^^
  File "C:\Users\HP\AppData\Local\Programs\Python\Python313\Lib\asyncio\threads.py", line 25, in to_thread
    return await loop.run_in_executor(None, func_call)
           ^^^^^^^^^^^^^^^^^^^^^^^^^^^^^^^^^^^^^^^^^^^
  File "C:\Users\HP\AppData\Local\Programs\Python\Python313\Lib\concurrent\futures\thread.py", line 59, in run
    result = self.fn(*self.args, **self.kwargs)
  File "D:\Project\local-radar\backend\api\app\services\scraping_service.py", line 70, in get_scraped_data
    raise ScraperException(detail=f"No scraper available for category {category}")
app.core.exceptions.ScraperException: 500: Scraper error: No scraper available for category cafes
2025-04-05 10:38:44 - scraper_api - INFO - Rate limiter: Current count for IP 192.168.207.101 is 18
2025-04-05 10:38:44 - scraper_api - INFO - API key validation successful.
2025-04-05 10:38:44 - scraper_api - INFO - Cache hit for key: gyms_rajkot
2025-04-05 10:38:44 - scraper_api - INFO - Returning cached data from Redis for gyms in rajkot.
2025-04-05 10:38:45 - scraper_api - INFO - Cache hit for key: libraries_rajkot
2025-04-05 10:38:45 - scraper_api - INFO - Returning cached data from Redis for libraries in rajkot.
2025-04-05 10:39:15 - scraper_api - INFO - Rate limiter: Current count for IP 192.168.207.101 is 1
2025-04-05 10:39:15 - scraper_api - INFO - API key validation successful.
2025-04-05 10:39:15 - scraper_api - INFO - Rate limiter: Current count for IP 192.168.207.101 is 2
2025-04-05 10:39:15 - scraper_api - INFO - API key validation successful.
2025-04-05 10:39:15 - scraper_api - INFO - Rate limiter: Current count for IP 192.168.207.101 is 3
2025-04-05 10:39:15 - scraper_api - INFO - API key validation successful.
2025-04-05 10:39:15 - scraper_api - INFO - Rate limiter: Current count for IP 192.168.207.101 is 4
2025-04-05 10:39:15 - scraper_api - INFO - API key validation successful.
2025-04-05 10:39:15 - scraper_api - INFO - Rate limiter: Current count for IP 192.168.207.101 is 5
2025-04-05 10:39:15 - scraper_api - INFO - API key validation successful.
2025-04-05 10:39:15 - scraper_api - INFO - Rate limiter: Current count for IP 192.168.207.101 is 6
2025-04-05 10:39:15 - scraper_api - INFO - API key validation successful.
2025-04-05 10:39:15 - scraper_api - INFO - Cache miss for key: cafes_sat rasta 
2025-04-05 10:39:15 - scraper_api - INFO - Cache miss for key: gyms_sat rasta 
2025-04-05 10:39:15 - scraper_api - INFO - Cache miss for key: hotels_sat rasta 
2025-04-05 10:39:15 - scraper_api - INFO - Cache miss for key: libraries_sat rasta 
2025-04-05 10:39:15 - scraper_api - ERROR - Error during scraping: 500: Scraper error: No scraper available for category cafes
Traceback (most recent call last):
  File "D:\Project\local-radar\backend\api\app\routes\api_routes.py", line 84, in scrape_data
    data = await asyncio.to_thread(get_scraped_data, category, location, **additional_params)
           ^^^^^^^^^^^^^^^^^^^^^^^^^^^^^^^^^^^^^^^^^^^^^^^^^^^^^^^^^^^^^^^^^^^^^^^^^^^^^^^^^^
  File "C:\Users\HP\AppData\Local\Programs\Python\Python313\Lib\asyncio\threads.py", line 25, in to_thread
    return await loop.run_in_executor(None, func_call)
           ^^^^^^^^^^^^^^^^^^^^^^^^^^^^^^^^^^^^^^^^^^^
  File "C:\Users\HP\AppData\Local\Programs\Python\Python313\Lib\concurrent\futures\thread.py", line 59, in run
    result = self.fn(*self.args, **self.kwargs)
  File "D:\Project\local-radar\backend\api\app\services\scraping_service.py", line 70, in get_scraped_data
    raise ScraperException(detail=f"No scraper available for category {category}")
app.core.exceptions.ScraperException: 500: Scraper error: No scraper available for category cafes
2025-04-05 10:39:15 - scraper_api - INFO - Cache miss for key: schools_sat rasta 
2025-04-05 10:39:16 - scraper_api - INFO - Rate limiter: Current count for IP 192.168.207.101 is 7
2025-04-05 10:39:16 - scraper_api - INFO - API key validation successful.
2025-04-05 10:39:16 - scraper_api - INFO - Cache miss for key: restaurants_sat rasta 
2025-04-05 10:39:16 - scraper_api - INFO - Inserted/updated data for gyms in sat rasta 
2025-04-05 10:39:16 - scraper_api - INFO - Inserted/updated data for libraries in sat rasta 
2025-04-05 10:39:17 - scraper_api - INFO - Cache set for key: gyms_sat rasta  with TTL: 3600 seconds.
2025-04-05 10:39:17 - scraper_api - INFO - Cache set for key: libraries_sat rasta  with TTL: 3600 seconds.
2025-04-05 10:39:17 - scraper_api - INFO - Inserted/updated data for schools in sat rasta 
2025-04-05 10:39:17 - scraper_api - INFO - Inserted/updated data for hotels in sat rasta 
2025-04-05 10:39:17 - scraper_api - INFO - Cache set for key: schools_sat rasta  with TTL: 3600 seconds.
2025-04-05 10:39:17 - scraper_api - INFO - Rate limiter: Current count for IP 192.168.207.101 is 8
2025-04-05 10:39:17 - scraper_api - INFO - API key validation successful.
2025-04-05 10:39:17 - scraper_api - INFO - Cache miss for key: restaurants_sat rasta 
2025-04-05 10:39:17 - scraper_api - INFO - Cache set for key: hotels_sat rasta  with TTL: 3600 seconds.
2025-04-05 10:39:17 - scraper_api - INFO - Rate limiter: Current count for IP 192.168.207.101 is 9
2025-04-05 10:39:17 - scraper_api - INFO - API key validation successful.
2025-04-05 10:39:17 - scraper_api - INFO - Cache hit for key: hotels_sat rasta 
2025-04-05 10:39:17 - scraper_api - INFO - Returning cached data from Redis for hotels in sat rasta .
2025-04-05 10:39:18 - scraper_api - INFO - Cache hit for key: schools_sat rasta 
2025-04-05 10:39:18 - scraper_api - INFO - Returning cached data from Redis for schools in sat rasta .
2025-04-05 10:39:18 - scraper_api - INFO - Rate limiter: Current count for IP 192.168.207.101 is 11
2025-04-05 10:39:18 - scraper_api - INFO - API key validation successful.
2025-04-05 10:39:18 - scraper_api - INFO - Rate limiter: Current count for IP 192.168.207.101 is 10
2025-04-05 10:39:18 - scraper_api - INFO - API key validation successful.
2025-04-05 10:39:18 - scraper_api - INFO - Cache hit for key: libraries_sat rasta 
2025-04-05 10:39:18 - scraper_api - INFO - Returning cached data from Redis for libraries in sat rasta .
2025-04-05 10:39:18 - scraper_api - INFO - Cache miss for key: cafes_sat rasta 
2025-04-05 10:39:18 - scraper_api - ERROR - Error during scraping: 500: Scraper error: No scraper available for category cafes
Traceback (most recent call last):
  File "D:\Project\local-radar\backend\api\app\routes\api_routes.py", line 84, in scrape_data
    data = await asyncio.to_thread(get_scraped_data, category, location, **additional_params)
           ^^^^^^^^^^^^^^^^^^^^^^^^^^^^^^^^^^^^^^^^^^^^^^^^^^^^^^^^^^^^^^^^^^^^^^^^^^^^^^^^^^
  File "C:\Users\HP\AppData\Local\Programs\Python\Python313\Lib\asyncio\threads.py", line 25, in to_thread
    return await loop.run_in_executor(None, func_call)
           ^^^^^^^^^^^^^^^^^^^^^^^^^^^^^^^^^^^^^^^^^^^
  File "C:\Users\HP\AppData\Local\Programs\Python\Python313\Lib\concurrent\futures\thread.py", line 59, in run
    result = self.fn(*self.args, **self.kwargs)
  File "D:\Project\local-radar\backend\api\app\services\scraping_service.py", line 70, in get_scraped_data
    raise ScraperException(detail=f"No scraper available for category {category}")
app.core.exceptions.ScraperException: 500: Scraper error: No scraper available for category cafes
2025-04-05 10:39:18 - scraper_api - INFO - Rate limiter: Current count for IP 192.168.207.101 is 12
2025-04-05 10:39:18 - scraper_api - INFO - API key validation successful.
2025-04-05 10:39:18 - scraper_api - INFO - Cache hit for key: gyms_sat rasta 
2025-04-05 10:39:18 - scraper_api - INFO - Returning cached data from Redis for gyms in sat rasta .
2025-04-05 10:39:19 - scraper_api - INFO - Inserted/updated data for restaurants in sat rasta 
2025-04-05 10:39:19 - scraper_api - INFO - Data for restaurants in sat rasta  is already up to date
2025-04-05 10:39:19 - scraper_api - INFO - Cache set for key: restaurants_sat rasta  with TTL: 3600 seconds.
2025-04-05 10:39:19 - scraper_api - INFO - Cache set for key: restaurants_sat rasta  with TTL: 3600 seconds.
2025-04-05 10:39:31 - scraper_api - INFO - Rate limiter: Current count for IP 192.168.207.101 is 13
2025-04-05 10:39:31 - scraper_api - INFO - API key validation successful.
2025-04-05 10:39:31 - scraper_api - INFO - Rate limiter: Current count for IP 192.168.207.101 is 14
2025-04-05 10:39:31 - scraper_api - INFO - API key validation successful.
2025-04-05 10:39:31 - scraper_api - INFO - Rate limiter: Current count for IP 192.168.207.101 is 16
2025-04-05 10:39:31 - scraper_api - INFO - API key validation successful.
2025-04-05 10:39:31 - scraper_api - INFO - Rate limiter: Current count for IP 192.168.207.101 is 17
2025-04-05 10:39:31 - scraper_api - INFO - API key validation successful.
2025-04-05 10:39:31 - scraper_api - INFO - Rate limiter: Current count for IP 192.168.207.101 is 15
2025-04-05 10:39:31 - scraper_api - INFO - API key validation successful.
2025-04-05 10:39:31 - scraper_api - INFO - Rate limiter: Current count for IP 192.168.207.101 is 18
2025-04-05 10:39:31 - scraper_api - INFO - API key validation successful.
2025-04-05 10:39:31 - scraper_api - INFO - Cache miss for key: schools_dwarka
2025-04-05 10:39:31 - scraper_api - INFO - Cache miss for key: libraries_dwarka
2025-04-05 10:39:32 - scraper_api - INFO - Cache miss for key: gyms_dwarka
2025-04-05 10:39:32 - scraper_api - INFO - Cache miss for key: restaurants_dwarka
2025-04-05 10:39:32 - scraper_api - INFO - Cache miss for key: hotels_dwarka
2025-04-05 10:39:32 - scraper_api - INFO - Cache miss for key: cafes_dwarka
2025-04-05 10:39:32 - scraper_api - ERROR - Error during scraping: 500: Scraper error: No scraper available for category cafes
Traceback (most recent call last):
  File "D:\Project\local-radar\backend\api\app\routes\api_routes.py", line 84, in scrape_data
    data = await asyncio.to_thread(get_scraped_data, category, location, **additional_params)
           ^^^^^^^^^^^^^^^^^^^^^^^^^^^^^^^^^^^^^^^^^^^^^^^^^^^^^^^^^^^^^^^^^^^^^^^^^^^^^^^^^^
  File "C:\Users\HP\AppData\Local\Programs\Python\Python313\Lib\asyncio\threads.py", line 25, in to_thread
    return await loop.run_in_executor(None, func_call)
           ^^^^^^^^^^^^^^^^^^^^^^^^^^^^^^^^^^^^^^^^^^^
  File "C:\Users\HP\AppData\Local\Programs\Python\Python313\Lib\concurrent\futures\thread.py", line 59, in run
    result = self.fn(*self.args, **self.kwargs)
  File "D:\Project\local-radar\backend\api\app\services\scraping_service.py", line 70, in get_scraped_data
    raise ScraperException(detail=f"No scraper available for category {category}")
app.core.exceptions.ScraperException: 500: Scraper error: No scraper available for category cafes
2025-04-05 10:39:33 - scraper_api - INFO - Inserted/updated data for libraries in dwarka
2025-04-05 10:39:33 - scraper_api - INFO - Inserted/updated data for schools in dwarka
2025-04-05 10:39:33 - scraper_api - INFO - Cache set for key: libraries_dwarka with TTL: 3600 seconds.
2025-04-05 10:39:33 - scraper_api - INFO - Cache set for key: schools_dwarka with TTL: 3600 seconds.
2025-04-05 10:39:33 - scraper_api - INFO - Inserted/updated data for gyms in dwarka
2025-04-05 10:39:33 - scraper_api - INFO - Cache set for key: gyms_dwarka with TTL: 3600 seconds.
2025-04-05 10:39:33 - scraper_api - INFO - Inserted/updated data for hotels in dwarka
2025-04-05 10:39:33 - scraper_api - INFO - Inserted/updated data for restaurants in dwarka
2025-04-05 10:39:34 - scraper_api - INFO - Cache set for key: hotels_dwarka with TTL: 3600 seconds.
2025-04-05 10:39:34 - scraper_api - INFO - Cache set for key: restaurants_dwarka with TTL: 3600 seconds.
2025-04-05 10:41:21 - scraper_api - INFO - Application shutdown initiated.
2025-04-05 22:24:55 - scraper_api - WARNING - Module app.scrapers.scraper_config does not have a 'main' function and was skipped.
2025-04-05 22:24:55 - scraper_api - WARNING - Module app.scrapers._common does not have a 'main' function and was skipped.
2025-04-05 22:24:56 - scraper_api - INFO - Loaded scraper module: app.scrapers.amusementparks.amusementparks as key: amusementparks
2025-04-05 22:24:56 - scraper_api - INFO - Loaded scraper module: app.scrapers.bakeries.bakeries as key: bakeries
2025-04-05 22:24:56 - scraper_api - INFO - Loaded scraper module: app.scrapers.bars.bars as key: bars
2025-04-05 22:24:56 - scraper_api - INFO - Loaded scraper module: app.scrapers.beaches.beaches as key: beaches
2025-04-05 22:24:56 - scraper_api - INFO - Loaded scraper module: app.scrapers.bookstores.bookstores as key: bookstores
2025-04-05 22:24:56 - scraper_api - INFO - Loaded scraper module: app.scrapers.carrepairservices.carrepairservices as key: carrepairservices
2025-04-05 22:24:56 - scraper_api - INFO - Loaded scraper module: app.scrapers.cinemas.cinemas as key: cinemas
2025-04-05 22:24:56 - scraper_api - INFO - Loaded scraper module: app.scrapers.clinics.clinics as key: clinics
2025-04-05 22:24:56 - scraper_api - INFO - Loaded scraper module: app.scrapers.clothingstores.clothingstores as key: clothingstores
2025-04-05 22:24:56 - scraper_api - INFO - Loaded scraper module: app.scrapers.coachingcenters.coachingcenters as key: coachingcenters
2025-04-05 22:24:56 - scraper_api - INFO - Loaded scraper module: app.scrapers.coffeeshops.coffeeshops as key: coffeeshops
2025-04-05 22:24:56 - scraper_api - INFO - Loaded scraper module: app.scrapers.colleges.colleges as key: colleges
2025-04-05 22:24:56 - scraper_api - INFO - Loaded scraper module: app.scrapers.dentists.dentists as key: dentists
2025-04-05 22:24:56 - scraper_api - INFO - Loaded scraper module: app.scrapers.electronicstores.electronicstores as key: electronicstores
2025-04-05 22:24:56 - scraper_api - INFO - Loaded scraper module: app.scrapers.eyecarecenters.eyecarecenters as key: eyecarecenters
2025-04-05 22:24:56 - scraper_api - INFO - Loaded scraper module: app.scrapers.fastfood.fastfood as key: fastfood
2025-04-05 22:24:56 - scraper_api - INFO - Loaded scraper module: app.scrapers.firestation.firestation as key: firestation
2025-04-05 22:24:56 - scraper_api - INFO - Loaded scraper module: app.scrapers.furniturestores.furniturestores as key: furniturestores
2025-04-05 22:24:56 - scraper_api - INFO - Loaded scraper module: app.scrapers.grocerystore.grocerystore as key: grocerystore
2025-04-05 22:24:56 - scraper_api - INFO - Loaded scraper module: app.scrapers.gyms.gyms as key: gyms
2025-04-05 22:24:56 - scraper_api - INFO - Loaded scraper module: app.scrapers.hospitals.hospitals as key: hospitals
2025-04-05 22:24:56 - scraper_api - INFO - Loaded scraper module: app.scrapers.hostels.hostels as key: hostels
2025-04-05 22:24:56 - scraper_api - INFO - Loaded scraper module: app.scrapers.hotels.hotels as key: hotels
2025-04-05 22:24:56 - scraper_api - INFO - Loaded scraper module: app.scrapers.jewelryshops.jewelryshops as key: jewelryshops
2025-04-05 22:24:56 - scraper_api - INFO - Loaded scraper module: app.scrapers.jobs.apna as key: apna
2025-04-05 22:24:56 - scraper_api - INFO - Loaded scraper module: app.scrapers.jobs.naukri as key: naukri
2025-04-05 22:24:56 - scraper_api - INFO - Loaded scraper module: app.scrapers.jobs.shine as key: shine
2025-04-05 22:25:22 - scraper_api - INFO - Loaded scraper module: app.scrapers.libraries.libraries as key: libraries
2025-04-05 22:25:22 - scraper_api - INFO - Loaded scraper module: app.scrapers.museums.museums as key: museums
2025-04-05 22:25:22 - scraper_api - INFO - Loaded scraper module: app.scrapers.musicdanceacademies.musicdanceacademies as key: musicdanceacademies
2025-04-05 22:25:22 - scraper_api - INFO - Loaded scraper module: app.scrapers.news.indiatoday as key: indiatoday
2025-04-05 22:25:22 - scraper_api - INFO - Loaded scraper module: app.scrapers.nightclubs.nightclubs as key: nightclubs
2025-04-05 22:25:22 - scraper_api - INFO - Loaded scraper module: app.scrapers.parks.parks as key: parks
2025-04-05 22:25:22 - scraper_api - INFO - Loaded scraper module: app.scrapers.policestations.policestations as key: policestations
2025-04-05 22:25:22 - scraper_api - INFO - Loaded scraper module: app.scrapers.publictransport.publictransport as key: publictransport
2025-04-05 22:25:22 - scraper_api - INFO - Loaded scraper module: app.scrapers.restaurant.restaurants as key: restaurants
2025-04-05 22:25:22 - scraper_api - INFO - Loaded scraper module: app.scrapers.salons.salons as key: salons
2025-04-05 22:25:22 - scraper_api - INFO - Loaded scraper module: app.scrapers.schools.schools as key: schools
2025-04-05 22:25:22 - scraper_api - INFO - Loaded scraper module: app.scrapers.shoppingmalls.shoppingmalls as key: shoppingmalls
2025-04-05 22:25:22 - scraper_api - INFO - Loaded scraper module: app.scrapers.sportsclubs.sportsclubs as key: sportsclubs
2025-04-05 22:25:22 - scraper_api - INFO - Loaded scraper module: app.scrapers.supermarkets.supermarkets as key: supermarkets
2025-04-05 22:25:22 - scraper_api - INFO - Loaded scraper module: app.scrapers.temples.temples as key: temples
2025-04-05 22:25:22 - scraper_api - INFO - Loaded scraper module: app.scrapers.weather.weather as key: weather
2025-04-05 22:25:22 - scraper_api - INFO - Loaded scraper module: app.scrapers.yogacenters.yogacenters as key: yogacenters
2025-04-05 22:25:22 - scraper_api - INFO - Connected to Redis successfully.
2025-04-05 22:25:23 - scraper_api - INFO - Connected to MongoDB: LOCAL_RADAR
2025-04-05 22:25:24 - scraper_api - INFO - Celery app created with broker: rediss://:ATytAAIjcDE4ZDY4M2VkOTZkNWM0NTA4YTI5OWRjOTNlMjI0OGRhOHAxMA@regular-mule-15533.upstash.io:6379
2025-04-05 22:25:24 - scraper_api - INFO - Celery configuration updated.
2025-04-05 22:25:24 - scraper_api - INFO - Application startup initiated.
2025-04-05 22:29:12 - scraper_api - ERROR - Unhandled exception occurred:
  + Exception Group Traceback (most recent call last):
  |   File "C:\Users\HP\AppData\Local\Programs\Python\Python313\Lib\site-packages\starlette\_utils.py", line 76, in collapse_excgroups
  |     yield
  |   File "C:\Users\HP\AppData\Local\Programs\Python\Python313\Lib\site-packages\starlette\middleware\base.py", line 178, in __call__
  |     async with anyio.create_task_group() as task_group:
  |                ~~~~~~~~~~~~~~~~~~~~~~~^^
  |   File "C:\Users\HP\AppData\Local\Programs\Python\Python313\Lib\site-packages\anyio\_backends\_asyncio.py", line 736, in __aexit__
  |     raise BaseExceptionGroup(
  |         "unhandled errors in a TaskGroup", self._exceptions
  |     )
  | ExceptionGroup: unhandled errors in a TaskGroup (1 sub-exception)
  +-+---------------- 1 ----------------
    | Traceback (most recent call last):
    |   File "C:\Users\HP\AppData\Local\Programs\Python\Python313\Lib\site-packages\starlette\middleware\errors.py", line 165, in __call__
    |     await self.app(scope, receive, _send)
    |   File "C:\Users\HP\AppData\Local\Programs\Python\Python313\Lib\site-packages\starlette\middleware\cors.py", line 93, in __call__
    |     await self.simple_response(scope, receive, send, request_headers=headers)
    |   File "C:\Users\HP\AppData\Local\Programs\Python\Python313\Lib\site-packages\starlette\middleware\cors.py", line 144, in simple_response
    |     await self.app(scope, receive, send)
    |   File "C:\Users\HP\AppData\Local\Programs\Python\Python313\Lib\site-packages\starlette\middleware\base.py", line 177, in __call__
    |     with recv_stream, send_stream, collapse_excgroups():
    |                                    ~~~~~~~~~~~~~~~~~~^^
    |   File "C:\Users\HP\AppData\Local\Programs\Python\Python313\Lib\contextlib.py", line 162, in __exit__
    |     self.gen.throw(value)
    |     ~~~~~~~~~~~~~~^^^^^^^
    |   File "C:\Users\HP\AppData\Local\Programs\Python\Python313\Lib\site-packages\starlette\_utils.py", line 82, in collapse_excgroups
    |     raise exc
    |   File "C:\Users\HP\AppData\Local\Programs\Python\Python313\Lib\site-packages\starlette\middleware\base.py", line 179, in __call__
    |     response = await self.dispatch_func(request, call_next)
    |                ^^^^^^^^^^^^^^^^^^^^^^^^^^^^^^^^^^^^^^^^^^^^
    |   File "D:\Project\local-radar\backend\api\app\middleware\request_logger.py", line 26, in log_request
    |     response = await call_next(request)
    |                ^^^^^^^^^^^^^^^^^^^^^^^^
    |   File "C:\Users\HP\AppData\Local\Programs\Python\Python313\Lib\site-packages\starlette\middleware\base.py", line 154, in call_next
    |     raise app_exc
    |   File "C:\Users\HP\AppData\Local\Programs\Python\Python313\Lib\site-packages\starlette\middleware\base.py", line 141, in coro
    |     await self.app(scope, receive_or_disconnect, send_no_error)
    |   File "C:\Users\HP\AppData\Local\Programs\Python\Python313\Lib\site-packages\starlette\middleware\base.py", line 177, in __call__
    |     with recv_stream, send_stream, collapse_excgroups():
    |                                    ~~~~~~~~~~~~~~~~~~^^
    |   File "C:\Users\HP\AppData\Local\Programs\Python\Python313\Lib\contextlib.py", line 162, in __exit__
    |     self.gen.throw(value)
    |     ~~~~~~~~~~~~~~^^^^^^^
    |   File "C:\Users\HP\AppData\Local\Programs\Python\Python313\Lib\site-packages\starlette\_utils.py", line 82, in collapse_excgroups
    |     raise exc
    |   File "C:\Users\HP\AppData\Local\Programs\Python\Python313\Lib\site-packages\starlette\middleware\base.py", line 179, in __call__
    |     response = await self.dispatch_func(request, call_next)
    |                ^^^^^^^^^^^^^^^^^^^^^^^^^^^^^^^^^^^^^^^^^^^^
    |   File "D:\Project\local-radar\backend\api\app\middleware\header_validator.py", line 86, in header_validator
    |     response = await call_next(request)
    |                ^^^^^^^^^^^^^^^^^^^^^^^^
    |   File "C:\Users\HP\AppData\Local\Programs\Python\Python313\Lib\site-packages\starlette\middleware\base.py", line 154, in call_next
    |     raise app_exc
    |   File "C:\Users\HP\AppData\Local\Programs\Python\Python313\Lib\site-packages\starlette\middleware\base.py", line 141, in coro
    |     await self.app(scope, receive_or_disconnect, send_no_error)
    |   File "C:\Users\HP\AppData\Local\Programs\Python\Python313\Lib\site-packages\starlette\middleware\exceptions.py", line 62, in __call__
    |     await wrap_app_handling_exceptions(self.app, conn)(scope, receive, send)
    |   File "C:\Users\HP\AppData\Local\Programs\Python\Python313\Lib\site-packages\starlette\_exception_handler.py", line 53, in wrapped_app
    |     raise exc
    |   File "C:\Users\HP\AppData\Local\Programs\Python\Python313\Lib\site-packages\starlette\_exception_handler.py", line 42, in wrapped_app
    |     await app(scope, receive, sender)
    |   File "C:\Users\HP\AppData\Local\Programs\Python\Python313\Lib\site-packages\starlette\routing.py", line 715, in __call__
    |     await self.middleware_stack(scope, receive, send)
    |   File "C:\Users\HP\AppData\Local\Programs\Python\Python313\Lib\site-packages\starlette\routing.py", line 735, in app
    |     await route.handle(scope, receive, send)
    |   File "C:\Users\HP\AppData\Local\Programs\Python\Python313\Lib\site-packages\starlette\routing.py", line 288, in handle
    |     await self.app(scope, receive, send)
    |   File "C:\Users\HP\AppData\Local\Programs\Python\Python313\Lib\site-packages\starlette\routing.py", line 76, in app
    |     await wrap_app_handling_exceptions(app, request)(scope, receive, send)
    |   File "C:\Users\HP\AppData\Local\Programs\Python\Python313\Lib\site-packages\starlette\_exception_handler.py", line 53, in wrapped_app
    |     raise exc
    |   File "C:\Users\HP\AppData\Local\Programs\Python\Python313\Lib\site-packages\starlette\_exception_handler.py", line 42, in wrapped_app
    |     await app(scope, receive, sender)
    |   File "C:\Users\HP\AppData\Local\Programs\Python\Python313\Lib\site-packages\starlette\routing.py", line 73, in app
    |     response = await f(request)
    |                ^^^^^^^^^^^^^^^^
    |   File "C:\Users\HP\AppData\Local\Programs\Python\Python313\Lib\site-packages\fastapi\routing.py", line 291, in app
    |     solved_result = await solve_dependencies(
    |                     ^^^^^^^^^^^^^^^^^^^^^^^^^
    |     ...<6 lines>...
    |     )
    |     ^
    |   File "C:\Users\HP\AppData\Local\Programs\Python\Python313\Lib\site-packages\fastapi\dependencies\utils.py", line 638, in solve_dependencies
    |     solved = await call(**solved_result.values)
    |              ^^^^^^^^^^^^^^^^^^^^^^^^^^^^^^^^^^
    |   File "D:\Project\local-radar\backend\api\app\security\rate_limiter.py", line 43, in __call__
    |     is_blocked: Any = await asyncio.to_thread(redis_client.get, block_key)
    |                       ^^^^^^^^^^^^^^^^^^^^^^^^^^^^^^^^^^^^^^^^^^^^^^^^^^^^
    |   File "C:\Users\HP\AppData\Local\Programs\Python\Python313\Lib\asyncio\threads.py", line 25, in to_thread
    |     return await loop.run_in_executor(None, func_call)
    |            ^^^^^^^^^^^^^^^^^^^^^^^^^^^^^^^^^^^^^^^^^^^
    |   File "C:\Users\HP\AppData\Local\Programs\Python\Python313\Lib\concurrent\futures\thread.py", line 59, in run
    |     result = self.fn(*self.args, **self.kwargs)
    |   File "C:\Users\HP\AppData\Local\Programs\Python\Python313\Lib\site-packages\redis\commands\core.py", line 1822, in get
    |     return self.execute_command("GET", name, keys=[name])
    |            ~~~~~~~~~~~~~~~~~~~~^^^^^^^^^^^^^^^^^^^^^^^^^^
    |   File "C:\Users\HP\AppData\Local\Programs\Python\Python313\Lib\site-packages\redis\client.py", line 559, in execute_command
    |     return self._execute_command(*args, **options)
    |            ~~~~~~~~~~~~~~~~~~~~~^^^^^^^^^^^^^^^^^^
    |   File "C:\Users\HP\AppData\Local\Programs\Python\Python313\Lib\site-packages\redis\client.py", line 565, in _execute_command
    |     conn = self.connection or pool.get_connection(command_name, **options)
    |                               ~~~~~~~~~~~~~~~~~~~^^^^^^^^^^^^^^^^^^^^^^^^^
    |   File "C:\Users\HP\AppData\Local\Programs\Python\Python313\Lib\site-packages\redis\connection.py", line 1422, in get_connection
    |     connection.connect()
    |     ~~~~~~~~~~~~~~~~~~^^
    |   File "C:\Users\HP\AppData\Local\Programs\Python\Python313\Lib\site-packages\redis\connection.py", line 363, in connect
    |     raise ConnectionError(self._error_message(e))
    | redis.exceptions.ConnectionError: Error 11001 connecting to regular-mule-15533.upstash.io:6379. getaddrinfo failed.
    +------------------------------------

During handling of the above exception, another exception occurred:

Traceback (most recent call last):
  File "C:\Users\HP\AppData\Local\Programs\Python\Python313\Lib\site-packages\starlette\middleware\errors.py", line 165, in __call__
    await self.app(scope, receive, _send)
  File "C:\Users\HP\AppData\Local\Programs\Python\Python313\Lib\site-packages\starlette\middleware\cors.py", line 93, in __call__
    await self.simple_response(scope, receive, send, request_headers=headers)
  File "C:\Users\HP\AppData\Local\Programs\Python\Python313\Lib\site-packages\starlette\middleware\cors.py", line 144, in simple_response
    await self.app(scope, receive, send)
  File "C:\Users\HP\AppData\Local\Programs\Python\Python313\Lib\site-packages\starlette\middleware\base.py", line 177, in __call__
    with recv_stream, send_stream, collapse_excgroups():
                                   ~~~~~~~~~~~~~~~~~~^^
  File "C:\Users\HP\AppData\Local\Programs\Python\Python313\Lib\contextlib.py", line 162, in __exit__
    self.gen.throw(value)
    ~~~~~~~~~~~~~~^^^^^^^
  File "C:\Users\HP\AppData\Local\Programs\Python\Python313\Lib\site-packages\starlette\_utils.py", line 82, in collapse_excgroups
    raise exc
  File "C:\Users\HP\AppData\Local\Programs\Python\Python313\Lib\site-packages\starlette\middleware\base.py", line 179, in __call__
    response = await self.dispatch_func(request, call_next)
               ^^^^^^^^^^^^^^^^^^^^^^^^^^^^^^^^^^^^^^^^^^^^
  File "D:\Project\local-radar\backend\api\app\middleware\request_logger.py", line 26, in log_request
    response = await call_next(request)
               ^^^^^^^^^^^^^^^^^^^^^^^^
  File "C:\Users\HP\AppData\Local\Programs\Python\Python313\Lib\site-packages\starlette\middleware\base.py", line 154, in call_next
    raise app_exc
  File "C:\Users\HP\AppData\Local\Programs\Python\Python313\Lib\site-packages\starlette\middleware\base.py", line 141, in coro
    await self.app(scope, receive_or_disconnect, send_no_error)
  File "C:\Users\HP\AppData\Local\Programs\Python\Python313\Lib\site-packages\starlette\middleware\base.py", line 177, in __call__
    with recv_stream, send_stream, collapse_excgroups():
                                   ~~~~~~~~~~~~~~~~~~^^
  File "C:\Users\HP\AppData\Local\Programs\Python\Python313\Lib\contextlib.py", line 162, in __exit__
    self.gen.throw(value)
    ~~~~~~~~~~~~~~^^^^^^^
  File "C:\Users\HP\AppData\Local\Programs\Python\Python313\Lib\site-packages\starlette\_utils.py", line 82, in collapse_excgroups
    raise exc
  File "C:\Users\HP\AppData\Local\Programs\Python\Python313\Lib\site-packages\starlette\middleware\base.py", line 179, in __call__
    response = await self.dispatch_func(request, call_next)
               ^^^^^^^^^^^^^^^^^^^^^^^^^^^^^^^^^^^^^^^^^^^^
  File "D:\Project\local-radar\backend\api\app\middleware\header_validator.py", line 86, in header_validator
    response = await call_next(request)
               ^^^^^^^^^^^^^^^^^^^^^^^^
  File "C:\Users\HP\AppData\Local\Programs\Python\Python313\Lib\site-packages\starlette\middleware\base.py", line 154, in call_next
    raise app_exc
  File "C:\Users\HP\AppData\Local\Programs\Python\Python313\Lib\site-packages\starlette\middleware\base.py", line 141, in coro
    await self.app(scope, receive_or_disconnect, send_no_error)
  File "C:\Users\HP\AppData\Local\Programs\Python\Python313\Lib\site-packages\starlette\middleware\exceptions.py", line 62, in __call__
    await wrap_app_handling_exceptions(self.app, conn)(scope, receive, send)
  File "C:\Users\HP\AppData\Local\Programs\Python\Python313\Lib\site-packages\starlette\_exception_handler.py", line 53, in wrapped_app
    raise exc
  File "C:\Users\HP\AppData\Local\Programs\Python\Python313\Lib\site-packages\starlette\_exception_handler.py", line 42, in wrapped_app
    await app(scope, receive, sender)
  File "C:\Users\HP\AppData\Local\Programs\Python\Python313\Lib\site-packages\starlette\routing.py", line 715, in __call__
    await self.middleware_stack(scope, receive, send)
  File "C:\Users\HP\AppData\Local\Programs\Python\Python313\Lib\site-packages\starlette\routing.py", line 735, in app
    await route.handle(scope, receive, send)
  File "C:\Users\HP\AppData\Local\Programs\Python\Python313\Lib\site-packages\starlette\routing.py", line 288, in handle
    await self.app(scope, receive, send)
  File "C:\Users\HP\AppData\Local\Programs\Python\Python313\Lib\site-packages\starlette\routing.py", line 76, in app
    await wrap_app_handling_exceptions(app, request)(scope, receive, send)
  File "C:\Users\HP\AppData\Local\Programs\Python\Python313\Lib\site-packages\starlette\_exception_handler.py", line 53, in wrapped_app
    raise exc
  File "C:\Users\HP\AppData\Local\Programs\Python\Python313\Lib\site-packages\starlette\_exception_handler.py", line 42, in wrapped_app
    await app(scope, receive, sender)
  File "C:\Users\HP\AppData\Local\Programs\Python\Python313\Lib\site-packages\starlette\routing.py", line 73, in app
    response = await f(request)
               ^^^^^^^^^^^^^^^^
  File "C:\Users\HP\AppData\Local\Programs\Python\Python313\Lib\site-packages\fastapi\routing.py", line 291, in app
    solved_result = await solve_dependencies(
                    ^^^^^^^^^^^^^^^^^^^^^^^^^
    ...<6 lines>...
    )
    ^
  File "C:\Users\HP\AppData\Local\Programs\Python\Python313\Lib\site-packages\fastapi\dependencies\utils.py", line 638, in solve_dependencies
    solved = await call(**solved_result.values)
             ^^^^^^^^^^^^^^^^^^^^^^^^^^^^^^^^^^
  File "D:\Project\local-radar\backend\api\app\security\rate_limiter.py", line 43, in __call__
    is_blocked: Any = await asyncio.to_thread(redis_client.get, block_key)
                      ^^^^^^^^^^^^^^^^^^^^^^^^^^^^^^^^^^^^^^^^^^^^^^^^^^^^
  File "C:\Users\HP\AppData\Local\Programs\Python\Python313\Lib\asyncio\threads.py", line 25, in to_thread
    return await loop.run_in_executor(None, func_call)
           ^^^^^^^^^^^^^^^^^^^^^^^^^^^^^^^^^^^^^^^^^^^
  File "C:\Users\HP\AppData\Local\Programs\Python\Python313\Lib\concurrent\futures\thread.py", line 59, in run
    result = self.fn(*self.args, **self.kwargs)
  File "C:\Users\HP\AppData\Local\Programs\Python\Python313\Lib\site-packages\redis\commands\core.py", line 1822, in get
    return self.execute_command("GET", name, keys=[name])
           ~~~~~~~~~~~~~~~~~~~~^^^^^^^^^^^^^^^^^^^^^^^^^^
  File "C:\Users\HP\AppData\Local\Programs\Python\Python313\Lib\site-packages\redis\client.py", line 559, in execute_command
    return self._execute_command(*args, **options)
           ~~~~~~~~~~~~~~~~~~~~~^^^^^^^^^^^^^^^^^^
  File "C:\Users\HP\AppData\Local\Programs\Python\Python313\Lib\site-packages\redis\client.py", line 565, in _execute_command
    conn = self.connection or pool.get_connection(command_name, **options)
                              ~~~~~~~~~~~~~~~~~~~^^^^^^^^^^^^^^^^^^^^^^^^^
  File "C:\Users\HP\AppData\Local\Programs\Python\Python313\Lib\site-packages\redis\connection.py", line 1422, in get_connection
    connection.connect()
    ~~~~~~~~~~~~~~~~~~^^
  File "C:\Users\HP\AppData\Local\Programs\Python\Python313\Lib\site-packages\redis\connection.py", line 363, in connect
    raise ConnectionError(self._error_message(e))
redis.exceptions.ConnectionError: Error 11001 connecting to regular-mule-15533.upstash.io:6379. getaddrinfo failed.
2025-04-05 22:29:12 - scraper_api - ERROR - Unhandled exception occurred:
  + Exception Group Traceback (most recent call last):
  |   File "C:\Users\HP\AppData\Local\Programs\Python\Python313\Lib\site-packages\starlette\_utils.py", line 76, in collapse_excgroups
  |     yield
  |   File "C:\Users\HP\AppData\Local\Programs\Python\Python313\Lib\site-packages\starlette\middleware\base.py", line 178, in __call__
  |     async with anyio.create_task_group() as task_group:
  |                ~~~~~~~~~~~~~~~~~~~~~~~^^
  |   File "C:\Users\HP\AppData\Local\Programs\Python\Python313\Lib\site-packages\anyio\_backends\_asyncio.py", line 736, in __aexit__
  |     raise BaseExceptionGroup(
  |         "unhandled errors in a TaskGroup", self._exceptions
  |     )
  | ExceptionGroup: unhandled errors in a TaskGroup (1 sub-exception)
  +-+---------------- 1 ----------------
    | Traceback (most recent call last):
    |   File "C:\Users\HP\AppData\Local\Programs\Python\Python313\Lib\site-packages\starlette\middleware\errors.py", line 165, in __call__
    |     await self.app(scope, receive, _send)
    |   File "C:\Users\HP\AppData\Local\Programs\Python\Python313\Lib\site-packages\starlette\middleware\cors.py", line 93, in __call__
    |     await self.simple_response(scope, receive, send, request_headers=headers)
    |   File "C:\Users\HP\AppData\Local\Programs\Python\Python313\Lib\site-packages\starlette\middleware\cors.py", line 144, in simple_response
    |     await self.app(scope, receive, send)
    |   File "C:\Users\HP\AppData\Local\Programs\Python\Python313\Lib\site-packages\starlette\middleware\base.py", line 177, in __call__
    |     with recv_stream, send_stream, collapse_excgroups():
    |                                    ~~~~~~~~~~~~~~~~~~^^
    |   File "C:\Users\HP\AppData\Local\Programs\Python\Python313\Lib\contextlib.py", line 162, in __exit__
    |     self.gen.throw(value)
    |     ~~~~~~~~~~~~~~^^^^^^^
    |   File "C:\Users\HP\AppData\Local\Programs\Python\Python313\Lib\site-packages\starlette\_utils.py", line 82, in collapse_excgroups
    |     raise exc
    |   File "C:\Users\HP\AppData\Local\Programs\Python\Python313\Lib\site-packages\starlette\middleware\base.py", line 179, in __call__
    |     response = await self.dispatch_func(request, call_next)
    |                ^^^^^^^^^^^^^^^^^^^^^^^^^^^^^^^^^^^^^^^^^^^^
    |   File "D:\Project\local-radar\backend\api\app\middleware\request_logger.py", line 26, in log_request
    |     response = await call_next(request)
    |                ^^^^^^^^^^^^^^^^^^^^^^^^
    |   File "C:\Users\HP\AppData\Local\Programs\Python\Python313\Lib\site-packages\starlette\middleware\base.py", line 154, in call_next
    |     raise app_exc
    |   File "C:\Users\HP\AppData\Local\Programs\Python\Python313\Lib\site-packages\starlette\middleware\base.py", line 141, in coro
    |     await self.app(scope, receive_or_disconnect, send_no_error)
    |   File "C:\Users\HP\AppData\Local\Programs\Python\Python313\Lib\site-packages\starlette\middleware\base.py", line 177, in __call__
    |     with recv_stream, send_stream, collapse_excgroups():
    |                                    ~~~~~~~~~~~~~~~~~~^^
    |   File "C:\Users\HP\AppData\Local\Programs\Python\Python313\Lib\contextlib.py", line 162, in __exit__
    |     self.gen.throw(value)
    |     ~~~~~~~~~~~~~~^^^^^^^
    |   File "C:\Users\HP\AppData\Local\Programs\Python\Python313\Lib\site-packages\starlette\_utils.py", line 82, in collapse_excgroups
    |     raise exc
    |   File "C:\Users\HP\AppData\Local\Programs\Python\Python313\Lib\site-packages\starlette\middleware\base.py", line 179, in __call__
    |     response = await self.dispatch_func(request, call_next)
    |                ^^^^^^^^^^^^^^^^^^^^^^^^^^^^^^^^^^^^^^^^^^^^
    |   File "D:\Project\local-radar\backend\api\app\middleware\header_validator.py", line 86, in header_validator
    |     response = await call_next(request)
    |                ^^^^^^^^^^^^^^^^^^^^^^^^
    |   File "C:\Users\HP\AppData\Local\Programs\Python\Python313\Lib\site-packages\starlette\middleware\base.py", line 154, in call_next
    |     raise app_exc
    |   File "C:\Users\HP\AppData\Local\Programs\Python\Python313\Lib\site-packages\starlette\middleware\base.py", line 141, in coro
    |     await self.app(scope, receive_or_disconnect, send_no_error)
    |   File "C:\Users\HP\AppData\Local\Programs\Python\Python313\Lib\site-packages\starlette\middleware\exceptions.py", line 62, in __call__
    |     await wrap_app_handling_exceptions(self.app, conn)(scope, receive, send)
    |   File "C:\Users\HP\AppData\Local\Programs\Python\Python313\Lib\site-packages\starlette\_exception_handler.py", line 53, in wrapped_app
    |     raise exc
    |   File "C:\Users\HP\AppData\Local\Programs\Python\Python313\Lib\site-packages\starlette\_exception_handler.py", line 42, in wrapped_app
    |     await app(scope, receive, sender)
    |   File "C:\Users\HP\AppData\Local\Programs\Python\Python313\Lib\site-packages\starlette\routing.py", line 715, in __call__
    |     await self.middleware_stack(scope, receive, send)
    |   File "C:\Users\HP\AppData\Local\Programs\Python\Python313\Lib\site-packages\starlette\routing.py", line 735, in app
    |     await route.handle(scope, receive, send)
    |   File "C:\Users\HP\AppData\Local\Programs\Python\Python313\Lib\site-packages\starlette\routing.py", line 288, in handle
    |     await self.app(scope, receive, send)
    |   File "C:\Users\HP\AppData\Local\Programs\Python\Python313\Lib\site-packages\starlette\routing.py", line 76, in app
    |     await wrap_app_handling_exceptions(app, request)(scope, receive, send)
    |   File "C:\Users\HP\AppData\Local\Programs\Python\Python313\Lib\site-packages\starlette\_exception_handler.py", line 53, in wrapped_app
    |     raise exc
    |   File "C:\Users\HP\AppData\Local\Programs\Python\Python313\Lib\site-packages\starlette\_exception_handler.py", line 42, in wrapped_app
    |     await app(scope, receive, sender)
    |   File "C:\Users\HP\AppData\Local\Programs\Python\Python313\Lib\site-packages\starlette\routing.py", line 73, in app
    |     response = await f(request)
    |                ^^^^^^^^^^^^^^^^
    |   File "C:\Users\HP\AppData\Local\Programs\Python\Python313\Lib\site-packages\fastapi\routing.py", line 291, in app
    |     solved_result = await solve_dependencies(
    |                     ^^^^^^^^^^^^^^^^^^^^^^^^^
    |     ...<6 lines>...
    |     )
    |     ^
    |   File "C:\Users\HP\AppData\Local\Programs\Python\Python313\Lib\site-packages\fastapi\dependencies\utils.py", line 638, in solve_dependencies
    |     solved = await call(**solved_result.values)
    |              ^^^^^^^^^^^^^^^^^^^^^^^^^^^^^^^^^^
    |   File "D:\Project\local-radar\backend\api\app\security\rate_limiter.py", line 43, in __call__
    |     is_blocked: Any = await asyncio.to_thread(redis_client.get, block_key)
    |                       ^^^^^^^^^^^^^^^^^^^^^^^^^^^^^^^^^^^^^^^^^^^^^^^^^^^^
    |   File "C:\Users\HP\AppData\Local\Programs\Python\Python313\Lib\asyncio\threads.py", line 25, in to_thread
    |     return await loop.run_in_executor(None, func_call)
    |            ^^^^^^^^^^^^^^^^^^^^^^^^^^^^^^^^^^^^^^^^^^^
    |   File "C:\Users\HP\AppData\Local\Programs\Python\Python313\Lib\concurrent\futures\thread.py", line 59, in run
    |     result = self.fn(*self.args, **self.kwargs)
    |   File "C:\Users\HP\AppData\Local\Programs\Python\Python313\Lib\site-packages\redis\commands\core.py", line 1822, in get
    |     return self.execute_command("GET", name, keys=[name])
    |            ~~~~~~~~~~~~~~~~~~~~^^^^^^^^^^^^^^^^^^^^^^^^^^
    |   File "C:\Users\HP\AppData\Local\Programs\Python\Python313\Lib\site-packages\redis\client.py", line 559, in execute_command
    |     return self._execute_command(*args, **options)
    |            ~~~~~~~~~~~~~~~~~~~~~^^^^^^^^^^^^^^^^^^
    |   File "C:\Users\HP\AppData\Local\Programs\Python\Python313\Lib\site-packages\redis\client.py", line 565, in _execute_command
    |     conn = self.connection or pool.get_connection(command_name, **options)
    |                               ~~~~~~~~~~~~~~~~~~~^^^^^^^^^^^^^^^^^^^^^^^^^
    |   File "C:\Users\HP\AppData\Local\Programs\Python\Python313\Lib\site-packages\redis\connection.py", line 1422, in get_connection
    |     connection.connect()
    |     ~~~~~~~~~~~~~~~~~~^^
    |   File "C:\Users\HP\AppData\Local\Programs\Python\Python313\Lib\site-packages\redis\connection.py", line 363, in connect
    |     raise ConnectionError(self._error_message(e))
    | redis.exceptions.ConnectionError: Error 11001 connecting to regular-mule-15533.upstash.io:6379. getaddrinfo failed.
    +------------------------------------

During handling of the above exception, another exception occurred:

Traceback (most recent call last):
  File "C:\Users\HP\AppData\Local\Programs\Python\Python313\Lib\site-packages\starlette\middleware\errors.py", line 165, in __call__
    await self.app(scope, receive, _send)
  File "C:\Users\HP\AppData\Local\Programs\Python\Python313\Lib\site-packages\starlette\middleware\cors.py", line 93, in __call__
    await self.simple_response(scope, receive, send, request_headers=headers)
  File "C:\Users\HP\AppData\Local\Programs\Python\Python313\Lib\site-packages\starlette\middleware\cors.py", line 144, in simple_response
    await self.app(scope, receive, send)
  File "C:\Users\HP\AppData\Local\Programs\Python\Python313\Lib\site-packages\starlette\middleware\base.py", line 177, in __call__
    with recv_stream, send_stream, collapse_excgroups():
                                   ~~~~~~~~~~~~~~~~~~^^
  File "C:\Users\HP\AppData\Local\Programs\Python\Python313\Lib\contextlib.py", line 162, in __exit__
    self.gen.throw(value)
    ~~~~~~~~~~~~~~^^^^^^^
  File "C:\Users\HP\AppData\Local\Programs\Python\Python313\Lib\site-packages\starlette\_utils.py", line 82, in collapse_excgroups
    raise exc
  File "C:\Users\HP\AppData\Local\Programs\Python\Python313\Lib\site-packages\starlette\middleware\base.py", line 179, in __call__
    response = await self.dispatch_func(request, call_next)
               ^^^^^^^^^^^^^^^^^^^^^^^^^^^^^^^^^^^^^^^^^^^^
  File "D:\Project\local-radar\backend\api\app\middleware\request_logger.py", line 26, in log_request
    response = await call_next(request)
               ^^^^^^^^^^^^^^^^^^^^^^^^
  File "C:\Users\HP\AppData\Local\Programs\Python\Python313\Lib\site-packages\starlette\middleware\base.py", line 154, in call_next
    raise app_exc
  File "C:\Users\HP\AppData\Local\Programs\Python\Python313\Lib\site-packages\starlette\middleware\base.py", line 141, in coro
    await self.app(scope, receive_or_disconnect, send_no_error)
  File "C:\Users\HP\AppData\Local\Programs\Python\Python313\Lib\site-packages\starlette\middleware\base.py", line 177, in __call__
    with recv_stream, send_stream, collapse_excgroups():
                                   ~~~~~~~~~~~~~~~~~~^^
  File "C:\Users\HP\AppData\Local\Programs\Python\Python313\Lib\contextlib.py", line 162, in __exit__
    self.gen.throw(value)
    ~~~~~~~~~~~~~~^^^^^^^
  File "C:\Users\HP\AppData\Local\Programs\Python\Python313\Lib\site-packages\starlette\_utils.py", line 82, in collapse_excgroups
    raise exc
  File "C:\Users\HP\AppData\Local\Programs\Python\Python313\Lib\site-packages\starlette\middleware\base.py", line 179, in __call__
    response = await self.dispatch_func(request, call_next)
               ^^^^^^^^^^^^^^^^^^^^^^^^^^^^^^^^^^^^^^^^^^^^
  File "D:\Project\local-radar\backend\api\app\middleware\header_validator.py", line 86, in header_validator
    response = await call_next(request)
               ^^^^^^^^^^^^^^^^^^^^^^^^
  File "C:\Users\HP\AppData\Local\Programs\Python\Python313\Lib\site-packages\starlette\middleware\base.py", line 154, in call_next
    raise app_exc
  File "C:\Users\HP\AppData\Local\Programs\Python\Python313\Lib\site-packages\starlette\middleware\base.py", line 141, in coro
    await self.app(scope, receive_or_disconnect, send_no_error)
  File "C:\Users\HP\AppData\Local\Programs\Python\Python313\Lib\site-packages\starlette\middleware\exceptions.py", line 62, in __call__
    await wrap_app_handling_exceptions(self.app, conn)(scope, receive, send)
  File "C:\Users\HP\AppData\Local\Programs\Python\Python313\Lib\site-packages\starlette\_exception_handler.py", line 53, in wrapped_app
    raise exc
  File "C:\Users\HP\AppData\Local\Programs\Python\Python313\Lib\site-packages\starlette\_exception_handler.py", line 42, in wrapped_app
    await app(scope, receive, sender)
  File "C:\Users\HP\AppData\Local\Programs\Python\Python313\Lib\site-packages\starlette\routing.py", line 715, in __call__
    await self.middleware_stack(scope, receive, send)
  File "C:\Users\HP\AppData\Local\Programs\Python\Python313\Lib\site-packages\starlette\routing.py", line 735, in app
    await route.handle(scope, receive, send)
  File "C:\Users\HP\AppData\Local\Programs\Python\Python313\Lib\site-packages\starlette\routing.py", line 288, in handle
    await self.app(scope, receive, send)
  File "C:\Users\HP\AppData\Local\Programs\Python\Python313\Lib\site-packages\starlette\routing.py", line 76, in app
    await wrap_app_handling_exceptions(app, request)(scope, receive, send)
  File "C:\Users\HP\AppData\Local\Programs\Python\Python313\Lib\site-packages\starlette\_exception_handler.py", line 53, in wrapped_app
    raise exc
  File "C:\Users\HP\AppData\Local\Programs\Python\Python313\Lib\site-packages\starlette\_exception_handler.py", line 42, in wrapped_app
    await app(scope, receive, sender)
  File "C:\Users\HP\AppData\Local\Programs\Python\Python313\Lib\site-packages\starlette\routing.py", line 73, in app
    response = await f(request)
               ^^^^^^^^^^^^^^^^
  File "C:\Users\HP\AppData\Local\Programs\Python\Python313\Lib\site-packages\fastapi\routing.py", line 291, in app
    solved_result = await solve_dependencies(
                    ^^^^^^^^^^^^^^^^^^^^^^^^^
    ...<6 lines>...
    )
    ^
  File "C:\Users\HP\AppData\Local\Programs\Python\Python313\Lib\site-packages\fastapi\dependencies\utils.py", line 638, in solve_dependencies
    solved = await call(**solved_result.values)
             ^^^^^^^^^^^^^^^^^^^^^^^^^^^^^^^^^^
  File "D:\Project\local-radar\backend\api\app\security\rate_limiter.py", line 43, in __call__
    is_blocked: Any = await asyncio.to_thread(redis_client.get, block_key)
                      ^^^^^^^^^^^^^^^^^^^^^^^^^^^^^^^^^^^^^^^^^^^^^^^^^^^^
  File "C:\Users\HP\AppData\Local\Programs\Python\Python313\Lib\asyncio\threads.py", line 25, in to_thread
    return await loop.run_in_executor(None, func_call)
           ^^^^^^^^^^^^^^^^^^^^^^^^^^^^^^^^^^^^^^^^^^^
  File "C:\Users\HP\AppData\Local\Programs\Python\Python313\Lib\concurrent\futures\thread.py", line 59, in run
    result = self.fn(*self.args, **self.kwargs)
  File "C:\Users\HP\AppData\Local\Programs\Python\Python313\Lib\site-packages\redis\commands\core.py", line 1822, in get
    return self.execute_command("GET", name, keys=[name])
           ~~~~~~~~~~~~~~~~~~~~^^^^^^^^^^^^^^^^^^^^^^^^^^
  File "C:\Users\HP\AppData\Local\Programs\Python\Python313\Lib\site-packages\redis\client.py", line 559, in execute_command
    return self._execute_command(*args, **options)
           ~~~~~~~~~~~~~~~~~~~~~^^^^^^^^^^^^^^^^^^
  File "C:\Users\HP\AppData\Local\Programs\Python\Python313\Lib\site-packages\redis\client.py", line 565, in _execute_command
    conn = self.connection or pool.get_connection(command_name, **options)
                              ~~~~~~~~~~~~~~~~~~~^^^^^^^^^^^^^^^^^^^^^^^^^
  File "C:\Users\HP\AppData\Local\Programs\Python\Python313\Lib\site-packages\redis\connection.py", line 1422, in get_connection
    connection.connect()
    ~~~~~~~~~~~~~~~~~~^^
  File "C:\Users\HP\AppData\Local\Programs\Python\Python313\Lib\site-packages\redis\connection.py", line 363, in connect
    raise ConnectionError(self._error_message(e))
redis.exceptions.ConnectionError: Error 11001 connecting to regular-mule-15533.upstash.io:6379. getaddrinfo failed.
2025-04-05 22:29:16 - scraper_api - ERROR - Unhandled exception occurred:
  + Exception Group Traceback (most recent call last):
  |   File "C:\Users\HP\AppData\Local\Programs\Python\Python313\Lib\site-packages\starlette\_utils.py", line 76, in collapse_excgroups
  |     yield
  |   File "C:\Users\HP\AppData\Local\Programs\Python\Python313\Lib\site-packages\starlette\middleware\base.py", line 178, in __call__
  |     async with anyio.create_task_group() as task_group:
  |                ~~~~~~~~~~~~~~~~~~~~~~~^^
  |   File "C:\Users\HP\AppData\Local\Programs\Python\Python313\Lib\site-packages\anyio\_backends\_asyncio.py", line 736, in __aexit__
  |     raise BaseExceptionGroup(
  |         "unhandled errors in a TaskGroup", self._exceptions
  |     )
  | ExceptionGroup: unhandled errors in a TaskGroup (1 sub-exception)
  +-+---------------- 1 ----------------
    | Traceback (most recent call last):
    |   File "C:\Users\HP\AppData\Local\Programs\Python\Python313\Lib\site-packages\starlette\middleware\errors.py", line 165, in __call__
    |     await self.app(scope, receive, _send)
    |   File "C:\Users\HP\AppData\Local\Programs\Python\Python313\Lib\site-packages\starlette\middleware\cors.py", line 93, in __call__
    |     await self.simple_response(scope, receive, send, request_headers=headers)
    |   File "C:\Users\HP\AppData\Local\Programs\Python\Python313\Lib\site-packages\starlette\middleware\cors.py", line 144, in simple_response
    |     await self.app(scope, receive, send)
    |   File "C:\Users\HP\AppData\Local\Programs\Python\Python313\Lib\site-packages\starlette\middleware\base.py", line 177, in __call__
    |     with recv_stream, send_stream, collapse_excgroups():
    |                                    ~~~~~~~~~~~~~~~~~~^^
    |   File "C:\Users\HP\AppData\Local\Programs\Python\Python313\Lib\contextlib.py", line 162, in __exit__
    |     self.gen.throw(value)
    |     ~~~~~~~~~~~~~~^^^^^^^
    |   File "C:\Users\HP\AppData\Local\Programs\Python\Python313\Lib\site-packages\starlette\_utils.py", line 82, in collapse_excgroups
    |     raise exc
    |   File "C:\Users\HP\AppData\Local\Programs\Python\Python313\Lib\site-packages\starlette\middleware\base.py", line 179, in __call__
    |     response = await self.dispatch_func(request, call_next)
    |                ^^^^^^^^^^^^^^^^^^^^^^^^^^^^^^^^^^^^^^^^^^^^
    |   File "D:\Project\local-radar\backend\api\app\middleware\request_logger.py", line 26, in log_request
    |     response = await call_next(request)
    |                ^^^^^^^^^^^^^^^^^^^^^^^^
    |   File "C:\Users\HP\AppData\Local\Programs\Python\Python313\Lib\site-packages\starlette\middleware\base.py", line 154, in call_next
    |     raise app_exc
    |   File "C:\Users\HP\AppData\Local\Programs\Python\Python313\Lib\site-packages\starlette\middleware\base.py", line 141, in coro
    |     await self.app(scope, receive_or_disconnect, send_no_error)
    |   File "C:\Users\HP\AppData\Local\Programs\Python\Python313\Lib\site-packages\starlette\middleware\base.py", line 177, in __call__
    |     with recv_stream, send_stream, collapse_excgroups():
    |                                    ~~~~~~~~~~~~~~~~~~^^
    |   File "C:\Users\HP\AppData\Local\Programs\Python\Python313\Lib\contextlib.py", line 162, in __exit__
    |     self.gen.throw(value)
    |     ~~~~~~~~~~~~~~^^^^^^^
    |   File "C:\Users\HP\AppData\Local\Programs\Python\Python313\Lib\site-packages\starlette\_utils.py", line 82, in collapse_excgroups
    |     raise exc
    |   File "C:\Users\HP\AppData\Local\Programs\Python\Python313\Lib\site-packages\starlette\middleware\base.py", line 179, in __call__
    |     response = await self.dispatch_func(request, call_next)
    |                ^^^^^^^^^^^^^^^^^^^^^^^^^^^^^^^^^^^^^^^^^^^^
    |   File "D:\Project\local-radar\backend\api\app\middleware\header_validator.py", line 86, in header_validator
    |     response = await call_next(request)
    |                ^^^^^^^^^^^^^^^^^^^^^^^^
    |   File "C:\Users\HP\AppData\Local\Programs\Python\Python313\Lib\site-packages\starlette\middleware\base.py", line 154, in call_next
    |     raise app_exc
    |   File "C:\Users\HP\AppData\Local\Programs\Python\Python313\Lib\site-packages\starlette\middleware\base.py", line 141, in coro
    |     await self.app(scope, receive_or_disconnect, send_no_error)
    |   File "C:\Users\HP\AppData\Local\Programs\Python\Python313\Lib\site-packages\starlette\middleware\exceptions.py", line 62, in __call__
    |     await wrap_app_handling_exceptions(self.app, conn)(scope, receive, send)
    |   File "C:\Users\HP\AppData\Local\Programs\Python\Python313\Lib\site-packages\starlette\_exception_handler.py", line 53, in wrapped_app
    |     raise exc
    |   File "C:\Users\HP\AppData\Local\Programs\Python\Python313\Lib\site-packages\starlette\_exception_handler.py", line 42, in wrapped_app
    |     await app(scope, receive, sender)
    |   File "C:\Users\HP\AppData\Local\Programs\Python\Python313\Lib\site-packages\starlette\routing.py", line 715, in __call__
    |     await self.middleware_stack(scope, receive, send)
    |   File "C:\Users\HP\AppData\Local\Programs\Python\Python313\Lib\site-packages\starlette\routing.py", line 735, in app
    |     await route.handle(scope, receive, send)
    |   File "C:\Users\HP\AppData\Local\Programs\Python\Python313\Lib\site-packages\starlette\routing.py", line 288, in handle
    |     await self.app(scope, receive, send)
    |   File "C:\Users\HP\AppData\Local\Programs\Python\Python313\Lib\site-packages\starlette\routing.py", line 76, in app
    |     await wrap_app_handling_exceptions(app, request)(scope, receive, send)
    |   File "C:\Users\HP\AppData\Local\Programs\Python\Python313\Lib\site-packages\starlette\_exception_handler.py", line 53, in wrapped_app
    |     raise exc
    |   File "C:\Users\HP\AppData\Local\Programs\Python\Python313\Lib\site-packages\starlette\_exception_handler.py", line 42, in wrapped_app
    |     await app(scope, receive, sender)
    |   File "C:\Users\HP\AppData\Local\Programs\Python\Python313\Lib\site-packages\starlette\routing.py", line 73, in app
    |     response = await f(request)
    |                ^^^^^^^^^^^^^^^^
    |   File "C:\Users\HP\AppData\Local\Programs\Python\Python313\Lib\site-packages\fastapi\routing.py", line 291, in app
    |     solved_result = await solve_dependencies(
    |                     ^^^^^^^^^^^^^^^^^^^^^^^^^
    |     ...<6 lines>...
    |     )
    |     ^
    |   File "C:\Users\HP\AppData\Local\Programs\Python\Python313\Lib\site-packages\fastapi\dependencies\utils.py", line 638, in solve_dependencies
    |     solved = await call(**solved_result.values)
    |              ^^^^^^^^^^^^^^^^^^^^^^^^^^^^^^^^^^
    |   File "D:\Project\local-radar\backend\api\app\security\rate_limiter.py", line 43, in __call__
    |     is_blocked: Any = await asyncio.to_thread(redis_client.get, block_key)
    |                       ^^^^^^^^^^^^^^^^^^^^^^^^^^^^^^^^^^^^^^^^^^^^^^^^^^^^
    |   File "C:\Users\HP\AppData\Local\Programs\Python\Python313\Lib\asyncio\threads.py", line 25, in to_thread
    |     return await loop.run_in_executor(None, func_call)
    |            ^^^^^^^^^^^^^^^^^^^^^^^^^^^^^^^^^^^^^^^^^^^
    |   File "C:\Users\HP\AppData\Local\Programs\Python\Python313\Lib\concurrent\futures\thread.py", line 59, in run
    |     result = self.fn(*self.args, **self.kwargs)
    |   File "C:\Users\HP\AppData\Local\Programs\Python\Python313\Lib\site-packages\redis\commands\core.py", line 1822, in get
    |     return self.execute_command("GET", name, keys=[name])
    |            ~~~~~~~~~~~~~~~~~~~~^^^^^^^^^^^^^^^^^^^^^^^^^^
    |   File "C:\Users\HP\AppData\Local\Programs\Python\Python313\Lib\site-packages\redis\client.py", line 559, in execute_command
    |     return self._execute_command(*args, **options)
    |            ~~~~~~~~~~~~~~~~~~~~~^^^^^^^^^^^^^^^^^^
    |   File "C:\Users\HP\AppData\Local\Programs\Python\Python313\Lib\site-packages\redis\client.py", line 565, in _execute_command
    |     conn = self.connection or pool.get_connection(command_name, **options)
    |                               ~~~~~~~~~~~~~~~~~~~^^^^^^^^^^^^^^^^^^^^^^^^^
    |   File "C:\Users\HP\AppData\Local\Programs\Python\Python313\Lib\site-packages\redis\connection.py", line 1422, in get_connection
    |     connection.connect()
    |     ~~~~~~~~~~~~~~~~~~^^
    |   File "C:\Users\HP\AppData\Local\Programs\Python\Python313\Lib\site-packages\redis\connection.py", line 363, in connect
    |     raise ConnectionError(self._error_message(e))
    | redis.exceptions.ConnectionError: Error 11001 connecting to regular-mule-15533.upstash.io:6379. getaddrinfo failed.
    +------------------------------------

During handling of the above exception, another exception occurred:

Traceback (most recent call last):
  File "C:\Users\HP\AppData\Local\Programs\Python\Python313\Lib\site-packages\starlette\middleware\errors.py", line 165, in __call__
    await self.app(scope, receive, _send)
  File "C:\Users\HP\AppData\Local\Programs\Python\Python313\Lib\site-packages\starlette\middleware\cors.py", line 93, in __call__
    await self.simple_response(scope, receive, send, request_headers=headers)
  File "C:\Users\HP\AppData\Local\Programs\Python\Python313\Lib\site-packages\starlette\middleware\cors.py", line 144, in simple_response
    await self.app(scope, receive, send)
  File "C:\Users\HP\AppData\Local\Programs\Python\Python313\Lib\site-packages\starlette\middleware\base.py", line 177, in __call__
    with recv_stream, send_stream, collapse_excgroups():
                                   ~~~~~~~~~~~~~~~~~~^^
  File "C:\Users\HP\AppData\Local\Programs\Python\Python313\Lib\contextlib.py", line 162, in __exit__
    self.gen.throw(value)
    ~~~~~~~~~~~~~~^^^^^^^
  File "C:\Users\HP\AppData\Local\Programs\Python\Python313\Lib\site-packages\starlette\_utils.py", line 82, in collapse_excgroups
    raise exc
  File "C:\Users\HP\AppData\Local\Programs\Python\Python313\Lib\site-packages\starlette\middleware\base.py", line 179, in __call__
    response = await self.dispatch_func(request, call_next)
               ^^^^^^^^^^^^^^^^^^^^^^^^^^^^^^^^^^^^^^^^^^^^
  File "D:\Project\local-radar\backend\api\app\middleware\request_logger.py", line 26, in log_request
    response = await call_next(request)
               ^^^^^^^^^^^^^^^^^^^^^^^^
  File "C:\Users\HP\AppData\Local\Programs\Python\Python313\Lib\site-packages\starlette\middleware\base.py", line 154, in call_next
    raise app_exc
  File "C:\Users\HP\AppData\Local\Programs\Python\Python313\Lib\site-packages\starlette\middleware\base.py", line 141, in coro
    await self.app(scope, receive_or_disconnect, send_no_error)
  File "C:\Users\HP\AppData\Local\Programs\Python\Python313\Lib\site-packages\starlette\middleware\base.py", line 177, in __call__
    with recv_stream, send_stream, collapse_excgroups():
                                   ~~~~~~~~~~~~~~~~~~^^
  File "C:\Users\HP\AppData\Local\Programs\Python\Python313\Lib\contextlib.py", line 162, in __exit__
    self.gen.throw(value)
    ~~~~~~~~~~~~~~^^^^^^^
  File "C:\Users\HP\AppData\Local\Programs\Python\Python313\Lib\site-packages\starlette\_utils.py", line 82, in collapse_excgroups
    raise exc
  File "C:\Users\HP\AppData\Local\Programs\Python\Python313\Lib\site-packages\starlette\middleware\base.py", line 179, in __call__
    response = await self.dispatch_func(request, call_next)
               ^^^^^^^^^^^^^^^^^^^^^^^^^^^^^^^^^^^^^^^^^^^^
  File "D:\Project\local-radar\backend\api\app\middleware\header_validator.py", line 86, in header_validator
    response = await call_next(request)
               ^^^^^^^^^^^^^^^^^^^^^^^^
  File "C:\Users\HP\AppData\Local\Programs\Python\Python313\Lib\site-packages\starlette\middleware\base.py", line 154, in call_next
    raise app_exc
  File "C:\Users\HP\AppData\Local\Programs\Python\Python313\Lib\site-packages\starlette\middleware\base.py", line 141, in coro
    await self.app(scope, receive_or_disconnect, send_no_error)
  File "C:\Users\HP\AppData\Local\Programs\Python\Python313\Lib\site-packages\starlette\middleware\exceptions.py", line 62, in __call__
    await wrap_app_handling_exceptions(self.app, conn)(scope, receive, send)
  File "C:\Users\HP\AppData\Local\Programs\Python\Python313\Lib\site-packages\starlette\_exception_handler.py", line 53, in wrapped_app
    raise exc
  File "C:\Users\HP\AppData\Local\Programs\Python\Python313\Lib\site-packages\starlette\_exception_handler.py", line 42, in wrapped_app
    await app(scope, receive, sender)
  File "C:\Users\HP\AppData\Local\Programs\Python\Python313\Lib\site-packages\starlette\routing.py", line 715, in __call__
    await self.middleware_stack(scope, receive, send)
  File "C:\Users\HP\AppData\Local\Programs\Python\Python313\Lib\site-packages\starlette\routing.py", line 735, in app
    await route.handle(scope, receive, send)
  File "C:\Users\HP\AppData\Local\Programs\Python\Python313\Lib\site-packages\starlette\routing.py", line 288, in handle
    await self.app(scope, receive, send)
  File "C:\Users\HP\AppData\Local\Programs\Python\Python313\Lib\site-packages\starlette\routing.py", line 76, in app
    await wrap_app_handling_exceptions(app, request)(scope, receive, send)
  File "C:\Users\HP\AppData\Local\Programs\Python\Python313\Lib\site-packages\starlette\_exception_handler.py", line 53, in wrapped_app
    raise exc
  File "C:\Users\HP\AppData\Local\Programs\Python\Python313\Lib\site-packages\starlette\_exception_handler.py", line 42, in wrapped_app
    await app(scope, receive, sender)
  File "C:\Users\HP\AppData\Local\Programs\Python\Python313\Lib\site-packages\starlette\routing.py", line 73, in app
    response = await f(request)
               ^^^^^^^^^^^^^^^^
  File "C:\Users\HP\AppData\Local\Programs\Python\Python313\Lib\site-packages\fastapi\routing.py", line 291, in app
    solved_result = await solve_dependencies(
                    ^^^^^^^^^^^^^^^^^^^^^^^^^
    ...<6 lines>...
    )
    ^
  File "C:\Users\HP\AppData\Local\Programs\Python\Python313\Lib\site-packages\fastapi\dependencies\utils.py", line 638, in solve_dependencies
    solved = await call(**solved_result.values)
             ^^^^^^^^^^^^^^^^^^^^^^^^^^^^^^^^^^
  File "D:\Project\local-radar\backend\api\app\security\rate_limiter.py", line 43, in __call__
    is_blocked: Any = await asyncio.to_thread(redis_client.get, block_key)
                      ^^^^^^^^^^^^^^^^^^^^^^^^^^^^^^^^^^^^^^^^^^^^^^^^^^^^
  File "C:\Users\HP\AppData\Local\Programs\Python\Python313\Lib\asyncio\threads.py", line 25, in to_thread
    return await loop.run_in_executor(None, func_call)
           ^^^^^^^^^^^^^^^^^^^^^^^^^^^^^^^^^^^^^^^^^^^
  File "C:\Users\HP\AppData\Local\Programs\Python\Python313\Lib\concurrent\futures\thread.py", line 59, in run
    result = self.fn(*self.args, **self.kwargs)
  File "C:\Users\HP\AppData\Local\Programs\Python\Python313\Lib\site-packages\redis\commands\core.py", line 1822, in get
    return self.execute_command("GET", name, keys=[name])
           ~~~~~~~~~~~~~~~~~~~~^^^^^^^^^^^^^^^^^^^^^^^^^^
  File "C:\Users\HP\AppData\Local\Programs\Python\Python313\Lib\site-packages\redis\client.py", line 559, in execute_command
    return self._execute_command(*args, **options)
           ~~~~~~~~~~~~~~~~~~~~~^^^^^^^^^^^^^^^^^^
  File "C:\Users\HP\AppData\Local\Programs\Python\Python313\Lib\site-packages\redis\client.py", line 565, in _execute_command
    conn = self.connection or pool.get_connection(command_name, **options)
                              ~~~~~~~~~~~~~~~~~~~^^^^^^^^^^^^^^^^^^^^^^^^^
  File "C:\Users\HP\AppData\Local\Programs\Python\Python313\Lib\site-packages\redis\connection.py", line 1422, in get_connection
    connection.connect()
    ~~~~~~~~~~~~~~~~~~^^
  File "C:\Users\HP\AppData\Local\Programs\Python\Python313\Lib\site-packages\redis\connection.py", line 363, in connect
    raise ConnectionError(self._error_message(e))
redis.exceptions.ConnectionError: Error 11001 connecting to regular-mule-15533.upstash.io:6379. getaddrinfo failed.
2025-04-05 22:29:16 - scraper_api - ERROR - Unhandled exception occurred:
  + Exception Group Traceback (most recent call last):
  |   File "C:\Users\HP\AppData\Local\Programs\Python\Python313\Lib\site-packages\starlette\_utils.py", line 76, in collapse_excgroups
  |     yield
  |   File "C:\Users\HP\AppData\Local\Programs\Python\Python313\Lib\site-packages\starlette\middleware\base.py", line 178, in __call__
  |     async with anyio.create_task_group() as task_group:
  |                ~~~~~~~~~~~~~~~~~~~~~~~^^
  |   File "C:\Users\HP\AppData\Local\Programs\Python\Python313\Lib\site-packages\anyio\_backends\_asyncio.py", line 736, in __aexit__
  |     raise BaseExceptionGroup(
  |         "unhandled errors in a TaskGroup", self._exceptions
  |     )
  | ExceptionGroup: unhandled errors in a TaskGroup (1 sub-exception)
  +-+---------------- 1 ----------------
    | Traceback (most recent call last):
    |   File "C:\Users\HP\AppData\Local\Programs\Python\Python313\Lib\site-packages\starlette\middleware\errors.py", line 165, in __call__
    |     await self.app(scope, receive, _send)
    |   File "C:\Users\HP\AppData\Local\Programs\Python\Python313\Lib\site-packages\starlette\middleware\cors.py", line 93, in __call__
    |     await self.simple_response(scope, receive, send, request_headers=headers)
    |   File "C:\Users\HP\AppData\Local\Programs\Python\Python313\Lib\site-packages\starlette\middleware\cors.py", line 144, in simple_response
    |     await self.app(scope, receive, send)
    |   File "C:\Users\HP\AppData\Local\Programs\Python\Python313\Lib\site-packages\starlette\middleware\base.py", line 177, in __call__
    |     with recv_stream, send_stream, collapse_excgroups():
    |                                    ~~~~~~~~~~~~~~~~~~^^
    |   File "C:\Users\HP\AppData\Local\Programs\Python\Python313\Lib\contextlib.py", line 162, in __exit__
    |     self.gen.throw(value)
    |     ~~~~~~~~~~~~~~^^^^^^^
    |   File "C:\Users\HP\AppData\Local\Programs\Python\Python313\Lib\site-packages\starlette\_utils.py", line 82, in collapse_excgroups
    |     raise exc
    |   File "C:\Users\HP\AppData\Local\Programs\Python\Python313\Lib\site-packages\starlette\middleware\base.py", line 179, in __call__
    |     response = await self.dispatch_func(request, call_next)
    |                ^^^^^^^^^^^^^^^^^^^^^^^^^^^^^^^^^^^^^^^^^^^^
    |   File "D:\Project\local-radar\backend\api\app\middleware\request_logger.py", line 26, in log_request
    |     response = await call_next(request)
    |                ^^^^^^^^^^^^^^^^^^^^^^^^
    |   File "C:\Users\HP\AppData\Local\Programs\Python\Python313\Lib\site-packages\starlette\middleware\base.py", line 154, in call_next
    |     raise app_exc
    |   File "C:\Users\HP\AppData\Local\Programs\Python\Python313\Lib\site-packages\starlette\middleware\base.py", line 141, in coro
    |     await self.app(scope, receive_or_disconnect, send_no_error)
    |   File "C:\Users\HP\AppData\Local\Programs\Python\Python313\Lib\site-packages\starlette\middleware\base.py", line 177, in __call__
    |     with recv_stream, send_stream, collapse_excgroups():
    |                                    ~~~~~~~~~~~~~~~~~~^^
    |   File "C:\Users\HP\AppData\Local\Programs\Python\Python313\Lib\contextlib.py", line 162, in __exit__
    |     self.gen.throw(value)
    |     ~~~~~~~~~~~~~~^^^^^^^
    |   File "C:\Users\HP\AppData\Local\Programs\Python\Python313\Lib\site-packages\starlette\_utils.py", line 82, in collapse_excgroups
    |     raise exc
    |   File "C:\Users\HP\AppData\Local\Programs\Python\Python313\Lib\site-packages\starlette\middleware\base.py", line 179, in __call__
    |     response = await self.dispatch_func(request, call_next)
    |                ^^^^^^^^^^^^^^^^^^^^^^^^^^^^^^^^^^^^^^^^^^^^
    |   File "D:\Project\local-radar\backend\api\app\middleware\header_validator.py", line 86, in header_validator
    |     response = await call_next(request)
    |                ^^^^^^^^^^^^^^^^^^^^^^^^
    |   File "C:\Users\HP\AppData\Local\Programs\Python\Python313\Lib\site-packages\starlette\middleware\base.py", line 154, in call_next
    |     raise app_exc
    |   File "C:\Users\HP\AppData\Local\Programs\Python\Python313\Lib\site-packages\starlette\middleware\base.py", line 141, in coro
    |     await self.app(scope, receive_or_disconnect, send_no_error)
    |   File "C:\Users\HP\AppData\Local\Programs\Python\Python313\Lib\site-packages\starlette\middleware\exceptions.py", line 62, in __call__
    |     await wrap_app_handling_exceptions(self.app, conn)(scope, receive, send)
    |   File "C:\Users\HP\AppData\Local\Programs\Python\Python313\Lib\site-packages\starlette\_exception_handler.py", line 53, in wrapped_app
    |     raise exc
    |   File "C:\Users\HP\AppData\Local\Programs\Python\Python313\Lib\site-packages\starlette\_exception_handler.py", line 42, in wrapped_app
    |     await app(scope, receive, sender)
    |   File "C:\Users\HP\AppData\Local\Programs\Python\Python313\Lib\site-packages\starlette\routing.py", line 715, in __call__
    |     await self.middleware_stack(scope, receive, send)
    |   File "C:\Users\HP\AppData\Local\Programs\Python\Python313\Lib\site-packages\starlette\routing.py", line 735, in app
    |     await route.handle(scope, receive, send)
    |   File "C:\Users\HP\AppData\Local\Programs\Python\Python313\Lib\site-packages\starlette\routing.py", line 288, in handle
    |     await self.app(scope, receive, send)
    |   File "C:\Users\HP\AppData\Local\Programs\Python\Python313\Lib\site-packages\starlette\routing.py", line 76, in app
    |     await wrap_app_handling_exceptions(app, request)(scope, receive, send)
    |   File "C:\Users\HP\AppData\Local\Programs\Python\Python313\Lib\site-packages\starlette\_exception_handler.py", line 53, in wrapped_app
    |     raise exc
    |   File "C:\Users\HP\AppData\Local\Programs\Python\Python313\Lib\site-packages\starlette\_exception_handler.py", line 42, in wrapped_app
    |     await app(scope, receive, sender)
    |   File "C:\Users\HP\AppData\Local\Programs\Python\Python313\Lib\site-packages\starlette\routing.py", line 73, in app
    |     response = await f(request)
    |                ^^^^^^^^^^^^^^^^
    |   File "C:\Users\HP\AppData\Local\Programs\Python\Python313\Lib\site-packages\fastapi\routing.py", line 291, in app
    |     solved_result = await solve_dependencies(
    |                     ^^^^^^^^^^^^^^^^^^^^^^^^^
    |     ...<6 lines>...
    |     )
    |     ^
    |   File "C:\Users\HP\AppData\Local\Programs\Python\Python313\Lib\site-packages\fastapi\dependencies\utils.py", line 638, in solve_dependencies
    |     solved = await call(**solved_result.values)
    |              ^^^^^^^^^^^^^^^^^^^^^^^^^^^^^^^^^^
    |   File "D:\Project\local-radar\backend\api\app\security\rate_limiter.py", line 43, in __call__
    |     is_blocked: Any = await asyncio.to_thread(redis_client.get, block_key)
    |                       ^^^^^^^^^^^^^^^^^^^^^^^^^^^^^^^^^^^^^^^^^^^^^^^^^^^^
    |   File "C:\Users\HP\AppData\Local\Programs\Python\Python313\Lib\asyncio\threads.py", line 25, in to_thread
    |     return await loop.run_in_executor(None, func_call)
    |            ^^^^^^^^^^^^^^^^^^^^^^^^^^^^^^^^^^^^^^^^^^^
    |   File "C:\Users\HP\AppData\Local\Programs\Python\Python313\Lib\concurrent\futures\thread.py", line 59, in run
    |     result = self.fn(*self.args, **self.kwargs)
    |   File "C:\Users\HP\AppData\Local\Programs\Python\Python313\Lib\site-packages\redis\commands\core.py", line 1822, in get
    |     return self.execute_command("GET", name, keys=[name])
    |            ~~~~~~~~~~~~~~~~~~~~^^^^^^^^^^^^^^^^^^^^^^^^^^
    |   File "C:\Users\HP\AppData\Local\Programs\Python\Python313\Lib\site-packages\redis\client.py", line 559, in execute_command
    |     return self._execute_command(*args, **options)
    |            ~~~~~~~~~~~~~~~~~~~~~^^^^^^^^^^^^^^^^^^
    |   File "C:\Users\HP\AppData\Local\Programs\Python\Python313\Lib\site-packages\redis\client.py", line 565, in _execute_command
    |     conn = self.connection or pool.get_connection(command_name, **options)
    |                               ~~~~~~~~~~~~~~~~~~~^^^^^^^^^^^^^^^^^^^^^^^^^
    |   File "C:\Users\HP\AppData\Local\Programs\Python\Python313\Lib\site-packages\redis\connection.py", line 1422, in get_connection
    |     connection.connect()
    |     ~~~~~~~~~~~~~~~~~~^^
    |   File "C:\Users\HP\AppData\Local\Programs\Python\Python313\Lib\site-packages\redis\connection.py", line 363, in connect
    |     raise ConnectionError(self._error_message(e))
    | redis.exceptions.ConnectionError: Error 11001 connecting to regular-mule-15533.upstash.io:6379. getaddrinfo failed.
    +------------------------------------

During handling of the above exception, another exception occurred:

Traceback (most recent call last):
  File "C:\Users\HP\AppData\Local\Programs\Python\Python313\Lib\site-packages\starlette\middleware\errors.py", line 165, in __call__
    await self.app(scope, receive, _send)
  File "C:\Users\HP\AppData\Local\Programs\Python\Python313\Lib\site-packages\starlette\middleware\cors.py", line 93, in __call__
    await self.simple_response(scope, receive, send, request_headers=headers)
  File "C:\Users\HP\AppData\Local\Programs\Python\Python313\Lib\site-packages\starlette\middleware\cors.py", line 144, in simple_response
    await self.app(scope, receive, send)
  File "C:\Users\HP\AppData\Local\Programs\Python\Python313\Lib\site-packages\starlette\middleware\base.py", line 177, in __call__
    with recv_stream, send_stream, collapse_excgroups():
                                   ~~~~~~~~~~~~~~~~~~^^
  File "C:\Users\HP\AppData\Local\Programs\Python\Python313\Lib\contextlib.py", line 162, in __exit__
    self.gen.throw(value)
    ~~~~~~~~~~~~~~^^^^^^^
  File "C:\Users\HP\AppData\Local\Programs\Python\Python313\Lib\site-packages\starlette\_utils.py", line 82, in collapse_excgroups
    raise exc
  File "C:\Users\HP\AppData\Local\Programs\Python\Python313\Lib\site-packages\starlette\middleware\base.py", line 179, in __call__
    response = await self.dispatch_func(request, call_next)
               ^^^^^^^^^^^^^^^^^^^^^^^^^^^^^^^^^^^^^^^^^^^^
  File "D:\Project\local-radar\backend\api\app\middleware\request_logger.py", line 26, in log_request
    response = await call_next(request)
               ^^^^^^^^^^^^^^^^^^^^^^^^
  File "C:\Users\HP\AppData\Local\Programs\Python\Python313\Lib\site-packages\starlette\middleware\base.py", line 154, in call_next
    raise app_exc
  File "C:\Users\HP\AppData\Local\Programs\Python\Python313\Lib\site-packages\starlette\middleware\base.py", line 141, in coro
    await self.app(scope, receive_or_disconnect, send_no_error)
  File "C:\Users\HP\AppData\Local\Programs\Python\Python313\Lib\site-packages\starlette\middleware\base.py", line 177, in __call__
    with recv_stream, send_stream, collapse_excgroups():
                                   ~~~~~~~~~~~~~~~~~~^^
  File "C:\Users\HP\AppData\Local\Programs\Python\Python313\Lib\contextlib.py", line 162, in __exit__
    self.gen.throw(value)
    ~~~~~~~~~~~~~~^^^^^^^
  File "C:\Users\HP\AppData\Local\Programs\Python\Python313\Lib\site-packages\starlette\_utils.py", line 82, in collapse_excgroups
    raise exc
  File "C:\Users\HP\AppData\Local\Programs\Python\Python313\Lib\site-packages\starlette\middleware\base.py", line 179, in __call__
    response = await self.dispatch_func(request, call_next)
               ^^^^^^^^^^^^^^^^^^^^^^^^^^^^^^^^^^^^^^^^^^^^
  File "D:\Project\local-radar\backend\api\app\middleware\header_validator.py", line 86, in header_validator
    response = await call_next(request)
               ^^^^^^^^^^^^^^^^^^^^^^^^
  File "C:\Users\HP\AppData\Local\Programs\Python\Python313\Lib\site-packages\starlette\middleware\base.py", line 154, in call_next
    raise app_exc
  File "C:\Users\HP\AppData\Local\Programs\Python\Python313\Lib\site-packages\starlette\middleware\base.py", line 141, in coro
    await self.app(scope, receive_or_disconnect, send_no_error)
  File "C:\Users\HP\AppData\Local\Programs\Python\Python313\Lib\site-packages\starlette\middleware\exceptions.py", line 62, in __call__
    await wrap_app_handling_exceptions(self.app, conn)(scope, receive, send)
  File "C:\Users\HP\AppData\Local\Programs\Python\Python313\Lib\site-packages\starlette\_exception_handler.py", line 53, in wrapped_app
    raise exc
  File "C:\Users\HP\AppData\Local\Programs\Python\Python313\Lib\site-packages\starlette\_exception_handler.py", line 42, in wrapped_app
    await app(scope, receive, sender)
  File "C:\Users\HP\AppData\Local\Programs\Python\Python313\Lib\site-packages\starlette\routing.py", line 715, in __call__
    await self.middleware_stack(scope, receive, send)
  File "C:\Users\HP\AppData\Local\Programs\Python\Python313\Lib\site-packages\starlette\routing.py", line 735, in app
    await route.handle(scope, receive, send)
  File "C:\Users\HP\AppData\Local\Programs\Python\Python313\Lib\site-packages\starlette\routing.py", line 288, in handle
    await self.app(scope, receive, send)
  File "C:\Users\HP\AppData\Local\Programs\Python\Python313\Lib\site-packages\starlette\routing.py", line 76, in app
    await wrap_app_handling_exceptions(app, request)(scope, receive, send)
  File "C:\Users\HP\AppData\Local\Programs\Python\Python313\Lib\site-packages\starlette\_exception_handler.py", line 53, in wrapped_app
    raise exc
  File "C:\Users\HP\AppData\Local\Programs\Python\Python313\Lib\site-packages\starlette\_exception_handler.py", line 42, in wrapped_app
    await app(scope, receive, sender)
  File "C:\Users\HP\AppData\Local\Programs\Python\Python313\Lib\site-packages\starlette\routing.py", line 73, in app
    response = await f(request)
               ^^^^^^^^^^^^^^^^
  File "C:\Users\HP\AppData\Local\Programs\Python\Python313\Lib\site-packages\fastapi\routing.py", line 291, in app
    solved_result = await solve_dependencies(
                    ^^^^^^^^^^^^^^^^^^^^^^^^^
    ...<6 lines>...
    )
    ^
  File "C:\Users\HP\AppData\Local\Programs\Python\Python313\Lib\site-packages\fastapi\dependencies\utils.py", line 638, in solve_dependencies
    solved = await call(**solved_result.values)
             ^^^^^^^^^^^^^^^^^^^^^^^^^^^^^^^^^^
  File "D:\Project\local-radar\backend\api\app\security\rate_limiter.py", line 43, in __call__
    is_blocked: Any = await asyncio.to_thread(redis_client.get, block_key)
                      ^^^^^^^^^^^^^^^^^^^^^^^^^^^^^^^^^^^^^^^^^^^^^^^^^^^^
  File "C:\Users\HP\AppData\Local\Programs\Python\Python313\Lib\asyncio\threads.py", line 25, in to_thread
    return await loop.run_in_executor(None, func_call)
           ^^^^^^^^^^^^^^^^^^^^^^^^^^^^^^^^^^^^^^^^^^^
  File "C:\Users\HP\AppData\Local\Programs\Python\Python313\Lib\concurrent\futures\thread.py", line 59, in run
    result = self.fn(*self.args, **self.kwargs)
  File "C:\Users\HP\AppData\Local\Programs\Python\Python313\Lib\site-packages\redis\commands\core.py", line 1822, in get
    return self.execute_command("GET", name, keys=[name])
           ~~~~~~~~~~~~~~~~~~~~^^^^^^^^^^^^^^^^^^^^^^^^^^
  File "C:\Users\HP\AppData\Local\Programs\Python\Python313\Lib\site-packages\redis\client.py", line 559, in execute_command
    return self._execute_command(*args, **options)
           ~~~~~~~~~~~~~~~~~~~~~^^^^^^^^^^^^^^^^^^
  File "C:\Users\HP\AppData\Local\Programs\Python\Python313\Lib\site-packages\redis\client.py", line 565, in _execute_command
    conn = self.connection or pool.get_connection(command_name, **options)
                              ~~~~~~~~~~~~~~~~~~~^^^^^^^^^^^^^^^^^^^^^^^^^
  File "C:\Users\HP\AppData\Local\Programs\Python\Python313\Lib\site-packages\redis\connection.py", line 1422, in get_connection
    connection.connect()
    ~~~~~~~~~~~~~~~~~~^^
  File "C:\Users\HP\AppData\Local\Programs\Python\Python313\Lib\site-packages\redis\connection.py", line 363, in connect
    raise ConnectionError(self._error_message(e))
redis.exceptions.ConnectionError: Error 11001 connecting to regular-mule-15533.upstash.io:6379. getaddrinfo failed.
2025-04-05 22:29:29 - scraper_api - INFO - Application shutdown initiated.
2025-04-05 22:29:29 - scraper_api - INFO - Closed MongoDB connection
2025-04-05 22:29:32 - scraper_api - WARNING - Module app.scrapers.scraper_config does not have a 'main' function and was skipped.
2025-04-05 22:29:32 - scraper_api - WARNING - Module app.scrapers._common does not have a 'main' function and was skipped.
2025-04-05 22:29:33 - scraper_api - INFO - Loaded scraper module: app.scrapers.amusementparks.amusementparks as key: amusementparks
2025-04-05 22:29:33 - scraper_api - INFO - Loaded scraper module: app.scrapers.bakeries.bakeries as key: bakeries
2025-04-05 22:29:33 - scraper_api - INFO - Loaded scraper module: app.scrapers.bars.bars as key: bars
2025-04-05 22:29:33 - scraper_api - INFO - Loaded scraper module: app.scrapers.beaches.beaches as key: beaches
2025-04-05 22:29:33 - scraper_api - INFO - Loaded scraper module: app.scrapers.bookstores.bookstores as key: bookstores
2025-04-05 22:29:33 - scraper_api - INFO - Loaded scraper module: app.scrapers.carrepairservices.carrepairservices as key: carrepairservices
2025-04-05 22:29:33 - scraper_api - INFO - Loaded scraper module: app.scrapers.cinemas.cinemas as key: cinemas
2025-04-05 22:29:33 - scraper_api - INFO - Loaded scraper module: app.scrapers.clinics.clinics as key: clinics
2025-04-05 22:29:33 - scraper_api - INFO - Loaded scraper module: app.scrapers.clothingstores.clothingstores as key: clothingstores
2025-04-05 22:29:33 - scraper_api - INFO - Loaded scraper module: app.scrapers.coachingcenters.coachingcenters as key: coachingcenters
2025-04-05 22:29:33 - scraper_api - INFO - Loaded scraper module: app.scrapers.coffeeshops.coffeeshops as key: coffeeshops
2025-04-05 22:29:33 - scraper_api - INFO - Loaded scraper module: app.scrapers.colleges.colleges as key: colleges
2025-04-05 22:29:33 - scraper_api - INFO - Loaded scraper module: app.scrapers.dentists.dentists as key: dentists
2025-04-05 22:29:33 - scraper_api - INFO - Loaded scraper module: app.scrapers.electronicstores.electronicstores as key: electronicstores
2025-04-05 22:29:33 - scraper_api - INFO - Loaded scraper module: app.scrapers.eyecarecenters.eyecarecenters as key: eyecarecenters
2025-04-05 22:29:33 - scraper_api - INFO - Loaded scraper module: app.scrapers.fastfood.fastfood as key: fastfood
2025-04-05 22:29:33 - scraper_api - INFO - Loaded scraper module: app.scrapers.firestation.firestation as key: firestation
2025-04-05 22:29:33 - scraper_api - INFO - Loaded scraper module: app.scrapers.furniturestores.furniturestores as key: furniturestores
2025-04-05 22:29:33 - scraper_api - INFO - Loaded scraper module: app.scrapers.grocerystore.grocerystore as key: grocerystore
2025-04-05 22:29:33 - scraper_api - INFO - Loaded scraper module: app.scrapers.gyms.gyms as key: gyms
2025-04-05 22:29:33 - scraper_api - INFO - Loaded scraper module: app.scrapers.hospitals.hospitals as key: hospitals
2025-04-05 22:29:33 - scraper_api - INFO - Loaded scraper module: app.scrapers.hostels.hostels as key: hostels
2025-04-05 22:29:33 - scraper_api - INFO - Loaded scraper module: app.scrapers.hotels.hotels as key: hotels
2025-04-05 22:29:33 - scraper_api - INFO - Loaded scraper module: app.scrapers.jewelryshops.jewelryshops as key: jewelryshops
2025-04-05 22:29:33 - scraper_api - INFO - Loaded scraper module: app.scrapers.jobs.apna as key: apna
2025-04-05 22:29:33 - scraper_api - INFO - Loaded scraper module: app.scrapers.jobs.naukri as key: naukri
2025-04-05 22:29:33 - scraper_api - INFO - Loaded scraper module: app.scrapers.jobs.shine as key: shine
2025-04-05 22:29:33 - scraper_api - INFO - Loaded scraper module: app.scrapers.libraries.libraries as key: libraries
2025-04-05 22:29:33 - scraper_api - INFO - Loaded scraper module: app.scrapers.museums.museums as key: museums
2025-04-05 22:29:33 - scraper_api - INFO - Loaded scraper module: app.scrapers.musicdanceacademies.musicdanceacademies as key: musicdanceacademies
2025-04-05 22:29:33 - scraper_api - INFO - Loaded scraper module: app.scrapers.news.indiatoday as key: indiatoday
2025-04-05 22:29:33 - scraper_api - INFO - Loaded scraper module: app.scrapers.nightclubs.nightclubs as key: nightclubs
2025-04-05 22:29:33 - scraper_api - INFO - Loaded scraper module: app.scrapers.parks.parks as key: parks
2025-04-05 22:29:33 - scraper_api - INFO - Loaded scraper module: app.scrapers.policestations.policestations as key: policestations
2025-04-05 22:29:33 - scraper_api - INFO - Loaded scraper module: app.scrapers.publictransport.publictransport as key: publictransport
2025-04-05 22:29:33 - scraper_api - INFO - Loaded scraper module: app.scrapers.restaurant.restaurants as key: restaurants
2025-04-05 22:29:33 - scraper_api - INFO - Loaded scraper module: app.scrapers.salons.salons as key: salons
2025-04-05 22:29:33 - scraper_api - INFO - Loaded scraper module: app.scrapers.schools.schools as key: schools
2025-04-05 22:29:33 - scraper_api - INFO - Loaded scraper module: app.scrapers.shoppingmalls.shoppingmalls as key: shoppingmalls
2025-04-05 22:29:33 - scraper_api - INFO - Loaded scraper module: app.scrapers.sportsclubs.sportsclubs as key: sportsclubs
2025-04-05 22:29:33 - scraper_api - INFO - Loaded scraper module: app.scrapers.supermarkets.supermarkets as key: supermarkets
2025-04-05 22:29:33 - scraper_api - INFO - Loaded scraper module: app.scrapers.temples.temples as key: temples
2025-04-05 22:29:33 - scraper_api - INFO - Loaded scraper module: app.scrapers.weather.weather as key: weather
2025-04-05 22:29:33 - scraper_api - INFO - Loaded scraper module: app.scrapers.yogacenters.yogacenters as key: yogacenters
2025-04-05 22:29:33 - scraper_api - INFO - Connected to Redis successfully.
2025-04-05 22:29:33 - scraper_api - INFO - Connected to MongoDB: LOCAL_RADAR
2025-04-05 22:29:34 - scraper_api - INFO - Celery app created with broker: rediss://:ATytAAIjcDE4ZDY4M2VkOTZkNWM0NTA4YTI5OWRjOTNlMjI0OGRhOHAxMA@regular-mule-15533.upstash.io:6379
2025-04-05 22:29:34 - scraper_api - INFO - Celery configuration updated.
2025-04-05 22:29:34 - scraper_api - INFO - Application startup initiated.
2025-04-05 22:30:56 - scraper_api - ERROR - Unhandled exception occurred:
  + Exception Group Traceback (most recent call last):
  |   File "C:\Users\HP\AppData\Local\Programs\Python\Python313\Lib\site-packages\starlette\_utils.py", line 76, in collapse_excgroups
  |     yield
  |   File "C:\Users\HP\AppData\Local\Programs\Python\Python313\Lib\site-packages\starlette\middleware\base.py", line 178, in __call__
  |     async with anyio.create_task_group() as task_group:
  |                ~~~~~~~~~~~~~~~~~~~~~~~^^
  |   File "C:\Users\HP\AppData\Local\Programs\Python\Python313\Lib\site-packages\anyio\_backends\_asyncio.py", line 736, in __aexit__
  |     raise BaseExceptionGroup(
  |         "unhandled errors in a TaskGroup", self._exceptions
  |     )
  | ExceptionGroup: unhandled errors in a TaskGroup (1 sub-exception)
  +-+---------------- 1 ----------------
    | Traceback (most recent call last):
    |   File "C:\Users\HP\AppData\Local\Programs\Python\Python313\Lib\site-packages\starlette\middleware\errors.py", line 165, in __call__
    |     await self.app(scope, receive, _send)
    |   File "C:\Users\HP\AppData\Local\Programs\Python\Python313\Lib\site-packages\starlette\middleware\cors.py", line 93, in __call__
    |     await self.simple_response(scope, receive, send, request_headers=headers)
    |   File "C:\Users\HP\AppData\Local\Programs\Python\Python313\Lib\site-packages\starlette\middleware\cors.py", line 144, in simple_response
    |     await self.app(scope, receive, send)
    |   File "C:\Users\HP\AppData\Local\Programs\Python\Python313\Lib\site-packages\starlette\middleware\base.py", line 177, in __call__
    |     with recv_stream, send_stream, collapse_excgroups():
    |                                    ~~~~~~~~~~~~~~~~~~^^
    |   File "C:\Users\HP\AppData\Local\Programs\Python\Python313\Lib\contextlib.py", line 162, in __exit__
    |     self.gen.throw(value)
    |     ~~~~~~~~~~~~~~^^^^^^^
    |   File "C:\Users\HP\AppData\Local\Programs\Python\Python313\Lib\site-packages\starlette\_utils.py", line 82, in collapse_excgroups
    |     raise exc
    |   File "C:\Users\HP\AppData\Local\Programs\Python\Python313\Lib\site-packages\starlette\middleware\base.py", line 179, in __call__
    |     response = await self.dispatch_func(request, call_next)
    |                ^^^^^^^^^^^^^^^^^^^^^^^^^^^^^^^^^^^^^^^^^^^^
    |   File "D:\Project\local-radar\backend\api\app\middleware\request_logger.py", line 26, in log_request
    |     response = await call_next(request)
    |                ^^^^^^^^^^^^^^^^^^^^^^^^
    |   File "C:\Users\HP\AppData\Local\Programs\Python\Python313\Lib\site-packages\starlette\middleware\base.py", line 154, in call_next
    |     raise app_exc
    |   File "C:\Users\HP\AppData\Local\Programs\Python\Python313\Lib\site-packages\starlette\middleware\base.py", line 141, in coro
    |     await self.app(scope, receive_or_disconnect, send_no_error)
    |   File "C:\Users\HP\AppData\Local\Programs\Python\Python313\Lib\site-packages\starlette\middleware\base.py", line 177, in __call__
    |     with recv_stream, send_stream, collapse_excgroups():
    |                                    ~~~~~~~~~~~~~~~~~~^^
    |   File "C:\Users\HP\AppData\Local\Programs\Python\Python313\Lib\contextlib.py", line 162, in __exit__
    |     self.gen.throw(value)
    |     ~~~~~~~~~~~~~~^^^^^^^
    |   File "C:\Users\HP\AppData\Local\Programs\Python\Python313\Lib\site-packages\starlette\_utils.py", line 82, in collapse_excgroups
    |     raise exc
    |   File "C:\Users\HP\AppData\Local\Programs\Python\Python313\Lib\site-packages\starlette\middleware\base.py", line 179, in __call__
    |     response = await self.dispatch_func(request, call_next)
    |                ^^^^^^^^^^^^^^^^^^^^^^^^^^^^^^^^^^^^^^^^^^^^
    |   File "D:\Project\local-radar\backend\api\app\middleware\header_validator.py", line 86, in header_validator
    |     response = await call_next(request)
    |                ^^^^^^^^^^^^^^^^^^^^^^^^
    |   File "C:\Users\HP\AppData\Local\Programs\Python\Python313\Lib\site-packages\starlette\middleware\base.py", line 154, in call_next
    |     raise app_exc
    |   File "C:\Users\HP\AppData\Local\Programs\Python\Python313\Lib\site-packages\starlette\middleware\base.py", line 141, in coro
    |     await self.app(scope, receive_or_disconnect, send_no_error)
    |   File "C:\Users\HP\AppData\Local\Programs\Python\Python313\Lib\site-packages\starlette\middleware\exceptions.py", line 62, in __call__
    |     await wrap_app_handling_exceptions(self.app, conn)(scope, receive, send)
    |   File "C:\Users\HP\AppData\Local\Programs\Python\Python313\Lib\site-packages\starlette\_exception_handler.py", line 53, in wrapped_app
    |     raise exc
    |   File "C:\Users\HP\AppData\Local\Programs\Python\Python313\Lib\site-packages\starlette\_exception_handler.py", line 42, in wrapped_app
    |     await app(scope, receive, sender)
    |   File "C:\Users\HP\AppData\Local\Programs\Python\Python313\Lib\site-packages\starlette\routing.py", line 715, in __call__
    |     await self.middleware_stack(scope, receive, send)
    |   File "C:\Users\HP\AppData\Local\Programs\Python\Python313\Lib\site-packages\starlette\routing.py", line 735, in app
    |     await route.handle(scope, receive, send)
    |   File "C:\Users\HP\AppData\Local\Programs\Python\Python313\Lib\site-packages\starlette\routing.py", line 288, in handle
    |     await self.app(scope, receive, send)
    |   File "C:\Users\HP\AppData\Local\Programs\Python\Python313\Lib\site-packages\starlette\routing.py", line 76, in app
    |     await wrap_app_handling_exceptions(app, request)(scope, receive, send)
    |   File "C:\Users\HP\AppData\Local\Programs\Python\Python313\Lib\site-packages\starlette\_exception_handler.py", line 53, in wrapped_app
    |     raise exc
    |   File "C:\Users\HP\AppData\Local\Programs\Python\Python313\Lib\site-packages\starlette\_exception_handler.py", line 42, in wrapped_app
    |     await app(scope, receive, sender)
    |   File "C:\Users\HP\AppData\Local\Programs\Python\Python313\Lib\site-packages\starlette\routing.py", line 73, in app
    |     response = await f(request)
    |                ^^^^^^^^^^^^^^^^
    |   File "C:\Users\HP\AppData\Local\Programs\Python\Python313\Lib\site-packages\fastapi\routing.py", line 291, in app
    |     solved_result = await solve_dependencies(
    |                     ^^^^^^^^^^^^^^^^^^^^^^^^^
    |     ...<6 lines>...
    |     )
    |     ^
    |   File "C:\Users\HP\AppData\Local\Programs\Python\Python313\Lib\site-packages\fastapi\dependencies\utils.py", line 638, in solve_dependencies
    |     solved = await call(**solved_result.values)
    |              ^^^^^^^^^^^^^^^^^^^^^^^^^^^^^^^^^^
    |   File "D:\Project\local-radar\backend\api\app\security\rate_limiter.py", line 43, in __call__
    |     is_blocked: Any = await asyncio.to_thread(redis_client.get, block_key)
    |                       ^^^^^^^^^^^^^^^^^^^^^^^^^^^^^^^^^^^^^^^^^^^^^^^^^^^^
    |   File "C:\Users\HP\AppData\Local\Programs\Python\Python313\Lib\asyncio\threads.py", line 25, in to_thread
    |     return await loop.run_in_executor(None, func_call)
    |            ^^^^^^^^^^^^^^^^^^^^^^^^^^^^^^^^^^^^^^^^^^^
    |   File "C:\Users\HP\AppData\Local\Programs\Python\Python313\Lib\concurrent\futures\thread.py", line 59, in run
    |     result = self.fn(*self.args, **self.kwargs)
    |   File "C:\Users\HP\AppData\Local\Programs\Python\Python313\Lib\site-packages\redis\commands\core.py", line 1822, in get
    |     return self.execute_command("GET", name, keys=[name])
    |            ~~~~~~~~~~~~~~~~~~~~^^^^^^^^^^^^^^^^^^^^^^^^^^
    |   File "C:\Users\HP\AppData\Local\Programs\Python\Python313\Lib\site-packages\redis\client.py", line 559, in execute_command
    |     return self._execute_command(*args, **options)
    |            ~~~~~~~~~~~~~~~~~~~~~^^^^^^^^^^^^^^^^^^
    |   File "C:\Users\HP\AppData\Local\Programs\Python\Python313\Lib\site-packages\redis\client.py", line 565, in _execute_command
    |     conn = self.connection or pool.get_connection(command_name, **options)
    |                               ~~~~~~~~~~~~~~~~~~~^^^^^^^^^^^^^^^^^^^^^^^^^
    |   File "C:\Users\HP\AppData\Local\Programs\Python\Python313\Lib\site-packages\redis\connection.py", line 1422, in get_connection
    |     connection.connect()
    |     ~~~~~~~~~~~~~~~~~~^^
    |   File "C:\Users\HP\AppData\Local\Programs\Python\Python313\Lib\site-packages\redis\connection.py", line 363, in connect
    |     raise ConnectionError(self._error_message(e))
    | redis.exceptions.ConnectionError: Error 10054 connecting to regular-mule-15533.upstash.io:6379. An existing connection was forcibly closed by the remote host.
    +------------------------------------

During handling of the above exception, another exception occurred:

Traceback (most recent call last):
  File "C:\Users\HP\AppData\Local\Programs\Python\Python313\Lib\site-packages\starlette\middleware\errors.py", line 165, in __call__
    await self.app(scope, receive, _send)
  File "C:\Users\HP\AppData\Local\Programs\Python\Python313\Lib\site-packages\starlette\middleware\cors.py", line 93, in __call__
    await self.simple_response(scope, receive, send, request_headers=headers)
  File "C:\Users\HP\AppData\Local\Programs\Python\Python313\Lib\site-packages\starlette\middleware\cors.py", line 144, in simple_response
    await self.app(scope, receive, send)
  File "C:\Users\HP\AppData\Local\Programs\Python\Python313\Lib\site-packages\starlette\middleware\base.py", line 177, in __call__
    with recv_stream, send_stream, collapse_excgroups():
                                   ~~~~~~~~~~~~~~~~~~^^
  File "C:\Users\HP\AppData\Local\Programs\Python\Python313\Lib\contextlib.py", line 162, in __exit__
    self.gen.throw(value)
    ~~~~~~~~~~~~~~^^^^^^^
  File "C:\Users\HP\AppData\Local\Programs\Python\Python313\Lib\site-packages\starlette\_utils.py", line 82, in collapse_excgroups
    raise exc
  File "C:\Users\HP\AppData\Local\Programs\Python\Python313\Lib\site-packages\starlette\middleware\base.py", line 179, in __call__
    response = await self.dispatch_func(request, call_next)
               ^^^^^^^^^^^^^^^^^^^^^^^^^^^^^^^^^^^^^^^^^^^^
  File "D:\Project\local-radar\backend\api\app\middleware\request_logger.py", line 26, in log_request
    response = await call_next(request)
               ^^^^^^^^^^^^^^^^^^^^^^^^
  File "C:\Users\HP\AppData\Local\Programs\Python\Python313\Lib\site-packages\starlette\middleware\base.py", line 154, in call_next
    raise app_exc
  File "C:\Users\HP\AppData\Local\Programs\Python\Python313\Lib\site-packages\starlette\middleware\base.py", line 141, in coro
    await self.app(scope, receive_or_disconnect, send_no_error)
  File "C:\Users\HP\AppData\Local\Programs\Python\Python313\Lib\site-packages\starlette\middleware\base.py", line 177, in __call__
    with recv_stream, send_stream, collapse_excgroups():
                                   ~~~~~~~~~~~~~~~~~~^^
  File "C:\Users\HP\AppData\Local\Programs\Python\Python313\Lib\contextlib.py", line 162, in __exit__
    self.gen.throw(value)
    ~~~~~~~~~~~~~~^^^^^^^
  File "C:\Users\HP\AppData\Local\Programs\Python\Python313\Lib\site-packages\starlette\_utils.py", line 82, in collapse_excgroups
    raise exc
  File "C:\Users\HP\AppData\Local\Programs\Python\Python313\Lib\site-packages\starlette\middleware\base.py", line 179, in __call__
    response = await self.dispatch_func(request, call_next)
               ^^^^^^^^^^^^^^^^^^^^^^^^^^^^^^^^^^^^^^^^^^^^
  File "D:\Project\local-radar\backend\api\app\middleware\header_validator.py", line 86, in header_validator
    response = await call_next(request)
               ^^^^^^^^^^^^^^^^^^^^^^^^
  File "C:\Users\HP\AppData\Local\Programs\Python\Python313\Lib\site-packages\starlette\middleware\base.py", line 154, in call_next
    raise app_exc
  File "C:\Users\HP\AppData\Local\Programs\Python\Python313\Lib\site-packages\starlette\middleware\base.py", line 141, in coro
    await self.app(scope, receive_or_disconnect, send_no_error)
  File "C:\Users\HP\AppData\Local\Programs\Python\Python313\Lib\site-packages\starlette\middleware\exceptions.py", line 62, in __call__
    await wrap_app_handling_exceptions(self.app, conn)(scope, receive, send)
  File "C:\Users\HP\AppData\Local\Programs\Python\Python313\Lib\site-packages\starlette\_exception_handler.py", line 53, in wrapped_app
    raise exc
  File "C:\Users\HP\AppData\Local\Programs\Python\Python313\Lib\site-packages\starlette\_exception_handler.py", line 42, in wrapped_app
    await app(scope, receive, sender)
  File "C:\Users\HP\AppData\Local\Programs\Python\Python313\Lib\site-packages\starlette\routing.py", line 715, in __call__
    await self.middleware_stack(scope, receive, send)
  File "C:\Users\HP\AppData\Local\Programs\Python\Python313\Lib\site-packages\starlette\routing.py", line 735, in app
    await route.handle(scope, receive, send)
  File "C:\Users\HP\AppData\Local\Programs\Python\Python313\Lib\site-packages\starlette\routing.py", line 288, in handle
    await self.app(scope, receive, send)
  File "C:\Users\HP\AppData\Local\Programs\Python\Python313\Lib\site-packages\starlette\routing.py", line 76, in app
    await wrap_app_handling_exceptions(app, request)(scope, receive, send)
  File "C:\Users\HP\AppData\Local\Programs\Python\Python313\Lib\site-packages\starlette\_exception_handler.py", line 53, in wrapped_app
    raise exc
  File "C:\Users\HP\AppData\Local\Programs\Python\Python313\Lib\site-packages\starlette\_exception_handler.py", line 42, in wrapped_app
    await app(scope, receive, sender)
  File "C:\Users\HP\AppData\Local\Programs\Python\Python313\Lib\site-packages\starlette\routing.py", line 73, in app
    response = await f(request)
               ^^^^^^^^^^^^^^^^
  File "C:\Users\HP\AppData\Local\Programs\Python\Python313\Lib\site-packages\fastapi\routing.py", line 291, in app
    solved_result = await solve_dependencies(
                    ^^^^^^^^^^^^^^^^^^^^^^^^^
    ...<6 lines>...
    )
    ^
  File "C:\Users\HP\AppData\Local\Programs\Python\Python313\Lib\site-packages\fastapi\dependencies\utils.py", line 638, in solve_dependencies
    solved = await call(**solved_result.values)
             ^^^^^^^^^^^^^^^^^^^^^^^^^^^^^^^^^^
  File "D:\Project\local-radar\backend\api\app\security\rate_limiter.py", line 43, in __call__
    is_blocked: Any = await asyncio.to_thread(redis_client.get, block_key)
                      ^^^^^^^^^^^^^^^^^^^^^^^^^^^^^^^^^^^^^^^^^^^^^^^^^^^^
  File "C:\Users\HP\AppData\Local\Programs\Python\Python313\Lib\asyncio\threads.py", line 25, in to_thread
    return await loop.run_in_executor(None, func_call)
           ^^^^^^^^^^^^^^^^^^^^^^^^^^^^^^^^^^^^^^^^^^^
  File "C:\Users\HP\AppData\Local\Programs\Python\Python313\Lib\concurrent\futures\thread.py", line 59, in run
    result = self.fn(*self.args, **self.kwargs)
  File "C:\Users\HP\AppData\Local\Programs\Python\Python313\Lib\site-packages\redis\commands\core.py", line 1822, in get
    return self.execute_command("GET", name, keys=[name])
           ~~~~~~~~~~~~~~~~~~~~^^^^^^^^^^^^^^^^^^^^^^^^^^
  File "C:\Users\HP\AppData\Local\Programs\Python\Python313\Lib\site-packages\redis\client.py", line 559, in execute_command
    return self._execute_command(*args, **options)
           ~~~~~~~~~~~~~~~~~~~~~^^^^^^^^^^^^^^^^^^
  File "C:\Users\HP\AppData\Local\Programs\Python\Python313\Lib\site-packages\redis\client.py", line 565, in _execute_command
    conn = self.connection or pool.get_connection(command_name, **options)
                              ~~~~~~~~~~~~~~~~~~~^^^^^^^^^^^^^^^^^^^^^^^^^
  File "C:\Users\HP\AppData\Local\Programs\Python\Python313\Lib\site-packages\redis\connection.py", line 1422, in get_connection
    connection.connect()
    ~~~~~~~~~~~~~~~~~~^^
  File "C:\Users\HP\AppData\Local\Programs\Python\Python313\Lib\site-packages\redis\connection.py", line 363, in connect
    raise ConnectionError(self._error_message(e))
redis.exceptions.ConnectionError: Error 10054 connecting to regular-mule-15533.upstash.io:6379. An existing connection was forcibly closed by the remote host.
2025-04-05 22:30:57 - scraper_api - ERROR - Unhandled exception occurred:
  + Exception Group Traceback (most recent call last):
  |   File "C:\Users\HP\AppData\Local\Programs\Python\Python313\Lib\site-packages\starlette\_utils.py", line 76, in collapse_excgroups
  |     yield
  |   File "C:\Users\HP\AppData\Local\Programs\Python\Python313\Lib\site-packages\starlette\middleware\base.py", line 178, in __call__
  |     async with anyio.create_task_group() as task_group:
  |                ~~~~~~~~~~~~~~~~~~~~~~~^^
  |   File "C:\Users\HP\AppData\Local\Programs\Python\Python313\Lib\site-packages\anyio\_backends\_asyncio.py", line 736, in __aexit__
  |     raise BaseExceptionGroup(
  |         "unhandled errors in a TaskGroup", self._exceptions
  |     )
  | ExceptionGroup: unhandled errors in a TaskGroup (1 sub-exception)
  +-+---------------- 1 ----------------
    | Traceback (most recent call last):
    |   File "C:\Users\HP\AppData\Local\Programs\Python\Python313\Lib\site-packages\starlette\middleware\errors.py", line 165, in __call__
    |     await self.app(scope, receive, _send)
    |   File "C:\Users\HP\AppData\Local\Programs\Python\Python313\Lib\site-packages\starlette\middleware\cors.py", line 93, in __call__
    |     await self.simple_response(scope, receive, send, request_headers=headers)
    |   File "C:\Users\HP\AppData\Local\Programs\Python\Python313\Lib\site-packages\starlette\middleware\cors.py", line 144, in simple_response
    |     await self.app(scope, receive, send)
    |   File "C:\Users\HP\AppData\Local\Programs\Python\Python313\Lib\site-packages\starlette\middleware\base.py", line 177, in __call__
    |     with recv_stream, send_stream, collapse_excgroups():
    |                                    ~~~~~~~~~~~~~~~~~~^^
    |   File "C:\Users\HP\AppData\Local\Programs\Python\Python313\Lib\contextlib.py", line 162, in __exit__
    |     self.gen.throw(value)
    |     ~~~~~~~~~~~~~~^^^^^^^
    |   File "C:\Users\HP\AppData\Local\Programs\Python\Python313\Lib\site-packages\starlette\_utils.py", line 82, in collapse_excgroups
    |     raise exc
    |   File "C:\Users\HP\AppData\Local\Programs\Python\Python313\Lib\site-packages\starlette\middleware\base.py", line 179, in __call__
    |     response = await self.dispatch_func(request, call_next)
    |                ^^^^^^^^^^^^^^^^^^^^^^^^^^^^^^^^^^^^^^^^^^^^
    |   File "D:\Project\local-radar\backend\api\app\middleware\request_logger.py", line 26, in log_request
    |     response = await call_next(request)
    |                ^^^^^^^^^^^^^^^^^^^^^^^^
    |   File "C:\Users\HP\AppData\Local\Programs\Python\Python313\Lib\site-packages\starlette\middleware\base.py", line 154, in call_next
    |     raise app_exc
    |   File "C:\Users\HP\AppData\Local\Programs\Python\Python313\Lib\site-packages\starlette\middleware\base.py", line 141, in coro
    |     await self.app(scope, receive_or_disconnect, send_no_error)
    |   File "C:\Users\HP\AppData\Local\Programs\Python\Python313\Lib\site-packages\starlette\middleware\base.py", line 177, in __call__
    |     with recv_stream, send_stream, collapse_excgroups():
    |                                    ~~~~~~~~~~~~~~~~~~^^
    |   File "C:\Users\HP\AppData\Local\Programs\Python\Python313\Lib\contextlib.py", line 162, in __exit__
    |     self.gen.throw(value)
    |     ~~~~~~~~~~~~~~^^^^^^^
    |   File "C:\Users\HP\AppData\Local\Programs\Python\Python313\Lib\site-packages\starlette\_utils.py", line 82, in collapse_excgroups
    |     raise exc
    |   File "C:\Users\HP\AppData\Local\Programs\Python\Python313\Lib\site-packages\starlette\middleware\base.py", line 179, in __call__
    |     response = await self.dispatch_func(request, call_next)
    |                ^^^^^^^^^^^^^^^^^^^^^^^^^^^^^^^^^^^^^^^^^^^^
    |   File "D:\Project\local-radar\backend\api\app\middleware\header_validator.py", line 86, in header_validator
    |     response = await call_next(request)
    |                ^^^^^^^^^^^^^^^^^^^^^^^^
    |   File "C:\Users\HP\AppData\Local\Programs\Python\Python313\Lib\site-packages\starlette\middleware\base.py", line 154, in call_next
    |     raise app_exc
    |   File "C:\Users\HP\AppData\Local\Programs\Python\Python313\Lib\site-packages\starlette\middleware\base.py", line 141, in coro
    |     await self.app(scope, receive_or_disconnect, send_no_error)
    |   File "C:\Users\HP\AppData\Local\Programs\Python\Python313\Lib\site-packages\starlette\middleware\exceptions.py", line 62, in __call__
    |     await wrap_app_handling_exceptions(self.app, conn)(scope, receive, send)
    |   File "C:\Users\HP\AppData\Local\Programs\Python\Python313\Lib\site-packages\starlette\_exception_handler.py", line 53, in wrapped_app
    |     raise exc
    |   File "C:\Users\HP\AppData\Local\Programs\Python\Python313\Lib\site-packages\starlette\_exception_handler.py", line 42, in wrapped_app
    |     await app(scope, receive, sender)
    |   File "C:\Users\HP\AppData\Local\Programs\Python\Python313\Lib\site-packages\starlette\routing.py", line 715, in __call__
    |     await self.middleware_stack(scope, receive, send)
    |   File "C:\Users\HP\AppData\Local\Programs\Python\Python313\Lib\site-packages\starlette\routing.py", line 735, in app
    |     await route.handle(scope, receive, send)
    |   File "C:\Users\HP\AppData\Local\Programs\Python\Python313\Lib\site-packages\starlette\routing.py", line 288, in handle
    |     await self.app(scope, receive, send)
    |   File "C:\Users\HP\AppData\Local\Programs\Python\Python313\Lib\site-packages\starlette\routing.py", line 76, in app
    |     await wrap_app_handling_exceptions(app, request)(scope, receive, send)
    |   File "C:\Users\HP\AppData\Local\Programs\Python\Python313\Lib\site-packages\starlette\_exception_handler.py", line 53, in wrapped_app
    |     raise exc
    |   File "C:\Users\HP\AppData\Local\Programs\Python\Python313\Lib\site-packages\starlette\_exception_handler.py", line 42, in wrapped_app
    |     await app(scope, receive, sender)
    |   File "C:\Users\HP\AppData\Local\Programs\Python\Python313\Lib\site-packages\starlette\routing.py", line 73, in app
    |     response = await f(request)
    |                ^^^^^^^^^^^^^^^^
    |   File "C:\Users\HP\AppData\Local\Programs\Python\Python313\Lib\site-packages\fastapi\routing.py", line 291, in app
    |     solved_result = await solve_dependencies(
    |                     ^^^^^^^^^^^^^^^^^^^^^^^^^
    |     ...<6 lines>...
    |     )
    |     ^
    |   File "C:\Users\HP\AppData\Local\Programs\Python\Python313\Lib\site-packages\fastapi\dependencies\utils.py", line 638, in solve_dependencies
    |     solved = await call(**solved_result.values)
    |              ^^^^^^^^^^^^^^^^^^^^^^^^^^^^^^^^^^
    |   File "D:\Project\local-radar\backend\api\app\security\rate_limiter.py", line 43, in __call__
    |     is_blocked: Any = await asyncio.to_thread(redis_client.get, block_key)
    |                       ^^^^^^^^^^^^^^^^^^^^^^^^^^^^^^^^^^^^^^^^^^^^^^^^^^^^
    |   File "C:\Users\HP\AppData\Local\Programs\Python\Python313\Lib\asyncio\threads.py", line 25, in to_thread
    |     return await loop.run_in_executor(None, func_call)
    |            ^^^^^^^^^^^^^^^^^^^^^^^^^^^^^^^^^^^^^^^^^^^
    |   File "C:\Users\HP\AppData\Local\Programs\Python\Python313\Lib\concurrent\futures\thread.py", line 59, in run
    |     result = self.fn(*self.args, **self.kwargs)
    |   File "C:\Users\HP\AppData\Local\Programs\Python\Python313\Lib\site-packages\redis\commands\core.py", line 1822, in get
    |     return self.execute_command("GET", name, keys=[name])
    |            ~~~~~~~~~~~~~~~~~~~~^^^^^^^^^^^^^^^^^^^^^^^^^^
    |   File "C:\Users\HP\AppData\Local\Programs\Python\Python313\Lib\site-packages\redis\client.py", line 559, in execute_command
    |     return self._execute_command(*args, **options)
    |            ~~~~~~~~~~~~~~~~~~~~~^^^^^^^^^^^^^^^^^^
    |   File "C:\Users\HP\AppData\Local\Programs\Python\Python313\Lib\site-packages\redis\client.py", line 565, in _execute_command
    |     conn = self.connection or pool.get_connection(command_name, **options)
    |                               ~~~~~~~~~~~~~~~~~~~^^^^^^^^^^^^^^^^^^^^^^^^^
    |   File "C:\Users\HP\AppData\Local\Programs\Python\Python313\Lib\site-packages\redis\connection.py", line 1422, in get_connection
    |     connection.connect()
    |     ~~~~~~~~~~~~~~~~~~^^
    |   File "C:\Users\HP\AppData\Local\Programs\Python\Python313\Lib\site-packages\redis\connection.py", line 363, in connect
    |     raise ConnectionError(self._error_message(e))
    | redis.exceptions.ConnectionError: Error 10054 connecting to regular-mule-15533.upstash.io:6379. An existing connection was forcibly closed by the remote host.
    +------------------------------------

During handling of the above exception, another exception occurred:

Traceback (most recent call last):
  File "C:\Users\HP\AppData\Local\Programs\Python\Python313\Lib\site-packages\starlette\middleware\errors.py", line 165, in __call__
    await self.app(scope, receive, _send)
  File "C:\Users\HP\AppData\Local\Programs\Python\Python313\Lib\site-packages\starlette\middleware\cors.py", line 93, in __call__
    await self.simple_response(scope, receive, send, request_headers=headers)
  File "C:\Users\HP\AppData\Local\Programs\Python\Python313\Lib\site-packages\starlette\middleware\cors.py", line 144, in simple_response
    await self.app(scope, receive, send)
  File "C:\Users\HP\AppData\Local\Programs\Python\Python313\Lib\site-packages\starlette\middleware\base.py", line 177, in __call__
    with recv_stream, send_stream, collapse_excgroups():
                                   ~~~~~~~~~~~~~~~~~~^^
  File "C:\Users\HP\AppData\Local\Programs\Python\Python313\Lib\contextlib.py", line 162, in __exit__
    self.gen.throw(value)
    ~~~~~~~~~~~~~~^^^^^^^
  File "C:\Users\HP\AppData\Local\Programs\Python\Python313\Lib\site-packages\starlette\_utils.py", line 82, in collapse_excgroups
    raise exc
  File "C:\Users\HP\AppData\Local\Programs\Python\Python313\Lib\site-packages\starlette\middleware\base.py", line 179, in __call__
    response = await self.dispatch_func(request, call_next)
               ^^^^^^^^^^^^^^^^^^^^^^^^^^^^^^^^^^^^^^^^^^^^
  File "D:\Project\local-radar\backend\api\app\middleware\request_logger.py", line 26, in log_request
    response = await call_next(request)
               ^^^^^^^^^^^^^^^^^^^^^^^^
  File "C:\Users\HP\AppData\Local\Programs\Python\Python313\Lib\site-packages\starlette\middleware\base.py", line 154, in call_next
    raise app_exc
  File "C:\Users\HP\AppData\Local\Programs\Python\Python313\Lib\site-packages\starlette\middleware\base.py", line 141, in coro
    await self.app(scope, receive_or_disconnect, send_no_error)
  File "C:\Users\HP\AppData\Local\Programs\Python\Python313\Lib\site-packages\starlette\middleware\base.py", line 177, in __call__
    with recv_stream, send_stream, collapse_excgroups():
                                   ~~~~~~~~~~~~~~~~~~^^
  File "C:\Users\HP\AppData\Local\Programs\Python\Python313\Lib\contextlib.py", line 162, in __exit__
    self.gen.throw(value)
    ~~~~~~~~~~~~~~^^^^^^^
  File "C:\Users\HP\AppData\Local\Programs\Python\Python313\Lib\site-packages\starlette\_utils.py", line 82, in collapse_excgroups
    raise exc
  File "C:\Users\HP\AppData\Local\Programs\Python\Python313\Lib\site-packages\starlette\middleware\base.py", line 179, in __call__
    response = await self.dispatch_func(request, call_next)
               ^^^^^^^^^^^^^^^^^^^^^^^^^^^^^^^^^^^^^^^^^^^^
  File "D:\Project\local-radar\backend\api\app\middleware\header_validator.py", line 86, in header_validator
    response = await call_next(request)
               ^^^^^^^^^^^^^^^^^^^^^^^^
  File "C:\Users\HP\AppData\Local\Programs\Python\Python313\Lib\site-packages\starlette\middleware\base.py", line 154, in call_next
    raise app_exc
  File "C:\Users\HP\AppData\Local\Programs\Python\Python313\Lib\site-packages\starlette\middleware\base.py", line 141, in coro
    await self.app(scope, receive_or_disconnect, send_no_error)
  File "C:\Users\HP\AppData\Local\Programs\Python\Python313\Lib\site-packages\starlette\middleware\exceptions.py", line 62, in __call__
    await wrap_app_handling_exceptions(self.app, conn)(scope, receive, send)
  File "C:\Users\HP\AppData\Local\Programs\Python\Python313\Lib\site-packages\starlette\_exception_handler.py", line 53, in wrapped_app
    raise exc
  File "C:\Users\HP\AppData\Local\Programs\Python\Python313\Lib\site-packages\starlette\_exception_handler.py", line 42, in wrapped_app
    await app(scope, receive, sender)
  File "C:\Users\HP\AppData\Local\Programs\Python\Python313\Lib\site-packages\starlette\routing.py", line 715, in __call__
    await self.middleware_stack(scope, receive, send)
  File "C:\Users\HP\AppData\Local\Programs\Python\Python313\Lib\site-packages\starlette\routing.py", line 735, in app
    await route.handle(scope, receive, send)
  File "C:\Users\HP\AppData\Local\Programs\Python\Python313\Lib\site-packages\starlette\routing.py", line 288, in handle
    await self.app(scope, receive, send)
  File "C:\Users\HP\AppData\Local\Programs\Python\Python313\Lib\site-packages\starlette\routing.py", line 76, in app
    await wrap_app_handling_exceptions(app, request)(scope, receive, send)
  File "C:\Users\HP\AppData\Local\Programs\Python\Python313\Lib\site-packages\starlette\_exception_handler.py", line 53, in wrapped_app
    raise exc
  File "C:\Users\HP\AppData\Local\Programs\Python\Python313\Lib\site-packages\starlette\_exception_handler.py", line 42, in wrapped_app
    await app(scope, receive, sender)
  File "C:\Users\HP\AppData\Local\Programs\Python\Python313\Lib\site-packages\starlette\routing.py", line 73, in app
    response = await f(request)
               ^^^^^^^^^^^^^^^^
  File "C:\Users\HP\AppData\Local\Programs\Python\Python313\Lib\site-packages\fastapi\routing.py", line 291, in app
    solved_result = await solve_dependencies(
                    ^^^^^^^^^^^^^^^^^^^^^^^^^
    ...<6 lines>...
    )
    ^
  File "C:\Users\HP\AppData\Local\Programs\Python\Python313\Lib\site-packages\fastapi\dependencies\utils.py", line 638, in solve_dependencies
    solved = await call(**solved_result.values)
             ^^^^^^^^^^^^^^^^^^^^^^^^^^^^^^^^^^
  File "D:\Project\local-radar\backend\api\app\security\rate_limiter.py", line 43, in __call__
    is_blocked: Any = await asyncio.to_thread(redis_client.get, block_key)
                      ^^^^^^^^^^^^^^^^^^^^^^^^^^^^^^^^^^^^^^^^^^^^^^^^^^^^
  File "C:\Users\HP\AppData\Local\Programs\Python\Python313\Lib\asyncio\threads.py", line 25, in to_thread
    return await loop.run_in_executor(None, func_call)
           ^^^^^^^^^^^^^^^^^^^^^^^^^^^^^^^^^^^^^^^^^^^
  File "C:\Users\HP\AppData\Local\Programs\Python\Python313\Lib\concurrent\futures\thread.py", line 59, in run
    result = self.fn(*self.args, **self.kwargs)
  File "C:\Users\HP\AppData\Local\Programs\Python\Python313\Lib\site-packages\redis\commands\core.py", line 1822, in get
    return self.execute_command("GET", name, keys=[name])
           ~~~~~~~~~~~~~~~~~~~~^^^^^^^^^^^^^^^^^^^^^^^^^^
  File "C:\Users\HP\AppData\Local\Programs\Python\Python313\Lib\site-packages\redis\client.py", line 559, in execute_command
    return self._execute_command(*args, **options)
           ~~~~~~~~~~~~~~~~~~~~~^^^^^^^^^^^^^^^^^^
  File "C:\Users\HP\AppData\Local\Programs\Python\Python313\Lib\site-packages\redis\client.py", line 565, in _execute_command
    conn = self.connection or pool.get_connection(command_name, **options)
                              ~~~~~~~~~~~~~~~~~~~^^^^^^^^^^^^^^^^^^^^^^^^^
  File "C:\Users\HP\AppData\Local\Programs\Python\Python313\Lib\site-packages\redis\connection.py", line 1422, in get_connection
    connection.connect()
    ~~~~~~~~~~~~~~~~~~^^
  File "C:\Users\HP\AppData\Local\Programs\Python\Python313\Lib\site-packages\redis\connection.py", line 363, in connect
    raise ConnectionError(self._error_message(e))
redis.exceptions.ConnectionError: Error 10054 connecting to regular-mule-15533.upstash.io:6379. An existing connection was forcibly closed by the remote host.
2025-04-05 22:31:14 - scraper_api - INFO - Application shutdown initiated.
2025-04-05 22:32:03 - scraper_api - INFO - Closed MongoDB connection
2025-04-05 22:32:30 - scraper_api - WARNING - Module app.scrapers.scraper_config does not have a 'main' function and was skipped.
2025-04-05 22:32:30 - scraper_api - WARNING - Module app.scrapers._common does not have a 'main' function and was skipped.
2025-04-05 22:32:31 - scraper_api - INFO - Loaded scraper module: app.scrapers.amusementparks.amusementparks as key: amusementparks
2025-04-05 22:32:31 - scraper_api - INFO - Loaded scraper module: app.scrapers.bakeries.bakeries as key: bakeries
2025-04-05 22:32:31 - scraper_api - INFO - Loaded scraper module: app.scrapers.bars.bars as key: bars
2025-04-05 22:32:31 - scraper_api - INFO - Loaded scraper module: app.scrapers.beaches.beaches as key: beaches
2025-04-05 22:32:31 - scraper_api - INFO - Loaded scraper module: app.scrapers.bookstores.bookstores as key: bookstores
2025-04-05 22:32:31 - scraper_api - INFO - Loaded scraper module: app.scrapers.carrepairservices.carrepairservices as key: carrepairservices
2025-04-05 22:32:31 - scraper_api - INFO - Loaded scraper module: app.scrapers.cinemas.cinemas as key: cinemas
2025-04-05 22:32:31 - scraper_api - INFO - Loaded scraper module: app.scrapers.clinics.clinics as key: clinics
2025-04-05 22:32:31 - scraper_api - INFO - Loaded scraper module: app.scrapers.clothingstores.clothingstores as key: clothingstores
2025-04-05 22:32:31 - scraper_api - INFO - Loaded scraper module: app.scrapers.coachingcenters.coachingcenters as key: coachingcenters
2025-04-05 22:32:31 - scraper_api - INFO - Loaded scraper module: app.scrapers.coffeeshops.coffeeshops as key: coffeeshops
2025-04-05 22:32:31 - scraper_api - INFO - Loaded scraper module: app.scrapers.colleges.colleges as key: colleges
2025-04-05 22:32:31 - scraper_api - INFO - Loaded scraper module: app.scrapers.dentists.dentists as key: dentists
2025-04-05 22:32:31 - scraper_api - INFO - Loaded scraper module: app.scrapers.electronicstores.electronicstores as key: electronicstores
2025-04-05 22:32:31 - scraper_api - INFO - Loaded scraper module: app.scrapers.eyecarecenters.eyecarecenters as key: eyecarecenters
2025-04-05 22:32:31 - scraper_api - INFO - Loaded scraper module: app.scrapers.fastfood.fastfood as key: fastfood
2025-04-05 22:32:31 - scraper_api - INFO - Loaded scraper module: app.scrapers.firestation.firestation as key: firestation
2025-04-05 22:32:31 - scraper_api - INFO - Loaded scraper module: app.scrapers.furniturestores.furniturestores as key: furniturestores
2025-04-05 22:32:31 - scraper_api - INFO - Loaded scraper module: app.scrapers.grocerystore.grocerystore as key: grocerystore
2025-04-05 22:32:31 - scraper_api - INFO - Loaded scraper module: app.scrapers.gyms.gyms as key: gyms
2025-04-05 22:32:31 - scraper_api - INFO - Loaded scraper module: app.scrapers.hospitals.hospitals as key: hospitals
2025-04-05 22:32:31 - scraper_api - INFO - Loaded scraper module: app.scrapers.hostels.hostels as key: hostels
2025-04-05 22:32:31 - scraper_api - INFO - Loaded scraper module: app.scrapers.hotels.hotels as key: hotels
2025-04-05 22:32:31 - scraper_api - INFO - Loaded scraper module: app.scrapers.jewelryshops.jewelryshops as key: jewelryshops
2025-04-05 22:32:31 - scraper_api - INFO - Loaded scraper module: app.scrapers.jobs.apna as key: apna
2025-04-05 22:32:31 - scraper_api - INFO - Loaded scraper module: app.scrapers.jobs.naukri as key: naukri
2025-04-05 22:32:31 - scraper_api - INFO - Loaded scraper module: app.scrapers.jobs.shine as key: shine
2025-04-05 22:32:38 - scraper_api - INFO - Loaded scraper module: app.scrapers.libraries.libraries as key: libraries
2025-04-05 22:32:38 - scraper_api - INFO - Loaded scraper module: app.scrapers.museums.museums as key: museums
2025-04-05 22:32:38 - scraper_api - INFO - Loaded scraper module: app.scrapers.musicdanceacademies.musicdanceacademies as key: musicdanceacademies
2025-04-05 22:32:38 - scraper_api - INFO - Loaded scraper module: app.scrapers.news.indiatoday as key: indiatoday
2025-04-05 22:32:38 - scraper_api - INFO - Loaded scraper module: app.scrapers.nightclubs.nightclubs as key: nightclubs
2025-04-05 22:32:38 - scraper_api - INFO - Loaded scraper module: app.scrapers.parks.parks as key: parks
2025-04-05 22:32:38 - scraper_api - INFO - Loaded scraper module: app.scrapers.policestations.policestations as key: policestations
2025-04-05 22:32:38 - scraper_api - INFO - Loaded scraper module: app.scrapers.publictransport.publictransport as key: publictransport
2025-04-05 22:32:38 - scraper_api - INFO - Loaded scraper module: app.scrapers.restaurant.restaurants as key: restaurants
2025-04-05 22:32:38 - scraper_api - INFO - Loaded scraper module: app.scrapers.salons.salons as key: salons
2025-04-05 22:32:38 - scraper_api - INFO - Loaded scraper module: app.scrapers.schools.schools as key: schools
2025-04-05 22:32:38 - scraper_api - INFO - Loaded scraper module: app.scrapers.shoppingmalls.shoppingmalls as key: shoppingmalls
2025-04-05 22:32:38 - scraper_api - INFO - Loaded scraper module: app.scrapers.sportsclubs.sportsclubs as key: sportsclubs
2025-04-05 22:32:38 - scraper_api - INFO - Loaded scraper module: app.scrapers.supermarkets.supermarkets as key: supermarkets
2025-04-05 22:32:38 - scraper_api - INFO - Loaded scraper module: app.scrapers.temples.temples as key: temples
2025-04-05 22:32:38 - scraper_api - INFO - Loaded scraper module: app.scrapers.weather.weather as key: weather
2025-04-05 22:32:38 - scraper_api - INFO - Loaded scraper module: app.scrapers.yogacenters.yogacenters as key: yogacenters
2025-04-05 22:32:38 - scraper_api - INFO - Connected to Redis successfully.
2025-04-05 22:32:39 - scraper_api - INFO - Connected to MongoDB: LOCAL_RADAR
2025-04-05 22:32:39 - scraper_api - INFO - Celery app created with broker: rediss://:ATytAAIjcDE4ZDY4M2VkOTZkNWM0NTA4YTI5OWRjOTNlMjI0OGRhOHAxMA@regular-mule-15533.upstash.io:6379
2025-04-05 22:32:39 - scraper_api - INFO - Celery configuration updated.
2025-04-05 22:32:39 - scraper_api - INFO - Application startup initiated.
2025-04-05 22:32:45 - scraper_api - INFO - Rate limiter: Current count for IP 192.168.43.122 is 1
2025-04-05 22:32:45 - scraper_api - INFO - API key validation successful.
2025-04-05 22:32:47 - scraper_api - INFO - Rate limiter: Current count for IP 192.168.43.122 is 2
2025-04-05 22:32:47 - scraper_api - INFO - API key validation successful.
2025-04-05 22:32:52 - scraper_api - INFO - Cache miss for key: restaurants_varansi
2025-04-05 22:32:52 - scraper_api - INFO - Returning fresh data from MongoDB for restaurants in varansi.
2025-04-05 22:33:01 - scraper_api - ERROR - Error retrieving cache for key restaurants_varansi: Error while reading from regular-mule-15533.upstash.io:6379 : (10053, 'An established connection was aborted by the software in your host machine', None, 10053, None)
Traceback (most recent call last):
  File "C:\Users\HP\AppData\Local\Programs\Python\Python313\Lib\site-packages\redis\connection.py", line 592, in read_response
    response = self._parser.read_response(disable_decoding=disable_decoding)
  File "C:\Users\HP\AppData\Local\Programs\Python\Python313\Lib\site-packages\redis\_parsers\resp2.py", line 15, in read_response
    result = self._read_response(disable_decoding=disable_decoding)
  File "C:\Users\HP\AppData\Local\Programs\Python\Python313\Lib\site-packages\redis\_parsers\resp2.py", line 25, in _read_response
    raw = self._buffer.readline()
  File "C:\Users\HP\AppData\Local\Programs\Python\Python313\Lib\site-packages\redis\_parsers\socket.py", line 115, in readline
    self._read_from_socket()
    ~~~~~~~~~~~~~~~~~~~~~~^^
  File "C:\Users\HP\AppData\Local\Programs\Python\Python313\Lib\site-packages\redis\_parsers\socket.py", line 65, in _read_from_socket
    data = self._sock.recv(socket_read_size)
  File "C:\Users\HP\AppData\Local\Programs\Python\Python313\Lib\ssl.py", line 1285, in recv
    return self.read(buflen)
           ~~~~~~~~~^^^^^^^^
  File "C:\Users\HP\AppData\Local\Programs\Python\Python313\Lib\ssl.py", line 1140, in read
    return self._sslobj.read(len)
           ~~~~~~~~~~~~~~~~~^^^^^
ConnectionAbortedError: [WinError 10053] An established connection was aborted by the software in your host machine

During handling of the above exception, another exception occurred:

Traceback (most recent call last):
  File "D:\Project\local-radar\backend\api\app\cache\redis_cache.py", line 87, in get_cache
    cached_data = redis_client.get(key)
  File "C:\Users\HP\AppData\Local\Programs\Python\Python313\Lib\site-packages\redis\commands\core.py", line 1822, in get
    return self.execute_command("GET", name, keys=[name])
           ~~~~~~~~~~~~~~~~~~~~^^^^^^^^^^^^^^^^^^^^^^^^^^
  File "C:\Users\HP\AppData\Local\Programs\Python\Python313\Lib\site-packages\redis\client.py", line 559, in execute_command
    return self._execute_command(*args, **options)
           ~~~~~~~~~~~~~~~~~~~~~^^^^^^^^^^^^^^^^^^
  File "C:\Users\HP\AppData\Local\Programs\Python\Python313\Lib\site-packages\redis\client.py", line 565, in _execute_command
    conn = self.connection or pool.get_connection(command_name, **options)
                              ~~~~~~~~~~~~~~~~~~~^^^^^^^^^^^^^^^^^^^^^^^^^
  File "C:\Users\HP\AppData\Local\Programs\Python\Python313\Lib\site-packages\redis\connection.py", line 1422, in get_connection
    connection.connect()
    ~~~~~~~~~~~~~~~~~~^^
  File "C:\Users\HP\AppData\Local\Programs\Python\Python313\Lib\site-packages\redis\connection.py", line 369, in connect
    self.on_connect()
    ~~~~~~~~~~~~~~~^^
  File "C:\Users\HP\AppData\Local\Programs\Python\Python313\Lib\site-packages\redis\connection.py", line 434, in on_connect
    auth_response = self.read_response()
  File "C:\Users\HP\AppData\Local\Programs\Python\Python313\Lib\site-packages\redis\connection.py", line 600, in read_response
    raise ConnectionError(
        f"Error while reading from {host_error}" f" : {e.args}"
    )
redis.exceptions.ConnectionError: Error while reading from regular-mule-15533.upstash.io:6379 : (10053, 'An established connection was aborted by the software in your host machine', None, 10053, None)
2025-04-05 22:33:01 - scraper_api - ERROR - Error setting cache for key restaurants_varansi: Error while reading from regular-mule-15533.upstash.io:6379 : (10053, 'An established connection was aborted by the software in your host machine', None, 10053, None)
Traceback (most recent call last):
  File "C:\Users\HP\AppData\Local\Programs\Python\Python313\Lib\site-packages\redis\connection.py", line 592, in read_response
    response = self._parser.read_response(disable_decoding=disable_decoding)
  File "C:\Users\HP\AppData\Local\Programs\Python\Python313\Lib\site-packages\redis\_parsers\resp2.py", line 15, in read_response
    result = self._read_response(disable_decoding=disable_decoding)
  File "C:\Users\HP\AppData\Local\Programs\Python\Python313\Lib\site-packages\redis\_parsers\resp2.py", line 25, in _read_response
    raw = self._buffer.readline()
  File "C:\Users\HP\AppData\Local\Programs\Python\Python313\Lib\site-packages\redis\_parsers\socket.py", line 115, in readline
    self._read_from_socket()
    ~~~~~~~~~~~~~~~~~~~~~~^^
  File "C:\Users\HP\AppData\Local\Programs\Python\Python313\Lib\site-packages\redis\_parsers\socket.py", line 65, in _read_from_socket
    data = self._sock.recv(socket_read_size)
  File "C:\Users\HP\AppData\Local\Programs\Python\Python313\Lib\ssl.py", line 1285, in recv
    return self.read(buflen)
           ~~~~~~~~~^^^^^^^^
  File "C:\Users\HP\AppData\Local\Programs\Python\Python313\Lib\ssl.py", line 1140, in read
    return self._sslobj.read(len)
           ~~~~~~~~~~~~~~~~~^^^^^
ConnectionAbortedError: [WinError 10053] An established connection was aborted by the software in your host machine

During handling of the above exception, another exception occurred:

Traceback (most recent call last):
  File "D:\Project\local-radar\backend\api\app\cache\redis_cache.py", line 73, in set_cache
    redis_client.setex(key, ttl, serialized_data)
    ~~~~~~~~~~~~~~~~~~^^^^^^^^^^^^^^^^^^^^^^^^^^^
  File "C:\Users\HP\AppData\Local\Programs\Python\Python313\Lib\site-packages\redis\commands\core.py", line 2360, in setex
    return self.execute_command("SETEX", name, time, value)
           ~~~~~~~~~~~~~~~~~~~~^^^^^^^^^^^^^^^^^^^^^^^^^^^^
  File "C:\Users\HP\AppData\Local\Programs\Python\Python313\Lib\site-packages\redis\client.py", line 559, in execute_command
    return self._execute_command(*args, **options)
           ~~~~~~~~~~~~~~~~~~~~~^^^^^^^^^^^^^^^^^^
  File "C:\Users\HP\AppData\Local\Programs\Python\Python313\Lib\site-packages\redis\client.py", line 567, in _execute_command
    return conn.retry.call_with_retry(
           ~~~~~~~~~~~~~~~~~~~~~~~~~~^
        lambda: self._send_command_parse_response(
        ^^^^^^^^^^^^^^^^^^^^^^^^^^^^^^^^^^^^^^^^^^
    ...<2 lines>...
        lambda error: self._disconnect_raise(conn, error),
        ^^^^^^^^^^^^^^^^^^^^^^^^^^^^^^^^^^^^^^^^^^^^^^^^^^
    )
    ^
  File "C:\Users\HP\AppData\Local\Programs\Python\Python313\Lib\site-packages\redis\retry.py", line 65, in call_with_retry
    fail(error)
    ~~~~^^^^^^^
  File "C:\Users\HP\AppData\Local\Programs\Python\Python313\Lib\site-packages\redis\client.py", line 571, in <lambda>
    lambda error: self._disconnect_raise(conn, error),
                  ~~~~~~~~~~~~~~~~~~~~~~^^^^^^^^^^^^^
  File "C:\Users\HP\AppData\Local\Programs\Python\Python313\Lib\site-packages\redis\client.py", line 555, in _disconnect_raise
    raise error
  File "C:\Users\HP\AppData\Local\Programs\Python\Python313\Lib\site-packages\redis\retry.py", line 62, in call_with_retry
    return do()
  File "C:\Users\HP\AppData\Local\Programs\Python\Python313\Lib\site-packages\redis\client.py", line 568, in <lambda>
    lambda: self._send_command_parse_response(
            ~~~~~~~~~~~~~~~~~~~~~~~~~~~~~~~~~^
        conn, command_name, *args, **options
        ^^^^^^^^^^^^^^^^^^^^^^^^^^^^^^^^^^^^
    ),
    ^
  File "C:\Users\HP\AppData\Local\Programs\Python\Python313\Lib\site-packages\redis\client.py", line 542, in _send_command_parse_response
    return self.parse_response(conn, command_name, **options)
           ~~~~~~~~~~~~~~~~~~~^^^^^^^^^^^^^^^^^^^^^^^^^^^^^^^
  File "C:\Users\HP\AppData\Local\Programs\Python\Python313\Lib\site-packages\redis\client.py", line 584, in parse_response
    response = connection.read_response()
  File "C:\Users\HP\AppData\Local\Programs\Python\Python313\Lib\site-packages\redis\connection.py", line 600, in read_response
    raise ConnectionError(
        f"Error while reading from {host_error}" f" : {e.args}"
    )
redis.exceptions.ConnectionError: Error while reading from regular-mule-15533.upstash.io:6379 : (10053, 'An established connection was aborted by the software in your host machine', None, 10053, None)
2025-04-05 22:33:01 - scraper_api - INFO - Returning fresh data from MongoDB for restaurants in varansi.
2025-04-05 22:33:14 - scraper_api - INFO - Cache set for key: restaurants_varansi with TTL: 3600 seconds.
2025-04-05 22:33:25 - scraper_api - INFO - Application shutdown initiated.
2025-04-05 22:33:29 - scraper_api - WARNING - Module app.scrapers.scraper_config does not have a 'main' function and was skipped.
2025-04-05 22:33:29 - scraper_api - WARNING - Module app.scrapers._common does not have a 'main' function and was skipped.
2025-04-05 22:33:30 - scraper_api - INFO - Loaded scraper module: app.scrapers.amusementparks.amusementparks as key: amusementparks
2025-04-05 22:33:30 - scraper_api - INFO - Loaded scraper module: app.scrapers.bakeries.bakeries as key: bakeries
2025-04-05 22:33:30 - scraper_api - INFO - Loaded scraper module: app.scrapers.bars.bars as key: bars
2025-04-05 22:33:30 - scraper_api - INFO - Loaded scraper module: app.scrapers.beaches.beaches as key: beaches
2025-04-05 22:33:30 - scraper_api - INFO - Loaded scraper module: app.scrapers.bookstores.bookstores as key: bookstores
2025-04-05 22:33:30 - scraper_api - INFO - Loaded scraper module: app.scrapers.carrepairservices.carrepairservices as key: carrepairservices
2025-04-05 22:33:30 - scraper_api - INFO - Loaded scraper module: app.scrapers.cinemas.cinemas as key: cinemas
2025-04-05 22:33:30 - scraper_api - INFO - Loaded scraper module: app.scrapers.clinics.clinics as key: clinics
2025-04-05 22:33:30 - scraper_api - INFO - Loaded scraper module: app.scrapers.clothingstores.clothingstores as key: clothingstores
2025-04-05 22:33:30 - scraper_api - INFO - Loaded scraper module: app.scrapers.coachingcenters.coachingcenters as key: coachingcenters
2025-04-05 22:33:30 - scraper_api - INFO - Loaded scraper module: app.scrapers.coffeeshops.coffeeshops as key: coffeeshops
2025-04-05 22:33:30 - scraper_api - INFO - Loaded scraper module: app.scrapers.colleges.colleges as key: colleges
2025-04-05 22:33:30 - scraper_api - INFO - Loaded scraper module: app.scrapers.dentists.dentists as key: dentists
2025-04-05 22:33:30 - scraper_api - INFO - Loaded scraper module: app.scrapers.electronicstores.electronicstores as key: electronicstores
2025-04-05 22:33:30 - scraper_api - INFO - Loaded scraper module: app.scrapers.eyecarecenters.eyecarecenters as key: eyecarecenters
2025-04-05 22:33:30 - scraper_api - INFO - Loaded scraper module: app.scrapers.fastfood.fastfood as key: fastfood
2025-04-05 22:33:30 - scraper_api - INFO - Loaded scraper module: app.scrapers.firestation.firestation as key: firestation
2025-04-05 22:33:30 - scraper_api - INFO - Loaded scraper module: app.scrapers.furniturestores.furniturestores as key: furniturestores
2025-04-05 22:33:30 - scraper_api - INFO - Loaded scraper module: app.scrapers.grocerystore.grocerystore as key: grocerystore
2025-04-05 22:33:30 - scraper_api - INFO - Loaded scraper module: app.scrapers.gyms.gyms as key: gyms
2025-04-05 22:33:30 - scraper_api - INFO - Loaded scraper module: app.scrapers.hospitals.hospitals as key: hospitals
2025-04-05 22:33:30 - scraper_api - INFO - Loaded scraper module: app.scrapers.hostels.hostels as key: hostels
2025-04-05 22:33:30 - scraper_api - INFO - Loaded scraper module: app.scrapers.hotels.hotels as key: hotels
2025-04-05 22:33:30 - scraper_api - INFO - Loaded scraper module: app.scrapers.jewelryshops.jewelryshops as key: jewelryshops
2025-04-05 22:33:30 - scraper_api - INFO - Loaded scraper module: app.scrapers.jobs.apna as key: apna
2025-04-05 22:33:30 - scraper_api - INFO - Loaded scraper module: app.scrapers.jobs.naukri as key: naukri
2025-04-05 22:33:30 - scraper_api - INFO - Loaded scraper module: app.scrapers.jobs.shine as key: shine
2025-04-05 22:33:36 - scraper_api - INFO - Loaded scraper module: app.scrapers.libraries.libraries as key: libraries
2025-04-05 22:33:36 - scraper_api - INFO - Loaded scraper module: app.scrapers.museums.museums as key: museums
2025-04-05 22:33:36 - scraper_api - INFO - Loaded scraper module: app.scrapers.musicdanceacademies.musicdanceacademies as key: musicdanceacademies
2025-04-05 22:33:36 - scraper_api - INFO - Loaded scraper module: app.scrapers.news.indiatoday as key: indiatoday
2025-04-05 22:33:36 - scraper_api - INFO - Loaded scraper module: app.scrapers.nightclubs.nightclubs as key: nightclubs
2025-04-05 22:33:36 - scraper_api - INFO - Loaded scraper module: app.scrapers.parks.parks as key: parks
2025-04-05 22:33:36 - scraper_api - INFO - Loaded scraper module: app.scrapers.policestations.policestations as key: policestations
2025-04-05 22:33:36 - scraper_api - INFO - Loaded scraper module: app.scrapers.publictransport.publictransport as key: publictransport
2025-04-05 22:33:36 - scraper_api - INFO - Loaded scraper module: app.scrapers.restaurant.restaurants as key: restaurants
2025-04-05 22:33:36 - scraper_api - INFO - Loaded scraper module: app.scrapers.salons.salons as key: salons
2025-04-05 22:33:36 - scraper_api - INFO - Loaded scraper module: app.scrapers.schools.schools as key: schools
2025-04-05 22:33:36 - scraper_api - INFO - Loaded scraper module: app.scrapers.shoppingmalls.shoppingmalls as key: shoppingmalls
2025-04-05 22:33:36 - scraper_api - INFO - Loaded scraper module: app.scrapers.sportsclubs.sportsclubs as key: sportsclubs
2025-04-05 22:33:36 - scraper_api - INFO - Loaded scraper module: app.scrapers.supermarkets.supermarkets as key: supermarkets
2025-04-05 22:33:36 - scraper_api - INFO - Loaded scraper module: app.scrapers.temples.temples as key: temples
2025-04-05 22:33:36 - scraper_api - INFO - Loaded scraper module: app.scrapers.weather.weather as key: weather
2025-04-05 22:33:36 - scraper_api - INFO - Loaded scraper module: app.scrapers.yogacenters.yogacenters as key: yogacenters
2025-04-05 22:33:36 - scraper_api - INFO - Connected to Redis successfully.
2025-04-05 22:33:36 - scraper_api - INFO - Connected to MongoDB: LOCAL_RADAR
2025-04-05 22:33:36 - scraper_api - INFO - Celery app created with broker: rediss://:ATytAAIjcDE4ZDY4M2VkOTZkNWM0NTA4YTI5OWRjOTNlMjI0OGRhOHAxMA@regular-mule-15533.upstash.io:6379
2025-04-05 22:33:36 - scraper_api - INFO - Celery configuration updated.
2025-04-05 22:33:36 - scraper_api - INFO - Application startup initiated.
2025-04-05 22:33:36 - scraper_api - INFO - Application shutdown initiated.
2025-04-05 22:33:37 - scraper_api - INFO - Closed MongoDB connection
2025-04-05 22:33:43 - scraper_api - WARNING - Module app.scrapers.scraper_config does not have a 'main' function and was skipped.
2025-04-05 22:33:43 - scraper_api - WARNING - Module app.scrapers._common does not have a 'main' function and was skipped.
2025-04-05 22:33:44 - scraper_api - INFO - Loaded scraper module: app.scrapers.amusementparks.amusementparks as key: amusementparks
2025-04-05 22:33:44 - scraper_api - INFO - Loaded scraper module: app.scrapers.bakeries.bakeries as key: bakeries
2025-04-05 22:33:44 - scraper_api - INFO - Loaded scraper module: app.scrapers.bars.bars as key: bars
2025-04-05 22:33:44 - scraper_api - INFO - Loaded scraper module: app.scrapers.beaches.beaches as key: beaches
2025-04-05 22:33:44 - scraper_api - INFO - Loaded scraper module: app.scrapers.bookstores.bookstores as key: bookstores
2025-04-05 22:33:44 - scraper_api - INFO - Loaded scraper module: app.scrapers.carrepairservices.carrepairservices as key: carrepairservices
2025-04-05 22:33:44 - scraper_api - INFO - Loaded scraper module: app.scrapers.cinemas.cinemas as key: cinemas
2025-04-05 22:33:44 - scraper_api - INFO - Loaded scraper module: app.scrapers.clinics.clinics as key: clinics
2025-04-05 22:33:44 - scraper_api - INFO - Loaded scraper module: app.scrapers.clothingstores.clothingstores as key: clothingstores
2025-04-05 22:33:44 - scraper_api - INFO - Loaded scraper module: app.scrapers.coachingcenters.coachingcenters as key: coachingcenters
2025-04-05 22:33:44 - scraper_api - INFO - Loaded scraper module: app.scrapers.coffeeshops.coffeeshops as key: coffeeshops
2025-04-05 22:33:44 - scraper_api - INFO - Loaded scraper module: app.scrapers.colleges.colleges as key: colleges
2025-04-05 22:33:44 - scraper_api - INFO - Loaded scraper module: app.scrapers.dentists.dentists as key: dentists
2025-04-05 22:33:44 - scraper_api - INFO - Loaded scraper module: app.scrapers.electronicstores.electronicstores as key: electronicstores
2025-04-05 22:33:44 - scraper_api - INFO - Loaded scraper module: app.scrapers.eyecarecenters.eyecarecenters as key: eyecarecenters
2025-04-05 22:33:44 - scraper_api - INFO - Loaded scraper module: app.scrapers.fastfood.fastfood as key: fastfood
2025-04-05 22:33:44 - scraper_api - INFO - Loaded scraper module: app.scrapers.firestation.firestation as key: firestation
2025-04-05 22:33:44 - scraper_api - INFO - Loaded scraper module: app.scrapers.furniturestores.furniturestores as key: furniturestores
2025-04-05 22:33:44 - scraper_api - INFO - Loaded scraper module: app.scrapers.grocerystore.grocerystore as key: grocerystore
2025-04-05 22:33:44 - scraper_api - INFO - Loaded scraper module: app.scrapers.gyms.gyms as key: gyms
2025-04-05 22:33:44 - scraper_api - INFO - Loaded scraper module: app.scrapers.hospitals.hospitals as key: hospitals
2025-04-05 22:33:44 - scraper_api - INFO - Loaded scraper module: app.scrapers.hostels.hostels as key: hostels
2025-04-05 22:33:44 - scraper_api - INFO - Loaded scraper module: app.scrapers.hotels.hotels as key: hotels
2025-04-05 22:33:44 - scraper_api - INFO - Loaded scraper module: app.scrapers.jewelryshops.jewelryshops as key: jewelryshops
2025-04-05 22:33:44 - scraper_api - INFO - Loaded scraper module: app.scrapers.jobs.apna as key: apna
2025-04-05 22:33:44 - scraper_api - INFO - Loaded scraper module: app.scrapers.jobs.naukri as key: naukri
2025-04-05 22:33:44 - scraper_api - INFO - Loaded scraper module: app.scrapers.jobs.shine as key: shine
2025-04-05 22:33:50 - scraper_api - INFO - Loaded scraper module: app.scrapers.libraries.libraries as key: libraries
2025-04-05 22:33:50 - scraper_api - INFO - Loaded scraper module: app.scrapers.museums.museums as key: museums
2025-04-05 22:33:50 - scraper_api - INFO - Loaded scraper module: app.scrapers.musicdanceacademies.musicdanceacademies as key: musicdanceacademies
2025-04-05 22:33:51 - scraper_api - INFO - Loaded scraper module: app.scrapers.news.indiatoday as key: indiatoday
2025-04-05 22:33:51 - scraper_api - INFO - Loaded scraper module: app.scrapers.nightclubs.nightclubs as key: nightclubs
2025-04-05 22:33:51 - scraper_api - INFO - Loaded scraper module: app.scrapers.parks.parks as key: parks
2025-04-05 22:33:51 - scraper_api - INFO - Loaded scraper module: app.scrapers.policestations.policestations as key: policestations
2025-04-05 22:33:51 - scraper_api - INFO - Loaded scraper module: app.scrapers.publictransport.publictransport as key: publictransport
2025-04-05 22:33:51 - scraper_api - INFO - Loaded scraper module: app.scrapers.restaurant.restaurants as key: restaurants
2025-04-05 22:33:51 - scraper_api - INFO - Loaded scraper module: app.scrapers.salons.salons as key: salons
2025-04-05 22:33:51 - scraper_api - INFO - Loaded scraper module: app.scrapers.schools.schools as key: schools
2025-04-05 22:33:51 - scraper_api - INFO - Loaded scraper module: app.scrapers.shoppingmalls.shoppingmalls as key: shoppingmalls
2025-04-05 22:33:51 - scraper_api - INFO - Loaded scraper module: app.scrapers.sportsclubs.sportsclubs as key: sportsclubs
2025-04-05 22:33:51 - scraper_api - INFO - Loaded scraper module: app.scrapers.supermarkets.supermarkets as key: supermarkets
2025-04-05 22:33:51 - scraper_api - INFO - Loaded scraper module: app.scrapers.temples.temples as key: temples
2025-04-05 22:33:51 - scraper_api - INFO - Loaded scraper module: app.scrapers.weather.weather as key: weather
2025-04-05 22:33:51 - scraper_api - INFO - Loaded scraper module: app.scrapers.yogacenters.yogacenters as key: yogacenters
2025-04-05 22:33:51 - scraper_api - INFO - Connected to Redis successfully.
2025-04-05 22:33:51 - scraper_api - INFO - Connected to MongoDB: LOCAL_RADAR
2025-04-05 22:33:51 - scraper_api - INFO - Celery app created with broker: rediss://:ATytAAIjcDE4ZDY4M2VkOTZkNWM0NTA4YTI5OWRjOTNlMjI0OGRhOHAxMA@regular-mule-15533.upstash.io:6379
2025-04-05 22:33:51 - scraper_api - INFO - Celery configuration updated.
2025-04-05 22:33:51 - scraper_api - INFO - Application startup initiated.
2025-04-05 22:35:43 - scraper_api - INFO - Rate limiter: Current count for IP 192.168.61.122 is 2
2025-04-05 22:35:43 - scraper_api - INFO - API key validation successful.
2025-04-05 22:35:43 - scraper_api - INFO - Rate limiter: Current count for IP 192.168.61.122 is 1
2025-04-05 22:35:43 - scraper_api - INFO - API key validation successful.
2025-04-05 22:35:45 - scraper_api - INFO - Cache miss for key: parks_jamnagar
2025-04-05 22:35:45 - scraper_api - INFO - Returning fresh data from MongoDB for parks in jamnagar.
2025-04-05 22:35:45 - scraper_api - INFO - Cache set for key: parks_jamnagar with TTL: 3600 seconds.
2025-04-05 22:35:46 - scraper_api - INFO - Cache hit for key: parks_jamnagar
2025-04-05 22:35:46 - scraper_api - INFO - Returning cached data from Redis for parks in jamnagar.
2025-04-05 22:36:08 - scraper_api - INFO - Rate limiter: Current count for IP 192.168.61.122 is 4
2025-04-05 22:36:08 - scraper_api - INFO - API key validation successful.
2025-04-05 22:36:08 - scraper_api - INFO - Rate limiter: Current count for IP 192.168.61.122 is 3
2025-04-05 22:36:08 - scraper_api - INFO - API key validation successful.
2025-04-05 22:36:08 - scraper_api - INFO - Cache miss for key: restaurants_bhatiya
2025-04-05 22:36:08 - scraper_api - INFO - Cache miss for key: hotels_bhatiya
2025-04-05 22:36:10 - scraper_api - INFO - Rate limiter: Current count for IP 192.168.61.122 is 7
2025-04-05 22:36:10 - scraper_api - INFO - API key validation successful.
2025-04-05 22:36:10 - scraper_api - INFO - Rate limiter: Current count for IP 192.168.61.122 is 6
2025-04-05 22:36:10 - scraper_api - INFO - API key validation successful.
2025-04-05 22:36:10 - scraper_api - INFO - Rate limiter: Current count for IP 192.168.61.122 is 5
2025-04-05 22:36:10 - scraper_api - INFO - API key validation successful.
2025-04-05 22:36:11 - scraper_api - INFO - Cache miss for key: libraries_bhatiya
2025-04-05 22:36:11 - scraper_api - INFO - Cache miss for key: cafes_bhatiya
2025-04-05 22:36:11 - scraper_api - ERROR - Error during scraping: 500: Scraper error: No scraper available for category cafes
Traceback (most recent call last):
  File "D:\Project\local-radar\backend\api\app\routes\api_routes.py", line 84, in scrape_data
    data = await asyncio.to_thread(get_scraped_data, category, location, **additional_params)
           ^^^^^^^^^^^^^^^^^^^^^^^^^^^^^^^^^^^^^^^^^^^^^^^^^^^^^^^^^^^^^^^^^^^^^^^^^^^^^^^^^^
  File "C:\Users\HP\AppData\Local\Programs\Python\Python313\Lib\asyncio\threads.py", line 25, in to_thread
    return await loop.run_in_executor(None, func_call)
           ^^^^^^^^^^^^^^^^^^^^^^^^^^^^^^^^^^^^^^^^^^^
  File "C:\Users\HP\AppData\Local\Programs\Python\Python313\Lib\concurrent\futures\thread.py", line 59, in run
    result = self.fn(*self.args, **self.kwargs)
  File "D:\Project\local-radar\backend\api\app\services\scraping_service.py", line 70, in get_scraped_data
    raise ScraperException(detail=f"No scraper available for category {category}")
app.core.exceptions.ScraperException: 500: Scraper error: No scraper available for category cafes
2025-04-05 22:36:12 - scraper_api - INFO - Rate limiter: Current count for IP 192.168.61.122 is 8
2025-04-05 22:36:12 - scraper_api - INFO - API key validation successful.
2025-04-05 22:36:13 - scraper_api - INFO - Cache miss for key: schools_bhatiya
2025-04-05 22:36:13 - scraper_api - INFO - Rate limiter: Current count for IP 192.168.61.122 is 9
2025-04-05 22:36:13 - scraper_api - INFO - API key validation successful.
2025-04-05 22:36:15 - scraper_api - INFO - Cache miss for key: restaurants_bhatiya
2025-04-05 22:36:16 - scraper_api - INFO - Cache miss for key: gyms_bhatiya
2025-04-05 22:36:22 - scraper_api - INFO - Rate limiter: Current count for IP 192.168.61.122 is 10
2025-04-05 22:36:22 - scraper_api - INFO - API key validation successful.
2025-04-05 22:36:22 - scraper_api - INFO - Rate limiter: Current count for IP 192.168.61.122 is 11
2025-04-05 22:36:22 - scraper_api - INFO - API key validation successful.
2025-04-05 22:36:22 - scraper_api - INFO - Inserted/updated data for restaurants in bhatiya
2025-04-05 22:36:23 - scraper_api - INFO - Rate limiter: Current count for IP 192.168.61.122 is 12
2025-04-05 22:36:23 - scraper_api - INFO - API key validation successful.
2025-04-05 22:36:24 - scraper_api - INFO - Rate limiter: Current count for IP 192.168.61.122 is 14
2025-04-05 22:36:24 - scraper_api - INFO - API key validation successful.
2025-04-05 22:36:24 - scraper_api - INFO - Cache miss for key: schools_bhatiya
2025-04-05 22:36:26 - scraper_api - INFO - Cache miss for key: hotels_bhatiya
2025-04-05 22:36:27 - scraper_api - INFO - Cache set for key: restaurants_bhatiya with TTL: 3600 seconds.
2025-04-05 22:36:27 - scraper_api - INFO - Rate limiter: Current count for IP 192.168.61.122 is 13
2025-04-05 22:36:27 - scraper_api - INFO - API key validation successful.
2025-04-05 22:36:28 - scraper_api - ERROR - Error during scraping
Traceback (most recent call last):
  File "D:\Project\local-radar\backend\api\app\services\scraping_service.py", line 75, in get_scraped_data
    raise ScraperException(detail="Scraping function returned no data")
app.core.exceptions.ScraperException: 500: Scraper error: Scraping function returned no data
2025-04-05 22:36:28 - scraper_api - ERROR - Error during scraping: 500: Scraper error: Scraping failed
Traceback (most recent call last):
  File "D:\Project\local-radar\backend\api\app\routes\api_routes.py", line 84, in scrape_data
    data = await asyncio.to_thread(get_scraped_data, category, location, **additional_params)
           ^^^^^^^^^^^^^^^^^^^^^^^^^^^^^^^^^^^^^^^^^^^^^^^^^^^^^^^^^^^^^^^^^^^^^^^^^^^^^^^^^^
  File "C:\Users\HP\AppData\Local\Programs\Python\Python313\Lib\asyncio\threads.py", line 25, in to_thread
    return await loop.run_in_executor(None, func_call)
           ^^^^^^^^^^^^^^^^^^^^^^^^^^^^^^^^^^^^^^^^^^^
  File "C:\Users\HP\AppData\Local\Programs\Python\Python313\Lib\concurrent\futures\thread.py", line 59, in run
    result = self.fn(*self.args, **self.kwargs)
  File "D:\Project\local-radar\backend\api\app\services\scraping_service.py", line 79, in get_scraped_data
    raise ScraperException(detail="Scraping failed") from None
app.core.exceptions.ScraperException: 500: Scraper error: Scraping failed
2025-04-05 22:36:28 - scraper_api - INFO - Cache miss for key: cafes_bhatiya
2025-04-05 22:36:28 - scraper_api - INFO - Cache miss for key: gyms_bhatiya
2025-04-05 22:36:28 - scraper_api - ERROR - Error during scraping: 500: Scraper error: No scraper available for category cafes
Traceback (most recent call last):
  File "D:\Project\local-radar\backend\api\app\routes\api_routes.py", line 84, in scrape_data
    data = await asyncio.to_thread(get_scraped_data, category, location, **additional_params)
           ^^^^^^^^^^^^^^^^^^^^^^^^^^^^^^^^^^^^^^^^^^^^^^^^^^^^^^^^^^^^^^^^^^^^^^^^^^^^^^^^^^
  File "C:\Users\HP\AppData\Local\Programs\Python\Python313\Lib\asyncio\threads.py", line 25, in to_thread
    return await loop.run_in_executor(None, func_call)
           ^^^^^^^^^^^^^^^^^^^^^^^^^^^^^^^^^^^^^^^^^^^
  File "C:\Users\HP\AppData\Local\Programs\Python\Python313\Lib\concurrent\futures\thread.py", line 59, in run
    result = self.fn(*self.args, **self.kwargs)
  File "D:\Project\local-radar\backend\api\app\services\scraping_service.py", line 70, in get_scraped_data
    raise ScraperException(detail=f"No scraper available for category {category}")
app.core.exceptions.ScraperException: 500: Scraper error: No scraper available for category cafes
2025-04-05 22:36:29 - scraper_api - INFO - Cache miss for key: libraries_bhatiya
2025-04-05 22:36:30 - scraper_api - ERROR - Error during scraping
Traceback (most recent call last):
  File "D:\Project\local-radar\backend\api\app\services\scraping_service.py", line 75, in get_scraped_data
    raise ScraperException(detail="Scraping function returned no data")
app.core.exceptions.ScraperException: 500: Scraper error: Scraping function returned no data
2025-04-05 22:36:30 - scraper_api - ERROR - Error during scraping: 500: Scraper error: Scraping failed
Traceback (most recent call last):
  File "D:\Project\local-radar\backend\api\app\routes\api_routes.py", line 84, in scrape_data
    data = await asyncio.to_thread(get_scraped_data, category, location, **additional_params)
           ^^^^^^^^^^^^^^^^^^^^^^^^^^^^^^^^^^^^^^^^^^^^^^^^^^^^^^^^^^^^^^^^^^^^^^^^^^^^^^^^^^
  File "C:\Users\HP\AppData\Local\Programs\Python\Python313\Lib\asyncio\threads.py", line 25, in to_thread
    return await loop.run_in_executor(None, func_call)
           ^^^^^^^^^^^^^^^^^^^^^^^^^^^^^^^^^^^^^^^^^^^
  File "C:\Users\HP\AppData\Local\Programs\Python\Python313\Lib\concurrent\futures\thread.py", line 59, in run
    result = self.fn(*self.args, **self.kwargs)
  File "D:\Project\local-radar\backend\api\app\services\scraping_service.py", line 79, in get_scraped_data
    raise ScraperException(detail="Scraping failed") from None
app.core.exceptions.ScraperException: 500: Scraper error: Scraping failed
2025-04-05 22:36:35 - scraper_api - ERROR - Error during scraping
Traceback (most recent call last):
  File "D:\Project\local-radar\backend\api\app\services\scraping_service.py", line 75, in get_scraped_data
    raise ScraperException(detail="Scraping function returned no data")
app.core.exceptions.ScraperException: 500: Scraper error: Scraping function returned no data
2025-04-05 22:36:35 - scraper_api - ERROR - Error during scraping: 500: Scraper error: Scraping failed
Traceback (most recent call last):
  File "D:\Project\local-radar\backend\api\app\routes\api_routes.py", line 84, in scrape_data
    data = await asyncio.to_thread(get_scraped_data, category, location, **additional_params)
           ^^^^^^^^^^^^^^^^^^^^^^^^^^^^^^^^^^^^^^^^^^^^^^^^^^^^^^^^^^^^^^^^^^^^^^^^^^^^^^^^^^
  File "C:\Users\HP\AppData\Local\Programs\Python\Python313\Lib\asyncio\threads.py", line 25, in to_thread
    return await loop.run_in_executor(None, func_call)
           ^^^^^^^^^^^^^^^^^^^^^^^^^^^^^^^^^^^^^^^^^^^
  File "C:\Users\HP\AppData\Local\Programs\Python\Python313\Lib\concurrent\futures\thread.py", line 59, in run
    result = self.fn(*self.args, **self.kwargs)
  File "D:\Project\local-radar\backend\api\app\services\scraping_service.py", line 79, in get_scraped_data
    raise ScraperException(detail="Scraping failed") from None
app.core.exceptions.ScraperException: 500: Scraper error: Scraping failed
2025-04-05 22:36:38 - scraper_api - INFO - Inserted/updated data for gyms in bhatiya
2025-04-05 22:36:38 - scraper_api - INFO - Cache set for key: gyms_bhatiya with TTL: 3600 seconds.
2025-04-05 22:36:39 - scraper_api - INFO - Inserted/updated data for libraries in bhatiya
2025-04-05 22:36:39 - scraper_api - ERROR - Error during scraping
Traceback (most recent call last):
  File "D:\Project\local-radar\backend\api\app\services\scraping_service.py", line 75, in get_scraped_data
    raise ScraperException(detail="Scraping function returned no data")
app.core.exceptions.ScraperException: 500: Scraper error: Scraping function returned no data
2025-04-05 22:36:39 - scraper_api - ERROR - Error during scraping: 500: Scraper error: Scraping failed
Traceback (most recent call last):
  File "D:\Project\local-radar\backend\api\app\routes\api_routes.py", line 84, in scrape_data
    data = await asyncio.to_thread(get_scraped_data, category, location, **additional_params)
           ^^^^^^^^^^^^^^^^^^^^^^^^^^^^^^^^^^^^^^^^^^^^^^^^^^^^^^^^^^^^^^^^^^^^^^^^^^^^^^^^^^
  File "C:\Users\HP\AppData\Local\Programs\Python\Python313\Lib\asyncio\threads.py", line 25, in to_thread
    return await loop.run_in_executor(None, func_call)
           ^^^^^^^^^^^^^^^^^^^^^^^^^^^^^^^^^^^^^^^^^^^
  File "C:\Users\HP\AppData\Local\Programs\Python\Python313\Lib\concurrent\futures\thread.py", line 59, in run
    result = self.fn(*self.args, **self.kwargs)
  File "D:\Project\local-radar\backend\api\app\services\scraping_service.py", line 79, in get_scraped_data
    raise ScraperException(detail="Scraping failed") from None
app.core.exceptions.ScraperException: 500: Scraper error: Scraping failed
2025-04-05 22:36:40 - scraper_api - INFO - Cache set for key: libraries_bhatiya with TTL: 3600 seconds.
2025-04-05 22:36:45 - scraper_api - INFO - Inserted/updated data for hotels in bhatiya
2025-04-05 22:36:46 - scraper_api - INFO - Cache set for key: hotels_bhatiya with TTL: 3600 seconds.
2025-04-05 22:36:46 - scraper_api - INFO - Rate limiter: Current count for IP 192.168.61.122 is 2
2025-04-05 22:36:46 - scraper_api - INFO - API key validation successful.
2025-04-05 22:36:46 - scraper_api - INFO - Rate limiter: Current count for IP 192.168.61.122 is 1
2025-04-05 22:36:46 - scraper_api - INFO - API key validation successful.
2025-04-05 22:36:46 - scraper_api - INFO - Rate limiter: Current count for IP 192.168.61.122 is 3
2025-04-05 22:36:46 - scraper_api - INFO - API key validation successful.
2025-04-05 22:36:46 - scraper_api - INFO - Rate limiter: Current count for IP 192.168.61.122 is 4
2025-04-05 22:36:46 - scraper_api - INFO - API key validation successful.
2025-04-05 22:36:46 - scraper_api - INFO - Rate limiter: Current count for IP 192.168.61.122 is 5
2025-04-05 22:36:46 - scraper_api - INFO - API key validation successful.
2025-04-05 22:36:46 - scraper_api - INFO - Rate limiter: Current count for IP 192.168.61.122 is 6
2025-04-05 22:36:46 - scraper_api - INFO - API key validation successful.
2025-04-05 22:36:47 - scraper_api - INFO - Cache hit for key: gyms_bhatiya
2025-04-05 22:36:47 - scraper_api - INFO - Returning cached data from Redis for gyms in bhatiya.
2025-04-05 22:36:47 - scraper_api - INFO - Cache hit for key: restaurants_bhatiya
2025-04-05 22:36:47 - scraper_api - INFO - Returning cached data from Redis for restaurants in bhatiya.
2025-04-05 22:36:48 - scraper_api - INFO - Rate limiter: Current count for IP 192.168.61.122 is 7
2025-04-05 22:36:48 - scraper_api - INFO - API key validation successful.
2025-04-05 22:36:48 - scraper_api - INFO - Rate limiter: Current count for IP 192.168.61.122 is 8
2025-04-05 22:36:48 - scraper_api - INFO - API key validation successful.
2025-04-05 22:36:48 - scraper_api - INFO - Cache hit for key: hotels_bhatiya
2025-04-05 22:36:48 - scraper_api - INFO - Returning cached data from Redis for hotels in bhatiya.
2025-04-05 22:36:49 - scraper_api - INFO - Data for libraries in bhatiya is already up to date
2025-04-05 22:36:49 - scraper_api - INFO - Cache hit for key: hotels_bhatiya
2025-04-05 22:36:49 - scraper_api - INFO - Cache hit for key: restaurants_bhatiya
2025-04-05 22:36:49 - scraper_api - INFO - Returning cached data from Redis for hotels in bhatiya.
2025-04-05 22:36:49 - scraper_api - INFO - Rate limiter: Current count for IP 192.168.61.122 is 9
2025-04-05 22:36:49 - scraper_api - INFO - Returning cached data from Redis for restaurants in bhatiya.
2025-04-05 22:36:49 - scraper_api - INFO - API key validation successful.
2025-04-05 22:36:49 - scraper_api - INFO - Cache set for key: libraries_bhatiya with TTL: 3600 seconds.
2025-04-05 22:36:50 - scraper_api - INFO - Cache miss for key: schools_bhatiya
2025-04-05 22:36:50 - scraper_api - INFO - Cache miss for key: schools_bhatiya
2025-04-05 22:36:50 - scraper_api - INFO - Cache hit for key: libraries_bhatiya
2025-04-05 22:36:50 - scraper_api - INFO - Rate limiter: Current count for IP 192.168.61.122 is 10
2025-04-05 22:36:50 - scraper_api - INFO - Returning cached data from Redis for libraries in bhatiya.
2025-04-05 22:36:50 - scraper_api - INFO - API key validation successful.
2025-04-05 22:36:50 - scraper_api - INFO - Rate limiter: Current count for IP 192.168.61.122 is 11
2025-04-05 22:36:50 - scraper_api - INFO - API key validation successful.
2025-04-05 22:36:50 - scraper_api - INFO - Cache miss for key: cafes_bhatiya
2025-04-05 22:36:50 - scraper_api - ERROR - Error during scraping: 500: Scraper error: No scraper available for category cafes
Traceback (most recent call last):
  File "D:\Project\local-radar\backend\api\app\routes\api_routes.py", line 84, in scrape_data
    data = await asyncio.to_thread(get_scraped_data, category, location, **additional_params)
           ^^^^^^^^^^^^^^^^^^^^^^^^^^^^^^^^^^^^^^^^^^^^^^^^^^^^^^^^^^^^^^^^^^^^^^^^^^^^^^^^^^
  File "C:\Users\HP\AppData\Local\Programs\Python\Python313\Lib\asyncio\threads.py", line 25, in to_thread
    return await loop.run_in_executor(None, func_call)
           ^^^^^^^^^^^^^^^^^^^^^^^^^^^^^^^^^^^^^^^^^^^
  File "C:\Users\HP\AppData\Local\Programs\Python\Python313\Lib\concurrent\futures\thread.py", line 59, in run
    result = self.fn(*self.args, **self.kwargs)
  File "D:\Project\local-radar\backend\api\app\services\scraping_service.py", line 70, in get_scraped_data
    raise ScraperException(detail=f"No scraper available for category {category}")
app.core.exceptions.ScraperException: 500: Scraper error: No scraper available for category cafes
2025-04-05 22:36:51 - scraper_api - INFO - Cache miss for key: cafes_bhatiya
2025-04-05 22:36:51 - scraper_api - INFO - Cache hit for key: libraries_bhatiya
2025-04-05 22:36:51 - scraper_api - INFO - Returning cached data from Redis for libraries in bhatiya.
2025-04-05 22:36:51 - scraper_api - ERROR - Error during scraping: 500: Scraper error: No scraper available for category cafes
Traceback (most recent call last):
  File "D:\Project\local-radar\backend\api\app\routes\api_routes.py", line 84, in scrape_data
    data = await asyncio.to_thread(get_scraped_data, category, location, **additional_params)
           ^^^^^^^^^^^^^^^^^^^^^^^^^^^^^^^^^^^^^^^^^^^^^^^^^^^^^^^^^^^^^^^^^^^^^^^^^^^^^^^^^^
  File "C:\Users\HP\AppData\Local\Programs\Python\Python313\Lib\asyncio\threads.py", line 25, in to_thread
    return await loop.run_in_executor(None, func_call)
           ^^^^^^^^^^^^^^^^^^^^^^^^^^^^^^^^^^^^^^^^^^^
  File "C:\Users\HP\AppData\Local\Programs\Python\Python313\Lib\concurrent\futures\thread.py", line 59, in run
    result = self.fn(*self.args, **self.kwargs)
  File "D:\Project\local-radar\backend\api\app\services\scraping_service.py", line 70, in get_scraped_data
    raise ScraperException(detail=f"No scraper available for category {category}")
app.core.exceptions.ScraperException: 500: Scraper error: No scraper available for category cafes
2025-04-05 22:36:53 - scraper_api - INFO - Rate limiter: Current count for IP 192.168.61.122 is 12
2025-04-05 22:36:53 - scraper_api - INFO - API key validation successful.
2025-04-05 22:36:54 - scraper_api - INFO - Cache hit for key: gyms_bhatiya
2025-04-05 22:36:54 - scraper_api - INFO - Returning cached data from Redis for gyms in bhatiya.
2025-04-05 22:36:54 - scraper_api - ERROR - Error during scraping
Traceback (most recent call last):
  File "D:\Project\local-radar\backend\api\app\services\scraping_service.py", line 75, in get_scraped_data
    raise ScraperException(detail="Scraping function returned no data")
app.core.exceptions.ScraperException: 500: Scraper error: Scraping function returned no data
2025-04-05 22:36:54 - scraper_api - ERROR - Error during scraping: 500: Scraper error: Scraping failed
Traceback (most recent call last):
  File "D:\Project\local-radar\backend\api\app\routes\api_routes.py", line 84, in scrape_data
    data = await asyncio.to_thread(get_scraped_data, category, location, **additional_params)
           ^^^^^^^^^^^^^^^^^^^^^^^^^^^^^^^^^^^^^^^^^^^^^^^^^^^^^^^^^^^^^^^^^^^^^^^^^^^^^^^^^^
  File "C:\Users\HP\AppData\Local\Programs\Python\Python313\Lib\asyncio\threads.py", line 25, in to_thread
    return await loop.run_in_executor(None, func_call)
           ^^^^^^^^^^^^^^^^^^^^^^^^^^^^^^^^^^^^^^^^^^^
  File "C:\Users\HP\AppData\Local\Programs\Python\Python313\Lib\concurrent\futures\thread.py", line 59, in run
    result = self.fn(*self.args, **self.kwargs)
  File "D:\Project\local-radar\backend\api\app\services\scraping_service.py", line 79, in get_scraped_data
    raise ScraperException(detail="Scraping failed") from None
app.core.exceptions.ScraperException: 500: Scraper error: Scraping failed
2025-04-05 22:37:03 - scraper_api - INFO - Inserted/updated data for schools in bhatiya
2025-04-05 22:37:03 - scraper_api - INFO - Cache set for key: schools_bhatiya with TTL: 3600 seconds.
2025-04-05 22:37:06 - scraper_api - INFO - Data for schools in bhatiya is already up to date
2025-04-05 22:37:06 - scraper_api - INFO - Cache set for key: schools_bhatiya with TTL: 3600 seconds.
2025-04-05 22:38:34 - scraper_api - INFO - Rate limiter: Current count for IP 192.168.61.122 is 1
2025-04-05 22:38:34 - scraper_api - INFO - API key validation successful.
2025-04-05 22:38:34 - scraper_api - INFO - Rate limiter: Current count for IP 192.168.61.122 is 2
2025-04-05 22:38:34 - scraper_api - INFO - API key validation successful.
2025-04-05 22:38:35 - scraper_api - INFO - Cache hit for key: schools_bhatiya
2025-04-05 22:38:35 - scraper_api - INFO - Returning cached data from Redis for schools in bhatiya.
2025-04-05 22:38:35 - scraper_api - INFO - Cache hit for key: schools_bhatiya
2025-04-05 22:38:35 - scraper_api - INFO - Returning cached data from Redis for schools in bhatiya.
2025-04-05 22:40:28 - scraper_api - INFO - Rate limiter: Current count for IP 192.168.61.122 is 1
2025-04-05 22:40:28 - scraper_api - INFO - API key validation successful.
2025-04-05 22:40:28 - scraper_api - INFO - Rate limiter: Current count for IP 192.168.61.122 is 2
2025-04-05 22:40:28 - scraper_api - INFO - API key validation successful.
2025-04-05 22:40:28 - scraper_api - INFO - Cache hit for key: hotels_bhatiya
2025-04-05 22:40:28 - scraper_api - INFO - Returning cached data from Redis for hotels in bhatiya.
2025-04-05 22:40:29 - scraper_api - INFO - Cache hit for key: hotels_bhatiya
2025-04-05 22:40:29 - scraper_api - INFO - Returning cached data from Redis for hotels in bhatiya.
2025-04-05 22:41:01 - scraper_api - INFO - Rate limiter: Current count for IP 192.168.61.122 is 3
2025-04-05 22:41:01 - scraper_api - INFO - API key validation successful.
2025-04-05 22:41:01 - scraper_api - INFO - Rate limiter: Current count for IP 192.168.61.122 is 4
2025-04-05 22:41:01 - scraper_api - INFO - API key validation successful.
2025-04-05 22:41:01 - scraper_api - INFO - Cache miss for key: hospitals_bhatiya
2025-04-05 22:41:02 - scraper_api - INFO - Cache miss for key: hospitals_bhatiya
2025-04-05 22:41:05 - scraper_api - INFO - Inserted/updated data for hospitals in bhatiya
2025-04-05 22:41:05 - scraper_api - INFO - Cache set for key: hospitals_bhatiya with TTL: 3600 seconds.
2025-04-05 22:41:06 - scraper_api - INFO - Data for hospitals in bhatiya is already up to date
2025-04-05 22:41:07 - scraper_api - INFO - Cache set for key: hospitals_bhatiya with TTL: 3600 seconds.
2025-04-05 22:42:15 - scraper_api - INFO - Rate limiter: Current count for IP 192.168.61.122 is 2
2025-04-05 22:42:15 - scraper_api - INFO - API key validation successful.
2025-04-05 22:42:15 - scraper_api - INFO - Rate limiter: Current count for IP 192.168.61.122 is 1
2025-04-05 22:42:15 - scraper_api - INFO - API key validation successful.
2025-04-05 22:42:15 - scraper_api - INFO - Cache miss for key: clinics_bhatiya
2025-04-05 22:42:15 - scraper_api - INFO - Cache miss for key: clinics_bhatiya
2025-04-05 22:42:22 - scraper_api - INFO - Inserted/updated data for clinics in bhatiya
2025-04-05 22:42:22 - scraper_api - INFO - Cache set for key: clinics_bhatiya with TTL: 3600 seconds.
2025-04-05 22:42:25 - scraper_api - INFO - Data for clinics in bhatiya is already up to date
2025-04-05 22:42:27 - scraper_api - INFO - Cache set for key: clinics_bhatiya with TTL: 3600 seconds.
2025-04-05 22:42:58 - scraper_api - INFO - Rate limiter: Current count for IP 192.168.61.122 is 3
2025-04-05 22:42:58 - scraper_api - INFO - API key validation successful.
2025-04-05 22:42:58 - scraper_api - INFO - Rate limiter: Current count for IP 192.168.61.122 is 5
2025-04-05 22:42:58 - scraper_api - INFO - API key validation successful.
2025-04-05 22:42:58 - scraper_api - INFO - Rate limiter: Current count for IP 192.168.61.122 is 4
2025-04-05 22:42:58 - scraper_api - INFO - API key validation successful.
2025-04-05 22:42:58 - scraper_api - INFO - Rate limiter: Current count for IP 192.168.61.122 is 6
2025-04-05 22:42:58 - scraper_api - INFO - API key validation successful.
2025-04-05 22:42:58 - scraper_api - INFO - Rate limiter: Current count for IP 192.168.61.122 is 8
2025-04-05 22:42:58 - scraper_api - INFO - API key validation successful.
2025-04-05 22:42:58 - scraper_api - INFO - Rate limiter: Current count for IP 192.168.61.122 is 7
2025-04-05 22:42:58 - scraper_api - INFO - API key validation successful.
2025-04-05 22:42:58 - scraper_api - INFO - Cache miss for key: schools_bhatia
2025-04-05 22:42:58 - scraper_api - INFO - Cache miss for key: cafes_bhatia
2025-04-05 22:42:58 - scraper_api - INFO - Cache miss for key: restaurants_bhatia
2025-04-05 22:42:58 - scraper_api - INFO - Cache miss for key: libraries_bhatia
2025-04-05 22:42:58 - scraper_api - INFO - Cache miss for key: hotels_bhatia
2025-04-05 22:42:58 - scraper_api - ERROR - Error during scraping: 500: Scraper error: No scraper available for category cafes
Traceback (most recent call last):
  File "D:\Project\local-radar\backend\api\app\routes\api_routes.py", line 84, in scrape_data
    data = await asyncio.to_thread(get_scraped_data, category, location, **additional_params)
           ^^^^^^^^^^^^^^^^^^^^^^^^^^^^^^^^^^^^^^^^^^^^^^^^^^^^^^^^^^^^^^^^^^^^^^^^^^^^^^^^^^
  File "C:\Users\HP\AppData\Local\Programs\Python\Python313\Lib\asyncio\threads.py", line 25, in to_thread
    return await loop.run_in_executor(None, func_call)
           ^^^^^^^^^^^^^^^^^^^^^^^^^^^^^^^^^^^^^^^^^^^
  File "C:\Users\HP\AppData\Local\Programs\Python\Python313\Lib\concurrent\futures\thread.py", line 59, in run
    result = self.fn(*self.args, **self.kwargs)
  File "D:\Project\local-radar\backend\api\app\services\scraping_service.py", line 70, in get_scraped_data
    raise ScraperException(detail=f"No scraper available for category {category}")
app.core.exceptions.ScraperException: 500: Scraper error: No scraper available for category cafes
2025-04-05 22:42:58 - scraper_api - INFO - Cache miss for key: gyms_bhatia
2025-04-05 22:42:59 - scraper_api - INFO - Rate limiter: Current count for IP 192.168.61.122 is 9
2025-04-05 22:42:59 - scraper_api - INFO - API key validation successful.
2025-04-05 22:43:00 - scraper_api - INFO - Cache miss for key: restaurants_bhatia
2025-04-05 22:43:01 - scraper_api - INFO - Inserted/updated data for libraries in bhatia
2025-04-05 22:43:01 - scraper_api - INFO - Cache set for key: libraries_bhatia with TTL: 3600 seconds.
2025-04-05 22:43:02 - scraper_api - INFO - Rate limiter: Current count for IP 192.168.61.122 is 10
2025-04-05 22:43:02 - scraper_api - INFO - API key validation successful.
2025-04-05 22:43:02 - scraper_api - INFO - Cache miss for key: hotels_bhatia
2025-04-05 22:43:02 - scraper_api - INFO - Inserted/updated data for gyms in bhatia
2025-04-05 22:43:02 - scraper_api - INFO - Inserted/updated data for schools in bhatia
2025-04-05 22:43:02 - scraper_api - INFO - Inserted/updated data for hotels in bhatia
2025-04-05 22:43:02 - scraper_api - INFO - Inserted/updated data for restaurants in bhatia
2025-04-05 22:43:02 - scraper_api - INFO - Cache set for key: gyms_bhatia with TTL: 3600 seconds.
2025-04-05 22:43:02 - scraper_api - INFO - Cache set for key: schools_bhatia with TTL: 3600 seconds.
2025-04-05 22:43:03 - scraper_api - INFO - Cache set for key: hotels_bhatia with TTL: 3600 seconds.
2025-04-05 22:43:03 - scraper_api - INFO - Cache set for key: restaurants_bhatia with TTL: 3600 seconds.
2025-04-05 22:43:03 - scraper_api - INFO - Rate limiter: Current count for IP 192.168.61.122 is 11
2025-04-05 22:43:03 - scraper_api - INFO - API key validation successful.
2025-04-05 22:43:03 - scraper_api - INFO - Rate limiter: Current count for IP 192.168.61.122 is 12
2025-04-05 22:43:03 - scraper_api - INFO - API key validation successful.
2025-04-05 22:43:03 - scraper_api - INFO - Data for restaurants in bhatia is already up to date
2025-04-05 22:43:03 - scraper_api - INFO - Rate limiter: Current count for IP 192.168.61.122 is 13
2025-04-05 22:43:03 - scraper_api - INFO - API key validation successful.
2025-04-05 22:43:03 - scraper_api - INFO - Rate limiter: Current count for IP 192.168.61.122 is 14
2025-04-05 22:43:03 - scraper_api - INFO - API key validation successful.
2025-04-05 22:43:03 - scraper_api - INFO - Cache hit for key: schools_bhatia
2025-04-05 22:43:03 - scraper_api - INFO - Returning cached data from Redis for schools in bhatia.
2025-04-05 22:43:03 - scraper_api - INFO - Cache miss for key: cafes_bhatia
2025-04-05 22:43:03 - scraper_api - ERROR - Error during scraping: 500: Scraper error: No scraper available for category cafes
Traceback (most recent call last):
  File "D:\Project\local-radar\backend\api\app\routes\api_routes.py", line 84, in scrape_data
    data = await asyncio.to_thread(get_scraped_data, category, location, **additional_params)
           ^^^^^^^^^^^^^^^^^^^^^^^^^^^^^^^^^^^^^^^^^^^^^^^^^^^^^^^^^^^^^^^^^^^^^^^^^^^^^^^^^^
  File "C:\Users\HP\AppData\Local\Programs\Python\Python313\Lib\asyncio\threads.py", line 25, in to_thread
    return await loop.run_in_executor(None, func_call)
           ^^^^^^^^^^^^^^^^^^^^^^^^^^^^^^^^^^^^^^^^^^^
  File "C:\Users\HP\AppData\Local\Programs\Python\Python313\Lib\concurrent\futures\thread.py", line 59, in run
    result = self.fn(*self.args, **self.kwargs)
  File "D:\Project\local-radar\backend\api\app\services\scraping_service.py", line 70, in get_scraped_data
    raise ScraperException(detail=f"No scraper available for category {category}")
app.core.exceptions.ScraperException: 500: Scraper error: No scraper available for category cafes
2025-04-05 22:43:03 - scraper_api - INFO - Cache set for key: restaurants_bhatia with TTL: 3600 seconds.
2025-04-05 22:43:03 - scraper_api - INFO - Cache hit for key: libraries_bhatia
2025-04-05 22:43:03 - scraper_api - INFO - Returning cached data from Redis for libraries in bhatia.
2025-04-05 22:43:03 - scraper_api - INFO - Cache hit for key: gyms_bhatia
2025-04-05 22:43:03 - scraper_api - INFO - Returning cached data from Redis for gyms in bhatia.
2025-04-05 22:43:05 - scraper_api - INFO - Data for hotels in bhatia is already up to date
2025-04-05 22:43:05 - scraper_api - INFO - Cache set for key: hotels_bhatia with TTL: 3600 seconds.
2025-04-05 22:43:16 - scraper_api - INFO - Rate limiter: Current count for IP 192.168.61.122 is 6
2025-04-05 22:43:16 - scraper_api - INFO - API key validation successful.
2025-04-05 22:43:16 - scraper_api - INFO - Rate limiter: Current count for IP 192.168.61.122 is 5
2025-04-05 22:43:16 - scraper_api - INFO - API key validation successful.
2025-04-05 22:43:16 - scraper_api - INFO - Rate limiter: Current count for IP 192.168.61.122 is 2
2025-04-05 22:43:16 - scraper_api - INFO - API key validation successful.
2025-04-05 22:43:16 - scraper_api - INFO - Rate limiter: Current count for IP 192.168.61.122 is 3
2025-04-05 22:43:16 - scraper_api - INFO - API key validation successful.
2025-04-05 22:43:16 - scraper_api - INFO - Rate limiter: Current count for IP 192.168.61.122 is 4
2025-04-05 22:43:16 - scraper_api - INFO - API key validation successful.
2025-04-05 22:43:16 - scraper_api - INFO - Rate limiter: Current count for IP 192.168.61.122 is 1
2025-04-05 22:43:16 - scraper_api - INFO - API key validation successful.
2025-04-05 22:43:17 - scraper_api - INFO - Cache miss for key: restaurants_bhatia dwarka
2025-04-05 22:43:17 - scraper_api - INFO - Cache miss for key: cafes_bhatia dwarka
2025-04-05 22:43:17 - scraper_api - INFO - Cache miss for key: libraries_bhatia dwarka
2025-04-05 22:43:17 - scraper_api - INFO - Cache miss for key: gyms_bhatia dwarka
2025-04-05 22:43:17 - scraper_api - INFO - Cache miss for key: schools_bhatia dwarka
2025-04-05 22:43:17 - scraper_api - INFO - Cache miss for key: hotels_bhatia dwarka
2025-04-05 22:43:17 - scraper_api - ERROR - Error during scraping: 500: Scraper error: No scraper available for category cafes
Traceback (most recent call last):
  File "D:\Project\local-radar\backend\api\app\routes\api_routes.py", line 84, in scrape_data
    data = await asyncio.to_thread(get_scraped_data, category, location, **additional_params)
           ^^^^^^^^^^^^^^^^^^^^^^^^^^^^^^^^^^^^^^^^^^^^^^^^^^^^^^^^^^^^^^^^^^^^^^^^^^^^^^^^^^
  File "C:\Users\HP\AppData\Local\Programs\Python\Python313\Lib\asyncio\threads.py", line 25, in to_thread
    return await loop.run_in_executor(None, func_call)
           ^^^^^^^^^^^^^^^^^^^^^^^^^^^^^^^^^^^^^^^^^^^
  File "C:\Users\HP\AppData\Local\Programs\Python\Python313\Lib\concurrent\futures\thread.py", line 59, in run
    result = self.fn(*self.args, **self.kwargs)
  File "D:\Project\local-radar\backend\api\app\services\scraping_service.py", line 70, in get_scraped_data
    raise ScraperException(detail=f"No scraper available for category {category}")
app.core.exceptions.ScraperException: 500: Scraper error: No scraper available for category cafes
2025-04-05 22:43:20 - scraper_api - ERROR - Error during scraping
Traceback (most recent call last):
  File "D:\Project\local-radar\backend\api\app\services\scraping_service.py", line 75, in get_scraped_data
    raise ScraperException(detail="Scraping function returned no data")
app.core.exceptions.ScraperException: 500: Scraper error: Scraping function returned no data
2025-04-05 22:43:20 - scraper_api - ERROR - Error during scraping: 500: Scraper error: Scraping failed
Traceback (most recent call last):
  File "D:\Project\local-radar\backend\api\app\routes\api_routes.py", line 84, in scrape_data
    data = await asyncio.to_thread(get_scraped_data, category, location, **additional_params)
           ^^^^^^^^^^^^^^^^^^^^^^^^^^^^^^^^^^^^^^^^^^^^^^^^^^^^^^^^^^^^^^^^^^^^^^^^^^^^^^^^^^
  File "C:\Users\HP\AppData\Local\Programs\Python\Python313\Lib\asyncio\threads.py", line 25, in to_thread
    return await loop.run_in_executor(None, func_call)
           ^^^^^^^^^^^^^^^^^^^^^^^^^^^^^^^^^^^^^^^^^^^
  File "C:\Users\HP\AppData\Local\Programs\Python\Python313\Lib\concurrent\futures\thread.py", line 59, in run
    result = self.fn(*self.args, **self.kwargs)
  File "D:\Project\local-radar\backend\api\app\services\scraping_service.py", line 79, in get_scraped_data
    raise ScraperException(detail="Scraping failed") from None
app.core.exceptions.ScraperException: 500: Scraper error: Scraping failed
2025-04-05 22:43:20 - scraper_api - INFO - Inserted/updated data for libraries in bhatia dwarka
2025-04-05 22:43:20 - scraper_api - INFO - Inserted/updated data for gyms in bhatia dwarka
2025-04-05 22:43:21 - scraper_api - INFO - Cache set for key: libraries_bhatia dwarka with TTL: 3600 seconds.
2025-04-05 22:43:21 - scraper_api - INFO - Cache set for key: gyms_bhatia dwarka with TTL: 3600 seconds.
2025-04-05 22:43:21 - scraper_api - INFO - Inserted/updated data for hotels in bhatia dwarka
2025-04-05 22:43:21 - scraper_api - INFO - Inserted/updated data for restaurants in bhatia dwarka
2025-04-05 22:43:21 - scraper_api - INFO - Cache set for key: restaurants_bhatia dwarka with TTL: 3600 seconds.
2025-04-05 22:43:21 - scraper_api - INFO - Cache set for key: hotels_bhatia dwarka with TTL: 3600 seconds.
2025-04-05 22:45:52 - scraper_api - INFO - Rate limiter: Current count for IP 192.168.61.115 is 2
2025-04-05 22:45:52 - scraper_api - INFO - API key validation successful.
2025-04-05 22:45:52 - scraper_api - INFO - Rate limiter: Current count for IP 192.168.61.115 is 1
2025-04-05 22:45:52 - scraper_api - INFO - API key validation successful.
2025-04-05 22:45:52 - scraper_api - INFO - Rate limiter: Current count for IP 192.168.61.115 is 3
2025-04-05 22:45:52 - scraper_api - INFO - API key validation successful.
2025-04-05 22:45:52 - scraper_api - INFO - Rate limiter: Current count for IP 192.168.61.115 is 4
2025-04-05 22:45:52 - scraper_api - INFO - API key validation successful.
2025-04-05 22:45:52 - scraper_api - INFO - Rate limiter: Current count for IP 192.168.61.115 is 6
2025-04-05 22:45:52 - scraper_api - INFO - API key validation successful.
2025-04-05 22:45:52 - scraper_api - INFO - Rate limiter: Current count for IP 192.168.61.115 is 5
2025-04-05 22:45:52 - scraper_api - INFO - API key validation successful.
2025-04-05 22:45:58 - scraper_api - ERROR - Unhandled exception occurred:
  + Exception Group Traceback (most recent call last):
  |   File "C:\Users\HP\AppData\Local\Programs\Python\Python313\Lib\site-packages\starlette\_utils.py", line 76, in collapse_excgroups
  |     yield
  |   File "C:\Users\HP\AppData\Local\Programs\Python\Python313\Lib\site-packages\starlette\middleware\base.py", line 178, in __call__
  |     async with anyio.create_task_group() as task_group:
  |                ~~~~~~~~~~~~~~~~~~~~~~~^^
  |   File "C:\Users\HP\AppData\Local\Programs\Python\Python313\Lib\site-packages\anyio\_backends\_asyncio.py", line 736, in __aexit__
  |     raise BaseExceptionGroup(
  |         "unhandled errors in a TaskGroup", self._exceptions
  |     )
  | ExceptionGroup: unhandled errors in a TaskGroup (1 sub-exception)
  +-+---------------- 1 ----------------
    | Traceback (most recent call last):
    |   File "C:\Users\HP\AppData\Local\Programs\Python\Python313\Lib\site-packages\starlette\middleware\errors.py", line 165, in __call__
    |     await self.app(scope, receive, _send)
    |   File "C:\Users\HP\AppData\Local\Programs\Python\Python313\Lib\site-packages\starlette\middleware\cors.py", line 93, in __call__
    |     await self.simple_response(scope, receive, send, request_headers=headers)
    |   File "C:\Users\HP\AppData\Local\Programs\Python\Python313\Lib\site-packages\starlette\middleware\cors.py", line 144, in simple_response
    |     await self.app(scope, receive, send)
    |   File "C:\Users\HP\AppData\Local\Programs\Python\Python313\Lib\site-packages\starlette\middleware\base.py", line 177, in __call__
    |     with recv_stream, send_stream, collapse_excgroups():
    |                                    ~~~~~~~~~~~~~~~~~~^^
    |   File "C:\Users\HP\AppData\Local\Programs\Python\Python313\Lib\contextlib.py", line 162, in __exit__
    |     self.gen.throw(value)
    |     ~~~~~~~~~~~~~~^^^^^^^
    |   File "C:\Users\HP\AppData\Local\Programs\Python\Python313\Lib\site-packages\starlette\_utils.py", line 82, in collapse_excgroups
    |     raise exc
    |   File "C:\Users\HP\AppData\Local\Programs\Python\Python313\Lib\site-packages\starlette\middleware\base.py", line 179, in __call__
    |     response = await self.dispatch_func(request, call_next)
    |                ^^^^^^^^^^^^^^^^^^^^^^^^^^^^^^^^^^^^^^^^^^^^
    |   File "D:\Project\local-radar\backend\api\app\middleware\request_logger.py", line 26, in log_request
    |     response = await call_next(request)
    |                ^^^^^^^^^^^^^^^^^^^^^^^^
    |   File "C:\Users\HP\AppData\Local\Programs\Python\Python313\Lib\site-packages\starlette\middleware\base.py", line 154, in call_next
    |     raise app_exc
    |   File "C:\Users\HP\AppData\Local\Programs\Python\Python313\Lib\site-packages\starlette\middleware\base.py", line 141, in coro
    |     await self.app(scope, receive_or_disconnect, send_no_error)
    |   File "C:\Users\HP\AppData\Local\Programs\Python\Python313\Lib\site-packages\starlette\middleware\base.py", line 177, in __call__
    |     with recv_stream, send_stream, collapse_excgroups():
    |                                    ~~~~~~~~~~~~~~~~~~^^
    |   File "C:\Users\HP\AppData\Local\Programs\Python\Python313\Lib\contextlib.py", line 162, in __exit__
    |     self.gen.throw(value)
    |     ~~~~~~~~~~~~~~^^^^^^^
    |   File "C:\Users\HP\AppData\Local\Programs\Python\Python313\Lib\site-packages\starlette\_utils.py", line 82, in collapse_excgroups
    |     raise exc
    |   File "C:\Users\HP\AppData\Local\Programs\Python\Python313\Lib\site-packages\starlette\middleware\base.py", line 179, in __call__
    |     response = await self.dispatch_func(request, call_next)
    |                ^^^^^^^^^^^^^^^^^^^^^^^^^^^^^^^^^^^^^^^^^^^^
    |   File "D:\Project\local-radar\backend\api\app\middleware\header_validator.py", line 86, in header_validator
    |     response = await call_next(request)
    |                ^^^^^^^^^^^^^^^^^^^^^^^^
    |   File "C:\Users\HP\AppData\Local\Programs\Python\Python313\Lib\site-packages\starlette\middleware\base.py", line 154, in call_next
    |     raise app_exc
    |   File "C:\Users\HP\AppData\Local\Programs\Python\Python313\Lib\site-packages\starlette\middleware\base.py", line 141, in coro
    |     await self.app(scope, receive_or_disconnect, send_no_error)
    |   File "C:\Users\HP\AppData\Local\Programs\Python\Python313\Lib\site-packages\starlette\middleware\exceptions.py", line 62, in __call__
    |     await wrap_app_handling_exceptions(self.app, conn)(scope, receive, send)
    |   File "C:\Users\HP\AppData\Local\Programs\Python\Python313\Lib\site-packages\starlette\_exception_handler.py", line 53, in wrapped_app
    |     raise exc
    |   File "C:\Users\HP\AppData\Local\Programs\Python\Python313\Lib\site-packages\starlette\_exception_handler.py", line 42, in wrapped_app
    |     await app(scope, receive, sender)
    |   File "C:\Users\HP\AppData\Local\Programs\Python\Python313\Lib\site-packages\starlette\routing.py", line 715, in __call__
    |     await self.middleware_stack(scope, receive, send)
    |   File "C:\Users\HP\AppData\Local\Programs\Python\Python313\Lib\site-packages\starlette\routing.py", line 735, in app
    |     await route.handle(scope, receive, send)
    |   File "C:\Users\HP\AppData\Local\Programs\Python\Python313\Lib\site-packages\starlette\routing.py", line 288, in handle
    |     await self.app(scope, receive, send)
    |   File "C:\Users\HP\AppData\Local\Programs\Python\Python313\Lib\site-packages\starlette\routing.py", line 76, in app
    |     await wrap_app_handling_exceptions(app, request)(scope, receive, send)
    |   File "C:\Users\HP\AppData\Local\Programs\Python\Python313\Lib\site-packages\starlette\_exception_handler.py", line 53, in wrapped_app
    |     raise exc
    |   File "C:\Users\HP\AppData\Local\Programs\Python\Python313\Lib\site-packages\starlette\_exception_handler.py", line 42, in wrapped_app
    |     await app(scope, receive, sender)
    |   File "C:\Users\HP\AppData\Local\Programs\Python\Python313\Lib\site-packages\starlette\routing.py", line 73, in app
    |     response = await f(request)
    |                ^^^^^^^^^^^^^^^^
    |   File "C:\Users\HP\AppData\Local\Programs\Python\Python313\Lib\site-packages\fastapi\routing.py", line 291, in app
    |     solved_result = await solve_dependencies(
    |                     ^^^^^^^^^^^^^^^^^^^^^^^^^
    |     ...<6 lines>...
    |     )
    |     ^
    |   File "C:\Users\HP\AppData\Local\Programs\Python\Python313\Lib\site-packages\fastapi\dependencies\utils.py", line 638, in solve_dependencies
    |     solved = await call(**solved_result.values)
    |              ^^^^^^^^^^^^^^^^^^^^^^^^^^^^^^^^^^
    |   File "D:\Project\local-radar\backend\api\app\security\rate_limiter.py", line 43, in __call__
    |     is_blocked: Any = await asyncio.to_thread(redis_client.get, block_key)
    |                       ^^^^^^^^^^^^^^^^^^^^^^^^^^^^^^^^^^^^^^^^^^^^^^^^^^^^
    |   File "C:\Users\HP\AppData\Local\Programs\Python\Python313\Lib\asyncio\threads.py", line 25, in to_thread
    |     return await loop.run_in_executor(None, func_call)
    |            ^^^^^^^^^^^^^^^^^^^^^^^^^^^^^^^^^^^^^^^^^^^
    |   File "C:\Users\HP\AppData\Local\Programs\Python\Python313\Lib\concurrent\futures\thread.py", line 59, in run
    |     result = self.fn(*self.args, **self.kwargs)
    |   File "C:\Users\HP\AppData\Local\Programs\Python\Python313\Lib\site-packages\redis\commands\core.py", line 1822, in get
    |     return self.execute_command("GET", name, keys=[name])
    |            ~~~~~~~~~~~~~~~~~~~~^^^^^^^^^^^^^^^^^^^^^^^^^^
    |   File "C:\Users\HP\AppData\Local\Programs\Python\Python313\Lib\site-packages\redis\client.py", line 559, in execute_command
    |     return self._execute_command(*args, **options)
    |            ~~~~~~~~~~~~~~~~~~~~~^^^^^^^^^^^^^^^^^^
    |   File "C:\Users\HP\AppData\Local\Programs\Python\Python313\Lib\site-packages\redis\client.py", line 567, in _execute_command
    |     return conn.retry.call_with_retry(
    |            ~~~~~~~~~~~~~~~~~~~~~~~~~~^
    |         lambda: self._send_command_parse_response(
    |         ^^^^^^^^^^^^^^^^^^^^^^^^^^^^^^^^^^^^^^^^^^
    |     ...<2 lines>...
    |         lambda error: self._disconnect_raise(conn, error),
    |         ^^^^^^^^^^^^^^^^^^^^^^^^^^^^^^^^^^^^^^^^^^^^^^^^^^
    |     )
    |     ^
    |   File "C:\Users\HP\AppData\Local\Programs\Python\Python313\Lib\site-packages\redis\retry.py", line 65, in call_with_retry
    |     fail(error)
    |     ~~~~^^^^^^^
    |   File "C:\Users\HP\AppData\Local\Programs\Python\Python313\Lib\site-packages\redis\client.py", line 571, in <lambda>
    |     lambda error: self._disconnect_raise(conn, error),
    |                   ~~~~~~~~~~~~~~~~~~~~~~^^^^^^^^^^^^^
    |   File "C:\Users\HP\AppData\Local\Programs\Python\Python313\Lib\site-packages\redis\client.py", line 555, in _disconnect_raise
    |     raise error
    |   File "C:\Users\HP\AppData\Local\Programs\Python\Python313\Lib\site-packages\redis\retry.py", line 62, in call_with_retry
    |     return do()
    |   File "C:\Users\HP\AppData\Local\Programs\Python\Python313\Lib\site-packages\redis\client.py", line 568, in <lambda>
    |     lambda: self._send_command_parse_response(
    |             ~~~~~~~~~~~~~~~~~~~~~~~~~~~~~~~~~^
    |         conn, command_name, *args, **options
    |         ^^^^^^^^^^^^^^^^^^^^^^^^^^^^^^^^^^^^
    |     ),
    |     ^
    |   File "C:\Users\HP\AppData\Local\Programs\Python\Python313\Lib\site-packages\redis\client.py", line 542, in _send_command_parse_response
    |     return self.parse_response(conn, command_name, **options)
    |            ~~~~~~~~~~~~~~~~~~~^^^^^^^^^^^^^^^^^^^^^^^^^^^^^^^
    |   File "C:\Users\HP\AppData\Local\Programs\Python\Python313\Lib\site-packages\redis\client.py", line 584, in parse_response
    |     response = connection.read_response()
    |   File "C:\Users\HP\AppData\Local\Programs\Python\Python313\Lib\site-packages\redis\connection.py", line 592, in read_response
    |     response = self._parser.read_response(disable_decoding=disable_decoding)
    |   File "C:\Users\HP\AppData\Local\Programs\Python\Python313\Lib\site-packages\redis\_parsers\resp2.py", line 15, in read_response
    |     result = self._read_response(disable_decoding=disable_decoding)
    |   File "C:\Users\HP\AppData\Local\Programs\Python\Python313\Lib\site-packages\redis\_parsers\resp2.py", line 25, in _read_response
    |     raw = self._buffer.readline()
    |   File "C:\Users\HP\AppData\Local\Programs\Python\Python313\Lib\site-packages\redis\_parsers\socket.py", line 115, in readline
    |     self._read_from_socket()
    |     ~~~~~~~~~~~~~~~~~~~~~~^^
    |   File "C:\Users\HP\AppData\Local\Programs\Python\Python313\Lib\site-packages\redis\_parsers\socket.py", line 78, in _read_from_socket
    |     raise TimeoutError("Timeout reading from socket")
    | redis.exceptions.TimeoutError: Timeout reading from socket
    +------------------------------------

During handling of the above exception, another exception occurred:

Traceback (most recent call last):
  File "C:\Users\HP\AppData\Local\Programs\Python\Python313\Lib\site-packages\starlette\middleware\errors.py", line 165, in __call__
    await self.app(scope, receive, _send)
  File "C:\Users\HP\AppData\Local\Programs\Python\Python313\Lib\site-packages\starlette\middleware\cors.py", line 93, in __call__
    await self.simple_response(scope, receive, send, request_headers=headers)
  File "C:\Users\HP\AppData\Local\Programs\Python\Python313\Lib\site-packages\starlette\middleware\cors.py", line 144, in simple_response
    await self.app(scope, receive, send)
  File "C:\Users\HP\AppData\Local\Programs\Python\Python313\Lib\site-packages\starlette\middleware\base.py", line 177, in __call__
    with recv_stream, send_stream, collapse_excgroups():
                                   ~~~~~~~~~~~~~~~~~~^^
  File "C:\Users\HP\AppData\Local\Programs\Python\Python313\Lib\contextlib.py", line 162, in __exit__
    self.gen.throw(value)
    ~~~~~~~~~~~~~~^^^^^^^
  File "C:\Users\HP\AppData\Local\Programs\Python\Python313\Lib\site-packages\starlette\_utils.py", line 82, in collapse_excgroups
    raise exc
  File "C:\Users\HP\AppData\Local\Programs\Python\Python313\Lib\site-packages\starlette\middleware\base.py", line 179, in __call__
    response = await self.dispatch_func(request, call_next)
               ^^^^^^^^^^^^^^^^^^^^^^^^^^^^^^^^^^^^^^^^^^^^
  File "D:\Project\local-radar\backend\api\app\middleware\request_logger.py", line 26, in log_request
    response = await call_next(request)
               ^^^^^^^^^^^^^^^^^^^^^^^^
  File "C:\Users\HP\AppData\Local\Programs\Python\Python313\Lib\site-packages\starlette\middleware\base.py", line 154, in call_next
    raise app_exc
  File "C:\Users\HP\AppData\Local\Programs\Python\Python313\Lib\site-packages\starlette\middleware\base.py", line 141, in coro
    await self.app(scope, receive_or_disconnect, send_no_error)
  File "C:\Users\HP\AppData\Local\Programs\Python\Python313\Lib\site-packages\starlette\middleware\base.py", line 177, in __call__
    with recv_stream, send_stream, collapse_excgroups():
                                   ~~~~~~~~~~~~~~~~~~^^
  File "C:\Users\HP\AppData\Local\Programs\Python\Python313\Lib\contextlib.py", line 162, in __exit__
    self.gen.throw(value)
    ~~~~~~~~~~~~~~^^^^^^^
  File "C:\Users\HP\AppData\Local\Programs\Python\Python313\Lib\site-packages\starlette\_utils.py", line 82, in collapse_excgroups
    raise exc
  File "C:\Users\HP\AppData\Local\Programs\Python\Python313\Lib\site-packages\starlette\middleware\base.py", line 179, in __call__
    response = await self.dispatch_func(request, call_next)
               ^^^^^^^^^^^^^^^^^^^^^^^^^^^^^^^^^^^^^^^^^^^^
  File "D:\Project\local-radar\backend\api\app\middleware\header_validator.py", line 86, in header_validator
    response = await call_next(request)
               ^^^^^^^^^^^^^^^^^^^^^^^^
  File "C:\Users\HP\AppData\Local\Programs\Python\Python313\Lib\site-packages\starlette\middleware\base.py", line 154, in call_next
    raise app_exc
  File "C:\Users\HP\AppData\Local\Programs\Python\Python313\Lib\site-packages\starlette\middleware\base.py", line 141, in coro
    await self.app(scope, receive_or_disconnect, send_no_error)
  File "C:\Users\HP\AppData\Local\Programs\Python\Python313\Lib\site-packages\starlette\middleware\exceptions.py", line 62, in __call__
    await wrap_app_handling_exceptions(self.app, conn)(scope, receive, send)
  File "C:\Users\HP\AppData\Local\Programs\Python\Python313\Lib\site-packages\starlette\_exception_handler.py", line 53, in wrapped_app
    raise exc
  File "C:\Users\HP\AppData\Local\Programs\Python\Python313\Lib\site-packages\starlette\_exception_handler.py", line 42, in wrapped_app
    await app(scope, receive, sender)
  File "C:\Users\HP\AppData\Local\Programs\Python\Python313\Lib\site-packages\starlette\routing.py", line 715, in __call__
    await self.middleware_stack(scope, receive, send)
  File "C:\Users\HP\AppData\Local\Programs\Python\Python313\Lib\site-packages\starlette\routing.py", line 735, in app
    await route.handle(scope, receive, send)
  File "C:\Users\HP\AppData\Local\Programs\Python\Python313\Lib\site-packages\starlette\routing.py", line 288, in handle
    await self.app(scope, receive, send)
  File "C:\Users\HP\AppData\Local\Programs\Python\Python313\Lib\site-packages\starlette\routing.py", line 76, in app
    await wrap_app_handling_exceptions(app, request)(scope, receive, send)
  File "C:\Users\HP\AppData\Local\Programs\Python\Python313\Lib\site-packages\starlette\_exception_handler.py", line 53, in wrapped_app
    raise exc
  File "C:\Users\HP\AppData\Local\Programs\Python\Python313\Lib\site-packages\starlette\_exception_handler.py", line 42, in wrapped_app
    await app(scope, receive, sender)
  File "C:\Users\HP\AppData\Local\Programs\Python\Python313\Lib\site-packages\starlette\routing.py", line 73, in app
    response = await f(request)
               ^^^^^^^^^^^^^^^^
  File "C:\Users\HP\AppData\Local\Programs\Python\Python313\Lib\site-packages\fastapi\routing.py", line 291, in app
    solved_result = await solve_dependencies(
                    ^^^^^^^^^^^^^^^^^^^^^^^^^
    ...<6 lines>...
    )
    ^
  File "C:\Users\HP\AppData\Local\Programs\Python\Python313\Lib\site-packages\fastapi\dependencies\utils.py", line 638, in solve_dependencies
    solved = await call(**solved_result.values)
             ^^^^^^^^^^^^^^^^^^^^^^^^^^^^^^^^^^
  File "D:\Project\local-radar\backend\api\app\security\rate_limiter.py", line 43, in __call__
    is_blocked: Any = await asyncio.to_thread(redis_client.get, block_key)
                      ^^^^^^^^^^^^^^^^^^^^^^^^^^^^^^^^^^^^^^^^^^^^^^^^^^^^
  File "C:\Users\HP\AppData\Local\Programs\Python\Python313\Lib\asyncio\threads.py", line 25, in to_thread
    return await loop.run_in_executor(None, func_call)
           ^^^^^^^^^^^^^^^^^^^^^^^^^^^^^^^^^^^^^^^^^^^
  File "C:\Users\HP\AppData\Local\Programs\Python\Python313\Lib\concurrent\futures\thread.py", line 59, in run
    result = self.fn(*self.args, **self.kwargs)
  File "C:\Users\HP\AppData\Local\Programs\Python\Python313\Lib\site-packages\redis\commands\core.py", line 1822, in get
    return self.execute_command("GET", name, keys=[name])
           ~~~~~~~~~~~~~~~~~~~~^^^^^^^^^^^^^^^^^^^^^^^^^^
  File "C:\Users\HP\AppData\Local\Programs\Python\Python313\Lib\site-packages\redis\client.py", line 559, in execute_command
    return self._execute_command(*args, **options)
           ~~~~~~~~~~~~~~~~~~~~~^^^^^^^^^^^^^^^^^^
  File "C:\Users\HP\AppData\Local\Programs\Python\Python313\Lib\site-packages\redis\client.py", line 567, in _execute_command
    return conn.retry.call_with_retry(
           ~~~~~~~~~~~~~~~~~~~~~~~~~~^
        lambda: self._send_command_parse_response(
        ^^^^^^^^^^^^^^^^^^^^^^^^^^^^^^^^^^^^^^^^^^
    ...<2 lines>...
        lambda error: self._disconnect_raise(conn, error),
        ^^^^^^^^^^^^^^^^^^^^^^^^^^^^^^^^^^^^^^^^^^^^^^^^^^
    )
    ^
  File "C:\Users\HP\AppData\Local\Programs\Python\Python313\Lib\site-packages\redis\retry.py", line 65, in call_with_retry
    fail(error)
    ~~~~^^^^^^^
  File "C:\Users\HP\AppData\Local\Programs\Python\Python313\Lib\site-packages\redis\client.py", line 571, in <lambda>
    lambda error: self._disconnect_raise(conn, error),
                  ~~~~~~~~~~~~~~~~~~~~~~^^^^^^^^^^^^^
  File "C:\Users\HP\AppData\Local\Programs\Python\Python313\Lib\site-packages\redis\client.py", line 555, in _disconnect_raise
    raise error
  File "C:\Users\HP\AppData\Local\Programs\Python\Python313\Lib\site-packages\redis\retry.py", line 62, in call_with_retry
    return do()
  File "C:\Users\HP\AppData\Local\Programs\Python\Python313\Lib\site-packages\redis\client.py", line 568, in <lambda>
    lambda: self._send_command_parse_response(
            ~~~~~~~~~~~~~~~~~~~~~~~~~~~~~~~~~^
        conn, command_name, *args, **options
        ^^^^^^^^^^^^^^^^^^^^^^^^^^^^^^^^^^^^
    ),
    ^
  File "C:\Users\HP\AppData\Local\Programs\Python\Python313\Lib\site-packages\redis\client.py", line 542, in _send_command_parse_response
    return self.parse_response(conn, command_name, **options)
           ~~~~~~~~~~~~~~~~~~~^^^^^^^^^^^^^^^^^^^^^^^^^^^^^^^
  File "C:\Users\HP\AppData\Local\Programs\Python\Python313\Lib\site-packages\redis\client.py", line 584, in parse_response
    response = connection.read_response()
  File "C:\Users\HP\AppData\Local\Programs\Python\Python313\Lib\site-packages\redis\connection.py", line 592, in read_response
    response = self._parser.read_response(disable_decoding=disable_decoding)
  File "C:\Users\HP\AppData\Local\Programs\Python\Python313\Lib\site-packages\redis\_parsers\resp2.py", line 15, in read_response
    result = self._read_response(disable_decoding=disable_decoding)
  File "C:\Users\HP\AppData\Local\Programs\Python\Python313\Lib\site-packages\redis\_parsers\resp2.py", line 25, in _read_response
    raw = self._buffer.readline()
  File "C:\Users\HP\AppData\Local\Programs\Python\Python313\Lib\site-packages\redis\_parsers\socket.py", line 115, in readline
    self._read_from_socket()
    ~~~~~~~~~~~~~~~~~~~~~~^^
  File "C:\Users\HP\AppData\Local\Programs\Python\Python313\Lib\site-packages\redis\_parsers\socket.py", line 78, in _read_from_socket
    raise TimeoutError("Timeout reading from socket")
redis.exceptions.TimeoutError: Timeout reading from socket
2025-04-05 22:45:58 - scraper_api - ERROR - Unhandled exception occurred:
  + Exception Group Traceback (most recent call last):
  |   File "C:\Users\HP\AppData\Local\Programs\Python\Python313\Lib\site-packages\starlette\_utils.py", line 76, in collapse_excgroups
  |     yield
  |   File "C:\Users\HP\AppData\Local\Programs\Python\Python313\Lib\site-packages\starlette\middleware\base.py", line 178, in __call__
  |     async with anyio.create_task_group() as task_group:
  |                ~~~~~~~~~~~~~~~~~~~~~~~^^
  |   File "C:\Users\HP\AppData\Local\Programs\Python\Python313\Lib\site-packages\anyio\_backends\_asyncio.py", line 736, in __aexit__
  |     raise BaseExceptionGroup(
  |         "unhandled errors in a TaskGroup", self._exceptions
  |     )
  | ExceptionGroup: unhandled errors in a TaskGroup (1 sub-exception)
  +-+---------------- 1 ----------------
    | Traceback (most recent call last):
    |   File "C:\Users\HP\AppData\Local\Programs\Python\Python313\Lib\site-packages\starlette\middleware\errors.py", line 165, in __call__
    |     await self.app(scope, receive, _send)
    |   File "C:\Users\HP\AppData\Local\Programs\Python\Python313\Lib\site-packages\starlette\middleware\cors.py", line 93, in __call__
    |     await self.simple_response(scope, receive, send, request_headers=headers)
    |   File "C:\Users\HP\AppData\Local\Programs\Python\Python313\Lib\site-packages\starlette\middleware\cors.py", line 144, in simple_response
    |     await self.app(scope, receive, send)
    |   File "C:\Users\HP\AppData\Local\Programs\Python\Python313\Lib\site-packages\starlette\middleware\base.py", line 177, in __call__
    |     with recv_stream, send_stream, collapse_excgroups():
    |                                    ~~~~~~~~~~~~~~~~~~^^
    |   File "C:\Users\HP\AppData\Local\Programs\Python\Python313\Lib\contextlib.py", line 162, in __exit__
    |     self.gen.throw(value)
    |     ~~~~~~~~~~~~~~^^^^^^^
    |   File "C:\Users\HP\AppData\Local\Programs\Python\Python313\Lib\site-packages\starlette\_utils.py", line 82, in collapse_excgroups
    |     raise exc
    |   File "C:\Users\HP\AppData\Local\Programs\Python\Python313\Lib\site-packages\starlette\middleware\base.py", line 179, in __call__
    |     response = await self.dispatch_func(request, call_next)
    |                ^^^^^^^^^^^^^^^^^^^^^^^^^^^^^^^^^^^^^^^^^^^^
    |   File "D:\Project\local-radar\backend\api\app\middleware\request_logger.py", line 26, in log_request
    |     response = await call_next(request)
    |                ^^^^^^^^^^^^^^^^^^^^^^^^
    |   File "C:\Users\HP\AppData\Local\Programs\Python\Python313\Lib\site-packages\starlette\middleware\base.py", line 154, in call_next
    |     raise app_exc
    |   File "C:\Users\HP\AppData\Local\Programs\Python\Python313\Lib\site-packages\starlette\middleware\base.py", line 141, in coro
    |     await self.app(scope, receive_or_disconnect, send_no_error)
    |   File "C:\Users\HP\AppData\Local\Programs\Python\Python313\Lib\site-packages\starlette\middleware\base.py", line 177, in __call__
    |     with recv_stream, send_stream, collapse_excgroups():
    |                                    ~~~~~~~~~~~~~~~~~~^^
    |   File "C:\Users\HP\AppData\Local\Programs\Python\Python313\Lib\contextlib.py", line 162, in __exit__
    |     self.gen.throw(value)
    |     ~~~~~~~~~~~~~~^^^^^^^
    |   File "C:\Users\HP\AppData\Local\Programs\Python\Python313\Lib\site-packages\starlette\_utils.py", line 82, in collapse_excgroups
    |     raise exc
    |   File "C:\Users\HP\AppData\Local\Programs\Python\Python313\Lib\site-packages\starlette\middleware\base.py", line 179, in __call__
    |     response = await self.dispatch_func(request, call_next)
    |                ^^^^^^^^^^^^^^^^^^^^^^^^^^^^^^^^^^^^^^^^^^^^
    |   File "D:\Project\local-radar\backend\api\app\middleware\header_validator.py", line 86, in header_validator
    |     response = await call_next(request)
    |                ^^^^^^^^^^^^^^^^^^^^^^^^
    |   File "C:\Users\HP\AppData\Local\Programs\Python\Python313\Lib\site-packages\starlette\middleware\base.py", line 154, in call_next
    |     raise app_exc
    |   File "C:\Users\HP\AppData\Local\Programs\Python\Python313\Lib\site-packages\starlette\middleware\base.py", line 141, in coro
    |     await self.app(scope, receive_or_disconnect, send_no_error)
    |   File "C:\Users\HP\AppData\Local\Programs\Python\Python313\Lib\site-packages\starlette\middleware\exceptions.py", line 62, in __call__
    |     await wrap_app_handling_exceptions(self.app, conn)(scope, receive, send)
    |   File "C:\Users\HP\AppData\Local\Programs\Python\Python313\Lib\site-packages\starlette\_exception_handler.py", line 53, in wrapped_app
    |     raise exc
    |   File "C:\Users\HP\AppData\Local\Programs\Python\Python313\Lib\site-packages\starlette\_exception_handler.py", line 42, in wrapped_app
    |     await app(scope, receive, sender)
    |   File "C:\Users\HP\AppData\Local\Programs\Python\Python313\Lib\site-packages\starlette\routing.py", line 715, in __call__
    |     await self.middleware_stack(scope, receive, send)
    |   File "C:\Users\HP\AppData\Local\Programs\Python\Python313\Lib\site-packages\starlette\routing.py", line 735, in app
    |     await route.handle(scope, receive, send)
    |   File "C:\Users\HP\AppData\Local\Programs\Python\Python313\Lib\site-packages\starlette\routing.py", line 288, in handle
    |     await self.app(scope, receive, send)
    |   File "C:\Users\HP\AppData\Local\Programs\Python\Python313\Lib\site-packages\starlette\routing.py", line 76, in app
    |     await wrap_app_handling_exceptions(app, request)(scope, receive, send)
    |   File "C:\Users\HP\AppData\Local\Programs\Python\Python313\Lib\site-packages\starlette\_exception_handler.py", line 53, in wrapped_app
    |     raise exc
    |   File "C:\Users\HP\AppData\Local\Programs\Python\Python313\Lib\site-packages\starlette\_exception_handler.py", line 42, in wrapped_app
    |     await app(scope, receive, sender)
    |   File "C:\Users\HP\AppData\Local\Programs\Python\Python313\Lib\site-packages\starlette\routing.py", line 73, in app
    |     response = await f(request)
    |                ^^^^^^^^^^^^^^^^
    |   File "C:\Users\HP\AppData\Local\Programs\Python\Python313\Lib\site-packages\fastapi\routing.py", line 291, in app
    |     solved_result = await solve_dependencies(
    |                     ^^^^^^^^^^^^^^^^^^^^^^^^^
    |     ...<6 lines>...
    |     )
    |     ^
    |   File "C:\Users\HP\AppData\Local\Programs\Python\Python313\Lib\site-packages\fastapi\dependencies\utils.py", line 638, in solve_dependencies
    |     solved = await call(**solved_result.values)
    |              ^^^^^^^^^^^^^^^^^^^^^^^^^^^^^^^^^^
    |   File "D:\Project\local-radar\backend\api\app\security\rate_limiter.py", line 43, in __call__
    |     is_blocked: Any = await asyncio.to_thread(redis_client.get, block_key)
    |                       ^^^^^^^^^^^^^^^^^^^^^^^^^^^^^^^^^^^^^^^^^^^^^^^^^^^^
    |   File "C:\Users\HP\AppData\Local\Programs\Python\Python313\Lib\asyncio\threads.py", line 25, in to_thread
    |     return await loop.run_in_executor(None, func_call)
    |            ^^^^^^^^^^^^^^^^^^^^^^^^^^^^^^^^^^^^^^^^^^^
    |   File "C:\Users\HP\AppData\Local\Programs\Python\Python313\Lib\concurrent\futures\thread.py", line 59, in run
    |     result = self.fn(*self.args, **self.kwargs)
    |   File "C:\Users\HP\AppData\Local\Programs\Python\Python313\Lib\site-packages\redis\commands\core.py", line 1822, in get
    |     return self.execute_command("GET", name, keys=[name])
    |            ~~~~~~~~~~~~~~~~~~~~^^^^^^^^^^^^^^^^^^^^^^^^^^
    |   File "C:\Users\HP\AppData\Local\Programs\Python\Python313\Lib\site-packages\redis\client.py", line 559, in execute_command
    |     return self._execute_command(*args, **options)
    |            ~~~~~~~~~~~~~~~~~~~~~^^^^^^^^^^^^^^^^^^
    |   File "C:\Users\HP\AppData\Local\Programs\Python\Python313\Lib\site-packages\redis\client.py", line 567, in _execute_command
    |     return conn.retry.call_with_retry(
    |            ~~~~~~~~~~~~~~~~~~~~~~~~~~^
    |         lambda: self._send_command_parse_response(
    |         ^^^^^^^^^^^^^^^^^^^^^^^^^^^^^^^^^^^^^^^^^^
    |     ...<2 lines>...
    |         lambda error: self._disconnect_raise(conn, error),
    |         ^^^^^^^^^^^^^^^^^^^^^^^^^^^^^^^^^^^^^^^^^^^^^^^^^^
    |     )
    |     ^
    |   File "C:\Users\HP\AppData\Local\Programs\Python\Python313\Lib\site-packages\redis\retry.py", line 65, in call_with_retry
    |     fail(error)
    |     ~~~~^^^^^^^
    |   File "C:\Users\HP\AppData\Local\Programs\Python\Python313\Lib\site-packages\redis\client.py", line 571, in <lambda>
    |     lambda error: self._disconnect_raise(conn, error),
    |                   ~~~~~~~~~~~~~~~~~~~~~~^^^^^^^^^^^^^
    |   File "C:\Users\HP\AppData\Local\Programs\Python\Python313\Lib\site-packages\redis\client.py", line 555, in _disconnect_raise
    |     raise error
    |   File "C:\Users\HP\AppData\Local\Programs\Python\Python313\Lib\site-packages\redis\retry.py", line 62, in call_with_retry
    |     return do()
    |   File "C:\Users\HP\AppData\Local\Programs\Python\Python313\Lib\site-packages\redis\client.py", line 568, in <lambda>
    |     lambda: self._send_command_parse_response(
    |             ~~~~~~~~~~~~~~~~~~~~~~~~~~~~~~~~~^
    |         conn, command_name, *args, **options
    |         ^^^^^^^^^^^^^^^^^^^^^^^^^^^^^^^^^^^^
    |     ),
    |     ^
    |   File "C:\Users\HP\AppData\Local\Programs\Python\Python313\Lib\site-packages\redis\client.py", line 542, in _send_command_parse_response
    |     return self.parse_response(conn, command_name, **options)
    |            ~~~~~~~~~~~~~~~~~~~^^^^^^^^^^^^^^^^^^^^^^^^^^^^^^^
    |   File "C:\Users\HP\AppData\Local\Programs\Python\Python313\Lib\site-packages\redis\client.py", line 584, in parse_response
    |     response = connection.read_response()
    |   File "C:\Users\HP\AppData\Local\Programs\Python\Python313\Lib\site-packages\redis\connection.py", line 592, in read_response
    |     response = self._parser.read_response(disable_decoding=disable_decoding)
    |   File "C:\Users\HP\AppData\Local\Programs\Python\Python313\Lib\site-packages\redis\_parsers\resp2.py", line 15, in read_response
    |     result = self._read_response(disable_decoding=disable_decoding)
    |   File "C:\Users\HP\AppData\Local\Programs\Python\Python313\Lib\site-packages\redis\_parsers\resp2.py", line 25, in _read_response
    |     raw = self._buffer.readline()
    |   File "C:\Users\HP\AppData\Local\Programs\Python\Python313\Lib\site-packages\redis\_parsers\socket.py", line 115, in readline
    |     self._read_from_socket()
    |     ~~~~~~~~~~~~~~~~~~~~~~^^
    |   File "C:\Users\HP\AppData\Local\Programs\Python\Python313\Lib\site-packages\redis\_parsers\socket.py", line 78, in _read_from_socket
    |     raise TimeoutError("Timeout reading from socket")
    | redis.exceptions.TimeoutError: Timeout reading from socket
    +------------------------------------

During handling of the above exception, another exception occurred:

Traceback (most recent call last):
  File "C:\Users\HP\AppData\Local\Programs\Python\Python313\Lib\site-packages\starlette\middleware\errors.py", line 165, in __call__
    await self.app(scope, receive, _send)
  File "C:\Users\HP\AppData\Local\Programs\Python\Python313\Lib\site-packages\starlette\middleware\cors.py", line 93, in __call__
    await self.simple_response(scope, receive, send, request_headers=headers)
  File "C:\Users\HP\AppData\Local\Programs\Python\Python313\Lib\site-packages\starlette\middleware\cors.py", line 144, in simple_response
    await self.app(scope, receive, send)
  File "C:\Users\HP\AppData\Local\Programs\Python\Python313\Lib\site-packages\starlette\middleware\base.py", line 177, in __call__
    with recv_stream, send_stream, collapse_excgroups():
                                   ~~~~~~~~~~~~~~~~~~^^
  File "C:\Users\HP\AppData\Local\Programs\Python\Python313\Lib\contextlib.py", line 162, in __exit__
    self.gen.throw(value)
    ~~~~~~~~~~~~~~^^^^^^^
  File "C:\Users\HP\AppData\Local\Programs\Python\Python313\Lib\site-packages\starlette\_utils.py", line 82, in collapse_excgroups
    raise exc
  File "C:\Users\HP\AppData\Local\Programs\Python\Python313\Lib\site-packages\starlette\middleware\base.py", line 179, in __call__
    response = await self.dispatch_func(request, call_next)
               ^^^^^^^^^^^^^^^^^^^^^^^^^^^^^^^^^^^^^^^^^^^^
  File "D:\Project\local-radar\backend\api\app\middleware\request_logger.py", line 26, in log_request
    response = await call_next(request)
               ^^^^^^^^^^^^^^^^^^^^^^^^
  File "C:\Users\HP\AppData\Local\Programs\Python\Python313\Lib\site-packages\starlette\middleware\base.py", line 154, in call_next
    raise app_exc
  File "C:\Users\HP\AppData\Local\Programs\Python\Python313\Lib\site-packages\starlette\middleware\base.py", line 141, in coro
    await self.app(scope, receive_or_disconnect, send_no_error)
  File "C:\Users\HP\AppData\Local\Programs\Python\Python313\Lib\site-packages\starlette\middleware\base.py", line 177, in __call__
    with recv_stream, send_stream, collapse_excgroups():
                                   ~~~~~~~~~~~~~~~~~~^^
  File "C:\Users\HP\AppData\Local\Programs\Python\Python313\Lib\contextlib.py", line 162, in __exit__
    self.gen.throw(value)
    ~~~~~~~~~~~~~~^^^^^^^
  File "C:\Users\HP\AppData\Local\Programs\Python\Python313\Lib\site-packages\starlette\_utils.py", line 82, in collapse_excgroups
    raise exc
  File "C:\Users\HP\AppData\Local\Programs\Python\Python313\Lib\site-packages\starlette\middleware\base.py", line 179, in __call__
    response = await self.dispatch_func(request, call_next)
               ^^^^^^^^^^^^^^^^^^^^^^^^^^^^^^^^^^^^^^^^^^^^
  File "D:\Project\local-radar\backend\api\app\middleware\header_validator.py", line 86, in header_validator
    response = await call_next(request)
               ^^^^^^^^^^^^^^^^^^^^^^^^
  File "C:\Users\HP\AppData\Local\Programs\Python\Python313\Lib\site-packages\starlette\middleware\base.py", line 154, in call_next
    raise app_exc
  File "C:\Users\HP\AppData\Local\Programs\Python\Python313\Lib\site-packages\starlette\middleware\base.py", line 141, in coro
    await self.app(scope, receive_or_disconnect, send_no_error)
  File "C:\Users\HP\AppData\Local\Programs\Python\Python313\Lib\site-packages\starlette\middleware\exceptions.py", line 62, in __call__
    await wrap_app_handling_exceptions(self.app, conn)(scope, receive, send)
  File "C:\Users\HP\AppData\Local\Programs\Python\Python313\Lib\site-packages\starlette\_exception_handler.py", line 53, in wrapped_app
    raise exc
  File "C:\Users\HP\AppData\Local\Programs\Python\Python313\Lib\site-packages\starlette\_exception_handler.py", line 42, in wrapped_app
    await app(scope, receive, sender)
  File "C:\Users\HP\AppData\Local\Programs\Python\Python313\Lib\site-packages\starlette\routing.py", line 715, in __call__
    await self.middleware_stack(scope, receive, send)
  File "C:\Users\HP\AppData\Local\Programs\Python\Python313\Lib\site-packages\starlette\routing.py", line 735, in app
    await route.handle(scope, receive, send)
  File "C:\Users\HP\AppData\Local\Programs\Python\Python313\Lib\site-packages\starlette\routing.py", line 288, in handle
    await self.app(scope, receive, send)
  File "C:\Users\HP\AppData\Local\Programs\Python\Python313\Lib\site-packages\starlette\routing.py", line 76, in app
    await wrap_app_handling_exceptions(app, request)(scope, receive, send)
  File "C:\Users\HP\AppData\Local\Programs\Python\Python313\Lib\site-packages\starlette\_exception_handler.py", line 53, in wrapped_app
    raise exc
  File "C:\Users\HP\AppData\Local\Programs\Python\Python313\Lib\site-packages\starlette\_exception_handler.py", line 42, in wrapped_app
    await app(scope, receive, sender)
  File "C:\Users\HP\AppData\Local\Programs\Python\Python313\Lib\site-packages\starlette\routing.py", line 73, in app
    response = await f(request)
               ^^^^^^^^^^^^^^^^
  File "C:\Users\HP\AppData\Local\Programs\Python\Python313\Lib\site-packages\fastapi\routing.py", line 291, in app
    solved_result = await solve_dependencies(
                    ^^^^^^^^^^^^^^^^^^^^^^^^^
    ...<6 lines>...
    )
    ^
  File "C:\Users\HP\AppData\Local\Programs\Python\Python313\Lib\site-packages\fastapi\dependencies\utils.py", line 638, in solve_dependencies
    solved = await call(**solved_result.values)
             ^^^^^^^^^^^^^^^^^^^^^^^^^^^^^^^^^^
  File "D:\Project\local-radar\backend\api\app\security\rate_limiter.py", line 43, in __call__
    is_blocked: Any = await asyncio.to_thread(redis_client.get, block_key)
                      ^^^^^^^^^^^^^^^^^^^^^^^^^^^^^^^^^^^^^^^^^^^^^^^^^^^^
  File "C:\Users\HP\AppData\Local\Programs\Python\Python313\Lib\asyncio\threads.py", line 25, in to_thread
    return await loop.run_in_executor(None, func_call)
           ^^^^^^^^^^^^^^^^^^^^^^^^^^^^^^^^^^^^^^^^^^^
  File "C:\Users\HP\AppData\Local\Programs\Python\Python313\Lib\concurrent\futures\thread.py", line 59, in run
    result = self.fn(*self.args, **self.kwargs)
  File "C:\Users\HP\AppData\Local\Programs\Python\Python313\Lib\site-packages\redis\commands\core.py", line 1822, in get
    return self.execute_command("GET", name, keys=[name])
           ~~~~~~~~~~~~~~~~~~~~^^^^^^^^^^^^^^^^^^^^^^^^^^
  File "C:\Users\HP\AppData\Local\Programs\Python\Python313\Lib\site-packages\redis\client.py", line 559, in execute_command
    return self._execute_command(*args, **options)
           ~~~~~~~~~~~~~~~~~~~~~^^^^^^^^^^^^^^^^^^
  File "C:\Users\HP\AppData\Local\Programs\Python\Python313\Lib\site-packages\redis\client.py", line 567, in _execute_command
    return conn.retry.call_with_retry(
           ~~~~~~~~~~~~~~~~~~~~~~~~~~^
        lambda: self._send_command_parse_response(
        ^^^^^^^^^^^^^^^^^^^^^^^^^^^^^^^^^^^^^^^^^^
    ...<2 lines>...
        lambda error: self._disconnect_raise(conn, error),
        ^^^^^^^^^^^^^^^^^^^^^^^^^^^^^^^^^^^^^^^^^^^^^^^^^^
    )
    ^
  File "C:\Users\HP\AppData\Local\Programs\Python\Python313\Lib\site-packages\redis\retry.py", line 65, in call_with_retry
    fail(error)
    ~~~~^^^^^^^
  File "C:\Users\HP\AppData\Local\Programs\Python\Python313\Lib\site-packages\redis\client.py", line 571, in <lambda>
    lambda error: self._disconnect_raise(conn, error),
                  ~~~~~~~~~~~~~~~~~~~~~~^^^^^^^^^^^^^
  File "C:\Users\HP\AppData\Local\Programs\Python\Python313\Lib\site-packages\redis\client.py", line 555, in _disconnect_raise
    raise error
  File "C:\Users\HP\AppData\Local\Programs\Python\Python313\Lib\site-packages\redis\retry.py", line 62, in call_with_retry
    return do()
  File "C:\Users\HP\AppData\Local\Programs\Python\Python313\Lib\site-packages\redis\client.py", line 568, in <lambda>
    lambda: self._send_command_parse_response(
            ~~~~~~~~~~~~~~~~~~~~~~~~~~~~~~~~~^
        conn, command_name, *args, **options
        ^^^^^^^^^^^^^^^^^^^^^^^^^^^^^^^^^^^^
    ),
    ^
  File "C:\Users\HP\AppData\Local\Programs\Python\Python313\Lib\site-packages\redis\client.py", line 542, in _send_command_parse_response
    return self.parse_response(conn, command_name, **options)
           ~~~~~~~~~~~~~~~~~~~^^^^^^^^^^^^^^^^^^^^^^^^^^^^^^^
  File "C:\Users\HP\AppData\Local\Programs\Python\Python313\Lib\site-packages\redis\client.py", line 584, in parse_response
    response = connection.read_response()
  File "C:\Users\HP\AppData\Local\Programs\Python\Python313\Lib\site-packages\redis\connection.py", line 592, in read_response
    response = self._parser.read_response(disable_decoding=disable_decoding)
  File "C:\Users\HP\AppData\Local\Programs\Python\Python313\Lib\site-packages\redis\_parsers\resp2.py", line 15, in read_response
    result = self._read_response(disable_decoding=disable_decoding)
  File "C:\Users\HP\AppData\Local\Programs\Python\Python313\Lib\site-packages\redis\_parsers\resp2.py", line 25, in _read_response
    raw = self._buffer.readline()
  File "C:\Users\HP\AppData\Local\Programs\Python\Python313\Lib\site-packages\redis\_parsers\socket.py", line 115, in readline
    self._read_from_socket()
    ~~~~~~~~~~~~~~~~~~~~~~^^
  File "C:\Users\HP\AppData\Local\Programs\Python\Python313\Lib\site-packages\redis\_parsers\socket.py", line 78, in _read_from_socket
    raise TimeoutError("Timeout reading from socket")
redis.exceptions.TimeoutError: Timeout reading from socket
2025-04-05 22:46:02 - scraper_api - ERROR - Unhandled exception occurred:
  + Exception Group Traceback (most recent call last):
  |   File "C:\Users\HP\AppData\Local\Programs\Python\Python313\Lib\site-packages\starlette\_utils.py", line 76, in collapse_excgroups
  |     yield
  |   File "C:\Users\HP\AppData\Local\Programs\Python\Python313\Lib\site-packages\starlette\middleware\base.py", line 178, in __call__
  |     async with anyio.create_task_group() as task_group:
  |                ~~~~~~~~~~~~~~~~~~~~~~~^^
  |   File "C:\Users\HP\AppData\Local\Programs\Python\Python313\Lib\site-packages\anyio\_backends\_asyncio.py", line 736, in __aexit__
  |     raise BaseExceptionGroup(
  |         "unhandled errors in a TaskGroup", self._exceptions
  |     )
  | ExceptionGroup: unhandled errors in a TaskGroup (1 sub-exception)
  +-+---------------- 1 ----------------
    | Traceback (most recent call last):
    |   File "C:\Users\HP\AppData\Local\Programs\Python\Python313\Lib\site-packages\starlette\middleware\errors.py", line 165, in __call__
    |     await self.app(scope, receive, _send)
    |   File "C:\Users\HP\AppData\Local\Programs\Python\Python313\Lib\site-packages\starlette\middleware\cors.py", line 93, in __call__
    |     await self.simple_response(scope, receive, send, request_headers=headers)
    |   File "C:\Users\HP\AppData\Local\Programs\Python\Python313\Lib\site-packages\starlette\middleware\cors.py", line 144, in simple_response
    |     await self.app(scope, receive, send)
    |   File "C:\Users\HP\AppData\Local\Programs\Python\Python313\Lib\site-packages\starlette\middleware\base.py", line 177, in __call__
    |     with recv_stream, send_stream, collapse_excgroups():
    |                                    ~~~~~~~~~~~~~~~~~~^^
    |   File "C:\Users\HP\AppData\Local\Programs\Python\Python313\Lib\contextlib.py", line 162, in __exit__
    |     self.gen.throw(value)
    |     ~~~~~~~~~~~~~~^^^^^^^
    |   File "C:\Users\HP\AppData\Local\Programs\Python\Python313\Lib\site-packages\starlette\_utils.py", line 82, in collapse_excgroups
    |     raise exc
    |   File "C:\Users\HP\AppData\Local\Programs\Python\Python313\Lib\site-packages\starlette\middleware\base.py", line 179, in __call__
    |     response = await self.dispatch_func(request, call_next)
    |                ^^^^^^^^^^^^^^^^^^^^^^^^^^^^^^^^^^^^^^^^^^^^
    |   File "D:\Project\local-radar\backend\api\app\middleware\request_logger.py", line 26, in log_request
    |     response = await call_next(request)
    |                ^^^^^^^^^^^^^^^^^^^^^^^^
    |   File "C:\Users\HP\AppData\Local\Programs\Python\Python313\Lib\site-packages\starlette\middleware\base.py", line 154, in call_next
    |     raise app_exc
    |   File "C:\Users\HP\AppData\Local\Programs\Python\Python313\Lib\site-packages\starlette\middleware\base.py", line 141, in coro
    |     await self.app(scope, receive_or_disconnect, send_no_error)
    |   File "C:\Users\HP\AppData\Local\Programs\Python\Python313\Lib\site-packages\starlette\middleware\base.py", line 177, in __call__
    |     with recv_stream, send_stream, collapse_excgroups():
    |                                    ~~~~~~~~~~~~~~~~~~^^
    |   File "C:\Users\HP\AppData\Local\Programs\Python\Python313\Lib\contextlib.py", line 162, in __exit__
    |     self.gen.throw(value)
    |     ~~~~~~~~~~~~~~^^^^^^^
    |   File "C:\Users\HP\AppData\Local\Programs\Python\Python313\Lib\site-packages\starlette\_utils.py", line 82, in collapse_excgroups
    |     raise exc
    |   File "C:\Users\HP\AppData\Local\Programs\Python\Python313\Lib\site-packages\starlette\middleware\base.py", line 179, in __call__
    |     response = await self.dispatch_func(request, call_next)
    |                ^^^^^^^^^^^^^^^^^^^^^^^^^^^^^^^^^^^^^^^^^^^^
    |   File "D:\Project\local-radar\backend\api\app\middleware\header_validator.py", line 86, in header_validator
    |     response = await call_next(request)
    |                ^^^^^^^^^^^^^^^^^^^^^^^^
    |   File "C:\Users\HP\AppData\Local\Programs\Python\Python313\Lib\site-packages\starlette\middleware\base.py", line 154, in call_next
    |     raise app_exc
    |   File "C:\Users\HP\AppData\Local\Programs\Python\Python313\Lib\site-packages\starlette\middleware\base.py", line 141, in coro
    |     await self.app(scope, receive_or_disconnect, send_no_error)
    |   File "C:\Users\HP\AppData\Local\Programs\Python\Python313\Lib\site-packages\starlette\middleware\exceptions.py", line 62, in __call__
    |     await wrap_app_handling_exceptions(self.app, conn)(scope, receive, send)
    |   File "C:\Users\HP\AppData\Local\Programs\Python\Python313\Lib\site-packages\starlette\_exception_handler.py", line 53, in wrapped_app
    |     raise exc
    |   File "C:\Users\HP\AppData\Local\Programs\Python\Python313\Lib\site-packages\starlette\_exception_handler.py", line 42, in wrapped_app
    |     await app(scope, receive, sender)
    |   File "C:\Users\HP\AppData\Local\Programs\Python\Python313\Lib\site-packages\starlette\routing.py", line 715, in __call__
    |     await self.middleware_stack(scope, receive, send)
    |   File "C:\Users\HP\AppData\Local\Programs\Python\Python313\Lib\site-packages\starlette\routing.py", line 735, in app
    |     await route.handle(scope, receive, send)
    |   File "C:\Users\HP\AppData\Local\Programs\Python\Python313\Lib\site-packages\starlette\routing.py", line 288, in handle
    |     await self.app(scope, receive, send)
    |   File "C:\Users\HP\AppData\Local\Programs\Python\Python313\Lib\site-packages\starlette\routing.py", line 76, in app
    |     await wrap_app_handling_exceptions(app, request)(scope, receive, send)
    |   File "C:\Users\HP\AppData\Local\Programs\Python\Python313\Lib\site-packages\starlette\_exception_handler.py", line 53, in wrapped_app
    |     raise exc
    |   File "C:\Users\HP\AppData\Local\Programs\Python\Python313\Lib\site-packages\starlette\_exception_handler.py", line 42, in wrapped_app
    |     await app(scope, receive, sender)
    |   File "C:\Users\HP\AppData\Local\Programs\Python\Python313\Lib\site-packages\starlette\routing.py", line 73, in app
    |     response = await f(request)
    |                ^^^^^^^^^^^^^^^^
    |   File "C:\Users\HP\AppData\Local\Programs\Python\Python313\Lib\site-packages\fastapi\routing.py", line 291, in app
    |     solved_result = await solve_dependencies(
    |                     ^^^^^^^^^^^^^^^^^^^^^^^^^
    |     ...<6 lines>...
    |     )
    |     ^
    |   File "C:\Users\HP\AppData\Local\Programs\Python\Python313\Lib\site-packages\fastapi\dependencies\utils.py", line 638, in solve_dependencies
    |     solved = await call(**solved_result.values)
    |              ^^^^^^^^^^^^^^^^^^^^^^^^^^^^^^^^^^
    |   File "D:\Project\local-radar\backend\api\app\security\rate_limiter.py", line 43, in __call__
    |     is_blocked: Any = await asyncio.to_thread(redis_client.get, block_key)
    |                       ^^^^^^^^^^^^^^^^^^^^^^^^^^^^^^^^^^^^^^^^^^^^^^^^^^^^
    |   File "C:\Users\HP\AppData\Local\Programs\Python\Python313\Lib\asyncio\threads.py", line 25, in to_thread
    |     return await loop.run_in_executor(None, func_call)
    |            ^^^^^^^^^^^^^^^^^^^^^^^^^^^^^^^^^^^^^^^^^^^
    |   File "C:\Users\HP\AppData\Local\Programs\Python\Python313\Lib\concurrent\futures\thread.py", line 59, in run
    |     result = self.fn(*self.args, **self.kwargs)
    |   File "C:\Users\HP\AppData\Local\Programs\Python\Python313\Lib\site-packages\redis\commands\core.py", line 1822, in get
    |     return self.execute_command("GET", name, keys=[name])
    |            ~~~~~~~~~~~~~~~~~~~~^^^^^^^^^^^^^^^^^^^^^^^^^^
    |   File "C:\Users\HP\AppData\Local\Programs\Python\Python313\Lib\site-packages\redis\client.py", line 559, in execute_command
    |     return self._execute_command(*args, **options)
    |            ~~~~~~~~~~~~~~~~~~~~~^^^^^^^^^^^^^^^^^^
    |   File "C:\Users\HP\AppData\Local\Programs\Python\Python313\Lib\site-packages\redis\client.py", line 567, in _execute_command
    |     return conn.retry.call_with_retry(
    |            ~~~~~~~~~~~~~~~~~~~~~~~~~~^
    |         lambda: self._send_command_parse_response(
    |         ^^^^^^^^^^^^^^^^^^^^^^^^^^^^^^^^^^^^^^^^^^
    |     ...<2 lines>...
    |         lambda error: self._disconnect_raise(conn, error),
    |         ^^^^^^^^^^^^^^^^^^^^^^^^^^^^^^^^^^^^^^^^^^^^^^^^^^
    |     )
    |     ^
    |   File "C:\Users\HP\AppData\Local\Programs\Python\Python313\Lib\site-packages\redis\retry.py", line 65, in call_with_retry
    |     fail(error)
    |     ~~~~^^^^^^^
    |   File "C:\Users\HP\AppData\Local\Programs\Python\Python313\Lib\site-packages\redis\client.py", line 571, in <lambda>
    |     lambda error: self._disconnect_raise(conn, error),
    |                   ~~~~~~~~~~~~~~~~~~~~~~^^^^^^^^^^^^^
    |   File "C:\Users\HP\AppData\Local\Programs\Python\Python313\Lib\site-packages\redis\client.py", line 555, in _disconnect_raise
    |     raise error
    |   File "C:\Users\HP\AppData\Local\Programs\Python\Python313\Lib\site-packages\redis\retry.py", line 62, in call_with_retry
    |     return do()
    |   File "C:\Users\HP\AppData\Local\Programs\Python\Python313\Lib\site-packages\redis\client.py", line 568, in <lambda>
    |     lambda: self._send_command_parse_response(
    |             ~~~~~~~~~~~~~~~~~~~~~~~~~~~~~~~~~^
    |         conn, command_name, *args, **options
    |         ^^^^^^^^^^^^^^^^^^^^^^^^^^^^^^^^^^^^
    |     ),
    |     ^
    |   File "C:\Users\HP\AppData\Local\Programs\Python\Python313\Lib\site-packages\redis\client.py", line 542, in _send_command_parse_response
    |     return self.parse_response(conn, command_name, **options)
    |            ~~~~~~~~~~~~~~~~~~~^^^^^^^^^^^^^^^^^^^^^^^^^^^^^^^
    |   File "C:\Users\HP\AppData\Local\Programs\Python\Python313\Lib\site-packages\redis\client.py", line 584, in parse_response
    |     response = connection.read_response()
    |   File "C:\Users\HP\AppData\Local\Programs\Python\Python313\Lib\site-packages\redis\connection.py", line 592, in read_response
    |     response = self._parser.read_response(disable_decoding=disable_decoding)
    |   File "C:\Users\HP\AppData\Local\Programs\Python\Python313\Lib\site-packages\redis\_parsers\resp2.py", line 15, in read_response
    |     result = self._read_response(disable_decoding=disable_decoding)
    |   File "C:\Users\HP\AppData\Local\Programs\Python\Python313\Lib\site-packages\redis\_parsers\resp2.py", line 25, in _read_response
    |     raw = self._buffer.readline()
    |   File "C:\Users\HP\AppData\Local\Programs\Python\Python313\Lib\site-packages\redis\_parsers\socket.py", line 115, in readline
    |     self._read_from_socket()
    |     ~~~~~~~~~~~~~~~~~~~~~~^^
    |   File "C:\Users\HP\AppData\Local\Programs\Python\Python313\Lib\site-packages\redis\_parsers\socket.py", line 78, in _read_from_socket
    |     raise TimeoutError("Timeout reading from socket")
    | redis.exceptions.TimeoutError: Timeout reading from socket
    +------------------------------------

During handling of the above exception, another exception occurred:

Traceback (most recent call last):
  File "C:\Users\HP\AppData\Local\Programs\Python\Python313\Lib\site-packages\starlette\middleware\errors.py", line 165, in __call__
    await self.app(scope, receive, _send)
  File "C:\Users\HP\AppData\Local\Programs\Python\Python313\Lib\site-packages\starlette\middleware\cors.py", line 93, in __call__
    await self.simple_response(scope, receive, send, request_headers=headers)
  File "C:\Users\HP\AppData\Local\Programs\Python\Python313\Lib\site-packages\starlette\middleware\cors.py", line 144, in simple_response
    await self.app(scope, receive, send)
  File "C:\Users\HP\AppData\Local\Programs\Python\Python313\Lib\site-packages\starlette\middleware\base.py", line 177, in __call__
    with recv_stream, send_stream, collapse_excgroups():
                                   ~~~~~~~~~~~~~~~~~~^^
  File "C:\Users\HP\AppData\Local\Programs\Python\Python313\Lib\contextlib.py", line 162, in __exit__
    self.gen.throw(value)
    ~~~~~~~~~~~~~~^^^^^^^
  File "C:\Users\HP\AppData\Local\Programs\Python\Python313\Lib\site-packages\starlette\_utils.py", line 82, in collapse_excgroups
    raise exc
  File "C:\Users\HP\AppData\Local\Programs\Python\Python313\Lib\site-packages\starlette\middleware\base.py", line 179, in __call__
    response = await self.dispatch_func(request, call_next)
               ^^^^^^^^^^^^^^^^^^^^^^^^^^^^^^^^^^^^^^^^^^^^
  File "D:\Project\local-radar\backend\api\app\middleware\request_logger.py", line 26, in log_request
    response = await call_next(request)
               ^^^^^^^^^^^^^^^^^^^^^^^^
  File "C:\Users\HP\AppData\Local\Programs\Python\Python313\Lib\site-packages\starlette\middleware\base.py", line 154, in call_next
    raise app_exc
  File "C:\Users\HP\AppData\Local\Programs\Python\Python313\Lib\site-packages\starlette\middleware\base.py", line 141, in coro
    await self.app(scope, receive_or_disconnect, send_no_error)
  File "C:\Users\HP\AppData\Local\Programs\Python\Python313\Lib\site-packages\starlette\middleware\base.py", line 177, in __call__
    with recv_stream, send_stream, collapse_excgroups():
                                   ~~~~~~~~~~~~~~~~~~^^
  File "C:\Users\HP\AppData\Local\Programs\Python\Python313\Lib\contextlib.py", line 162, in __exit__
    self.gen.throw(value)
    ~~~~~~~~~~~~~~^^^^^^^
  File "C:\Users\HP\AppData\Local\Programs\Python\Python313\Lib\site-packages\starlette\_utils.py", line 82, in collapse_excgroups
    raise exc
  File "C:\Users\HP\AppData\Local\Programs\Python\Python313\Lib\site-packages\starlette\middleware\base.py", line 179, in __call__
    response = await self.dispatch_func(request, call_next)
               ^^^^^^^^^^^^^^^^^^^^^^^^^^^^^^^^^^^^^^^^^^^^
  File "D:\Project\local-radar\backend\api\app\middleware\header_validator.py", line 86, in header_validator
    response = await call_next(request)
               ^^^^^^^^^^^^^^^^^^^^^^^^
  File "C:\Users\HP\AppData\Local\Programs\Python\Python313\Lib\site-packages\starlette\middleware\base.py", line 154, in call_next
    raise app_exc
  File "C:\Users\HP\AppData\Local\Programs\Python\Python313\Lib\site-packages\starlette\middleware\base.py", line 141, in coro
    await self.app(scope, receive_or_disconnect, send_no_error)
  File "C:\Users\HP\AppData\Local\Programs\Python\Python313\Lib\site-packages\starlette\middleware\exceptions.py", line 62, in __call__
    await wrap_app_handling_exceptions(self.app, conn)(scope, receive, send)
  File "C:\Users\HP\AppData\Local\Programs\Python\Python313\Lib\site-packages\starlette\_exception_handler.py", line 53, in wrapped_app
    raise exc
  File "C:\Users\HP\AppData\Local\Programs\Python\Python313\Lib\site-packages\starlette\_exception_handler.py", line 42, in wrapped_app
    await app(scope, receive, sender)
  File "C:\Users\HP\AppData\Local\Programs\Python\Python313\Lib\site-packages\starlette\routing.py", line 715, in __call__
    await self.middleware_stack(scope, receive, send)
  File "C:\Users\HP\AppData\Local\Programs\Python\Python313\Lib\site-packages\starlette\routing.py", line 735, in app
    await route.handle(scope, receive, send)
  File "C:\Users\HP\AppData\Local\Programs\Python\Python313\Lib\site-packages\starlette\routing.py", line 288, in handle
    await self.app(scope, receive, send)
  File "C:\Users\HP\AppData\Local\Programs\Python\Python313\Lib\site-packages\starlette\routing.py", line 76, in app
    await wrap_app_handling_exceptions(app, request)(scope, receive, send)
  File "C:\Users\HP\AppData\Local\Programs\Python\Python313\Lib\site-packages\starlette\_exception_handler.py", line 53, in wrapped_app
    raise exc
  File "C:\Users\HP\AppData\Local\Programs\Python\Python313\Lib\site-packages\starlette\_exception_handler.py", line 42, in wrapped_app
    await app(scope, receive, sender)
  File "C:\Users\HP\AppData\Local\Programs\Python\Python313\Lib\site-packages\starlette\routing.py", line 73, in app
    response = await f(request)
               ^^^^^^^^^^^^^^^^
  File "C:\Users\HP\AppData\Local\Programs\Python\Python313\Lib\site-packages\fastapi\routing.py", line 291, in app
    solved_result = await solve_dependencies(
                    ^^^^^^^^^^^^^^^^^^^^^^^^^
    ...<6 lines>...
    )
    ^
  File "C:\Users\HP\AppData\Local\Programs\Python\Python313\Lib\site-packages\fastapi\dependencies\utils.py", line 638, in solve_dependencies
    solved = await call(**solved_result.values)
             ^^^^^^^^^^^^^^^^^^^^^^^^^^^^^^^^^^
  File "D:\Project\local-radar\backend\api\app\security\rate_limiter.py", line 43, in __call__
    is_blocked: Any = await asyncio.to_thread(redis_client.get, block_key)
                      ^^^^^^^^^^^^^^^^^^^^^^^^^^^^^^^^^^^^^^^^^^^^^^^^^^^^
  File "C:\Users\HP\AppData\Local\Programs\Python\Python313\Lib\asyncio\threads.py", line 25, in to_thread
    return await loop.run_in_executor(None, func_call)
           ^^^^^^^^^^^^^^^^^^^^^^^^^^^^^^^^^^^^^^^^^^^
  File "C:\Users\HP\AppData\Local\Programs\Python\Python313\Lib\concurrent\futures\thread.py", line 59, in run
    result = self.fn(*self.args, **self.kwargs)
  File "C:\Users\HP\AppData\Local\Programs\Python\Python313\Lib\site-packages\redis\commands\core.py", line 1822, in get
    return self.execute_command("GET", name, keys=[name])
           ~~~~~~~~~~~~~~~~~~~~^^^^^^^^^^^^^^^^^^^^^^^^^^
  File "C:\Users\HP\AppData\Local\Programs\Python\Python313\Lib\site-packages\redis\client.py", line 559, in execute_command
    return self._execute_command(*args, **options)
           ~~~~~~~~~~~~~~~~~~~~~^^^^^^^^^^^^^^^^^^
  File "C:\Users\HP\AppData\Local\Programs\Python\Python313\Lib\site-packages\redis\client.py", line 567, in _execute_command
    return conn.retry.call_with_retry(
           ~~~~~~~~~~~~~~~~~~~~~~~~~~^
        lambda: self._send_command_parse_response(
        ^^^^^^^^^^^^^^^^^^^^^^^^^^^^^^^^^^^^^^^^^^
    ...<2 lines>...
        lambda error: self._disconnect_raise(conn, error),
        ^^^^^^^^^^^^^^^^^^^^^^^^^^^^^^^^^^^^^^^^^^^^^^^^^^
    )
    ^
  File "C:\Users\HP\AppData\Local\Programs\Python\Python313\Lib\site-packages\redis\retry.py", line 65, in call_with_retry
    fail(error)
    ~~~~^^^^^^^
  File "C:\Users\HP\AppData\Local\Programs\Python\Python313\Lib\site-packages\redis\client.py", line 571, in <lambda>
    lambda error: self._disconnect_raise(conn, error),
                  ~~~~~~~~~~~~~~~~~~~~~~^^^^^^^^^^^^^
  File "C:\Users\HP\AppData\Local\Programs\Python\Python313\Lib\site-packages\redis\client.py", line 555, in _disconnect_raise
    raise error
  File "C:\Users\HP\AppData\Local\Programs\Python\Python313\Lib\site-packages\redis\retry.py", line 62, in call_with_retry
    return do()
  File "C:\Users\HP\AppData\Local\Programs\Python\Python313\Lib\site-packages\redis\client.py", line 568, in <lambda>
    lambda: self._send_command_parse_response(
            ~~~~~~~~~~~~~~~~~~~~~~~~~~~~~~~~~^
        conn, command_name, *args, **options
        ^^^^^^^^^^^^^^^^^^^^^^^^^^^^^^^^^^^^
    ),
    ^
  File "C:\Users\HP\AppData\Local\Programs\Python\Python313\Lib\site-packages\redis\client.py", line 542, in _send_command_parse_response
    return self.parse_response(conn, command_name, **options)
           ~~~~~~~~~~~~~~~~~~~^^^^^^^^^^^^^^^^^^^^^^^^^^^^^^^
  File "C:\Users\HP\AppData\Local\Programs\Python\Python313\Lib\site-packages\redis\client.py", line 584, in parse_response
    response = connection.read_response()
  File "C:\Users\HP\AppData\Local\Programs\Python\Python313\Lib\site-packages\redis\connection.py", line 592, in read_response
    response = self._parser.read_response(disable_decoding=disable_decoding)
  File "C:\Users\HP\AppData\Local\Programs\Python\Python313\Lib\site-packages\redis\_parsers\resp2.py", line 15, in read_response
    result = self._read_response(disable_decoding=disable_decoding)
  File "C:\Users\HP\AppData\Local\Programs\Python\Python313\Lib\site-packages\redis\_parsers\resp2.py", line 25, in _read_response
    raw = self._buffer.readline()
  File "C:\Users\HP\AppData\Local\Programs\Python\Python313\Lib\site-packages\redis\_parsers\socket.py", line 115, in readline
    self._read_from_socket()
    ~~~~~~~~~~~~~~~~~~~~~~^^
  File "C:\Users\HP\AppData\Local\Programs\Python\Python313\Lib\site-packages\redis\_parsers\socket.py", line 78, in _read_from_socket
    raise TimeoutError("Timeout reading from socket")
redis.exceptions.TimeoutError: Timeout reading from socket
2025-04-05 22:46:05 - scraper_api - ERROR - Unhandled exception occurred:
  + Exception Group Traceback (most recent call last):
  |   File "C:\Users\HP\AppData\Local\Programs\Python\Python313\Lib\site-packages\starlette\_utils.py", line 76, in collapse_excgroups
  |     yield
  |   File "C:\Users\HP\AppData\Local\Programs\Python\Python313\Lib\site-packages\starlette\middleware\base.py", line 178, in __call__
  |     async with anyio.create_task_group() as task_group:
  |                ~~~~~~~~~~~~~~~~~~~~~~~^^
  |   File "C:\Users\HP\AppData\Local\Programs\Python\Python313\Lib\site-packages\anyio\_backends\_asyncio.py", line 736, in __aexit__
  |     raise BaseExceptionGroup(
  |         "unhandled errors in a TaskGroup", self._exceptions
  |     )
  | ExceptionGroup: unhandled errors in a TaskGroup (1 sub-exception)
  +-+---------------- 1 ----------------
    | Traceback (most recent call last):
    |   File "C:\Users\HP\AppData\Local\Programs\Python\Python313\Lib\site-packages\starlette\middleware\errors.py", line 165, in __call__
    |     await self.app(scope, receive, _send)
    |   File "C:\Users\HP\AppData\Local\Programs\Python\Python313\Lib\site-packages\starlette\middleware\cors.py", line 93, in __call__
    |     await self.simple_response(scope, receive, send, request_headers=headers)
    |   File "C:\Users\HP\AppData\Local\Programs\Python\Python313\Lib\site-packages\starlette\middleware\cors.py", line 144, in simple_response
    |     await self.app(scope, receive, send)
    |   File "C:\Users\HP\AppData\Local\Programs\Python\Python313\Lib\site-packages\starlette\middleware\base.py", line 177, in __call__
    |     with recv_stream, send_stream, collapse_excgroups():
    |                                    ~~~~~~~~~~~~~~~~~~^^
    |   File "C:\Users\HP\AppData\Local\Programs\Python\Python313\Lib\contextlib.py", line 162, in __exit__
    |     self.gen.throw(value)
    |     ~~~~~~~~~~~~~~^^^^^^^
    |   File "C:\Users\HP\AppData\Local\Programs\Python\Python313\Lib\site-packages\starlette\_utils.py", line 82, in collapse_excgroups
    |     raise exc
    |   File "C:\Users\HP\AppData\Local\Programs\Python\Python313\Lib\site-packages\starlette\middleware\base.py", line 179, in __call__
    |     response = await self.dispatch_func(request, call_next)
    |                ^^^^^^^^^^^^^^^^^^^^^^^^^^^^^^^^^^^^^^^^^^^^
    |   File "D:\Project\local-radar\backend\api\app\middleware\request_logger.py", line 26, in log_request
    |     response = await call_next(request)
    |                ^^^^^^^^^^^^^^^^^^^^^^^^
    |   File "C:\Users\HP\AppData\Local\Programs\Python\Python313\Lib\site-packages\starlette\middleware\base.py", line 154, in call_next
    |     raise app_exc
    |   File "C:\Users\HP\AppData\Local\Programs\Python\Python313\Lib\site-packages\starlette\middleware\base.py", line 141, in coro
    |     await self.app(scope, receive_or_disconnect, send_no_error)
    |   File "C:\Users\HP\AppData\Local\Programs\Python\Python313\Lib\site-packages\starlette\middleware\base.py", line 177, in __call__
    |     with recv_stream, send_stream, collapse_excgroups():
    |                                    ~~~~~~~~~~~~~~~~~~^^
    |   File "C:\Users\HP\AppData\Local\Programs\Python\Python313\Lib\contextlib.py", line 162, in __exit__
    |     self.gen.throw(value)
    |     ~~~~~~~~~~~~~~^^^^^^^
    |   File "C:\Users\HP\AppData\Local\Programs\Python\Python313\Lib\site-packages\starlette\_utils.py", line 82, in collapse_excgroups
    |     raise exc
    |   File "C:\Users\HP\AppData\Local\Programs\Python\Python313\Lib\site-packages\starlette\middleware\base.py", line 179, in __call__
    |     response = await self.dispatch_func(request, call_next)
    |                ^^^^^^^^^^^^^^^^^^^^^^^^^^^^^^^^^^^^^^^^^^^^
    |   File "D:\Project\local-radar\backend\api\app\middleware\header_validator.py", line 86, in header_validator
    |     response = await call_next(request)
    |                ^^^^^^^^^^^^^^^^^^^^^^^^
    |   File "C:\Users\HP\AppData\Local\Programs\Python\Python313\Lib\site-packages\starlette\middleware\base.py", line 154, in call_next
    |     raise app_exc
    |   File "C:\Users\HP\AppData\Local\Programs\Python\Python313\Lib\site-packages\starlette\middleware\base.py", line 141, in coro
    |     await self.app(scope, receive_or_disconnect, send_no_error)
    |   File "C:\Users\HP\AppData\Local\Programs\Python\Python313\Lib\site-packages\starlette\middleware\exceptions.py", line 62, in __call__
    |     await wrap_app_handling_exceptions(self.app, conn)(scope, receive, send)
    |   File "C:\Users\HP\AppData\Local\Programs\Python\Python313\Lib\site-packages\starlette\_exception_handler.py", line 53, in wrapped_app
    |     raise exc
    |   File "C:\Users\HP\AppData\Local\Programs\Python\Python313\Lib\site-packages\starlette\_exception_handler.py", line 42, in wrapped_app
    |     await app(scope, receive, sender)
    |   File "C:\Users\HP\AppData\Local\Programs\Python\Python313\Lib\site-packages\starlette\routing.py", line 715, in __call__
    |     await self.middleware_stack(scope, receive, send)
    |   File "C:\Users\HP\AppData\Local\Programs\Python\Python313\Lib\site-packages\starlette\routing.py", line 735, in app
    |     await route.handle(scope, receive, send)
    |   File "C:\Users\HP\AppData\Local\Programs\Python\Python313\Lib\site-packages\starlette\routing.py", line 288, in handle
    |     await self.app(scope, receive, send)
    |   File "C:\Users\HP\AppData\Local\Programs\Python\Python313\Lib\site-packages\starlette\routing.py", line 76, in app
    |     await wrap_app_handling_exceptions(app, request)(scope, receive, send)
    |   File "C:\Users\HP\AppData\Local\Programs\Python\Python313\Lib\site-packages\starlette\_exception_handler.py", line 53, in wrapped_app
    |     raise exc
    |   File "C:\Users\HP\AppData\Local\Programs\Python\Python313\Lib\site-packages\starlette\_exception_handler.py", line 42, in wrapped_app
    |     await app(scope, receive, sender)
    |   File "C:\Users\HP\AppData\Local\Programs\Python\Python313\Lib\site-packages\starlette\routing.py", line 73, in app
    |     response = await f(request)
    |                ^^^^^^^^^^^^^^^^
    |   File "C:\Users\HP\AppData\Local\Programs\Python\Python313\Lib\site-packages\fastapi\routing.py", line 291, in app
    |     solved_result = await solve_dependencies(
    |                     ^^^^^^^^^^^^^^^^^^^^^^^^^
    |     ...<6 lines>...
    |     )
    |     ^
    |   File "C:\Users\HP\AppData\Local\Programs\Python\Python313\Lib\site-packages\fastapi\dependencies\utils.py", line 638, in solve_dependencies
    |     solved = await call(**solved_result.values)
    |              ^^^^^^^^^^^^^^^^^^^^^^^^^^^^^^^^^^
    |   File "D:\Project\local-radar\backend\api\app\security\rate_limiter.py", line 43, in __call__
    |     is_blocked: Any = await asyncio.to_thread(redis_client.get, block_key)
    |                       ^^^^^^^^^^^^^^^^^^^^^^^^^^^^^^^^^^^^^^^^^^^^^^^^^^^^
    |   File "C:\Users\HP\AppData\Local\Programs\Python\Python313\Lib\asyncio\threads.py", line 25, in to_thread
    |     return await loop.run_in_executor(None, func_call)
    |            ^^^^^^^^^^^^^^^^^^^^^^^^^^^^^^^^^^^^^^^^^^^
    |   File "C:\Users\HP\AppData\Local\Programs\Python\Python313\Lib\concurrent\futures\thread.py", line 59, in run
    |     result = self.fn(*self.args, **self.kwargs)
    |   File "C:\Users\HP\AppData\Local\Programs\Python\Python313\Lib\site-packages\redis\commands\core.py", line 1822, in get
    |     return self.execute_command("GET", name, keys=[name])
    |            ~~~~~~~~~~~~~~~~~~~~^^^^^^^^^^^^^^^^^^^^^^^^^^
    |   File "C:\Users\HP\AppData\Local\Programs\Python\Python313\Lib\site-packages\redis\client.py", line 559, in execute_command
    |     return self._execute_command(*args, **options)
    |            ~~~~~~~~~~~~~~~~~~~~~^^^^^^^^^^^^^^^^^^
    |   File "C:\Users\HP\AppData\Local\Programs\Python\Python313\Lib\site-packages\redis\client.py", line 567, in _execute_command
    |     return conn.retry.call_with_retry(
    |            ~~~~~~~~~~~~~~~~~~~~~~~~~~^
    |         lambda: self._send_command_parse_response(
    |         ^^^^^^^^^^^^^^^^^^^^^^^^^^^^^^^^^^^^^^^^^^
    |     ...<2 lines>...
    |         lambda error: self._disconnect_raise(conn, error),
    |         ^^^^^^^^^^^^^^^^^^^^^^^^^^^^^^^^^^^^^^^^^^^^^^^^^^
    |     )
    |     ^
    |   File "C:\Users\HP\AppData\Local\Programs\Python\Python313\Lib\site-packages\redis\retry.py", line 65, in call_with_retry
    |     fail(error)
    |     ~~~~^^^^^^^
    |   File "C:\Users\HP\AppData\Local\Programs\Python\Python313\Lib\site-packages\redis\client.py", line 571, in <lambda>
    |     lambda error: self._disconnect_raise(conn, error),
    |                   ~~~~~~~~~~~~~~~~~~~~~~^^^^^^^^^^^^^
    |   File "C:\Users\HP\AppData\Local\Programs\Python\Python313\Lib\site-packages\redis\client.py", line 555, in _disconnect_raise
    |     raise error
    |   File "C:\Users\HP\AppData\Local\Programs\Python\Python313\Lib\site-packages\redis\retry.py", line 62, in call_with_retry
    |     return do()
    |   File "C:\Users\HP\AppData\Local\Programs\Python\Python313\Lib\site-packages\redis\client.py", line 568, in <lambda>
    |     lambda: self._send_command_parse_response(
    |             ~~~~~~~~~~~~~~~~~~~~~~~~~~~~~~~~~^
    |         conn, command_name, *args, **options
    |         ^^^^^^^^^^^^^^^^^^^^^^^^^^^^^^^^^^^^
    |     ),
    |     ^
    |   File "C:\Users\HP\AppData\Local\Programs\Python\Python313\Lib\site-packages\redis\client.py", line 542, in _send_command_parse_response
    |     return self.parse_response(conn, command_name, **options)
    |            ~~~~~~~~~~~~~~~~~~~^^^^^^^^^^^^^^^^^^^^^^^^^^^^^^^
    |   File "C:\Users\HP\AppData\Local\Programs\Python\Python313\Lib\site-packages\redis\client.py", line 584, in parse_response
    |     response = connection.read_response()
    |   File "C:\Users\HP\AppData\Local\Programs\Python\Python313\Lib\site-packages\redis\connection.py", line 592, in read_response
    |     response = self._parser.read_response(disable_decoding=disable_decoding)
    |   File "C:\Users\HP\AppData\Local\Programs\Python\Python313\Lib\site-packages\redis\_parsers\resp2.py", line 15, in read_response
    |     result = self._read_response(disable_decoding=disable_decoding)
    |   File "C:\Users\HP\AppData\Local\Programs\Python\Python313\Lib\site-packages\redis\_parsers\resp2.py", line 25, in _read_response
    |     raw = self._buffer.readline()
    |   File "C:\Users\HP\AppData\Local\Programs\Python\Python313\Lib\site-packages\redis\_parsers\socket.py", line 115, in readline
    |     self._read_from_socket()
    |     ~~~~~~~~~~~~~~~~~~~~~~^^
    |   File "C:\Users\HP\AppData\Local\Programs\Python\Python313\Lib\site-packages\redis\_parsers\socket.py", line 78, in _read_from_socket
    |     raise TimeoutError("Timeout reading from socket")
    | redis.exceptions.TimeoutError: Timeout reading from socket
    +------------------------------------

During handling of the above exception, another exception occurred:

Traceback (most recent call last):
  File "C:\Users\HP\AppData\Local\Programs\Python\Python313\Lib\site-packages\starlette\middleware\errors.py", line 165, in __call__
    await self.app(scope, receive, _send)
  File "C:\Users\HP\AppData\Local\Programs\Python\Python313\Lib\site-packages\starlette\middleware\cors.py", line 93, in __call__
    await self.simple_response(scope, receive, send, request_headers=headers)
  File "C:\Users\HP\AppData\Local\Programs\Python\Python313\Lib\site-packages\starlette\middleware\cors.py", line 144, in simple_response
    await self.app(scope, receive, send)
  File "C:\Users\HP\AppData\Local\Programs\Python\Python313\Lib\site-packages\starlette\middleware\base.py", line 177, in __call__
    with recv_stream, send_stream, collapse_excgroups():
                                   ~~~~~~~~~~~~~~~~~~^^
  File "C:\Users\HP\AppData\Local\Programs\Python\Python313\Lib\contextlib.py", line 162, in __exit__
    self.gen.throw(value)
    ~~~~~~~~~~~~~~^^^^^^^
  File "C:\Users\HP\AppData\Local\Programs\Python\Python313\Lib\site-packages\starlette\_utils.py", line 82, in collapse_excgroups
    raise exc
  File "C:\Users\HP\AppData\Local\Programs\Python\Python313\Lib\site-packages\starlette\middleware\base.py", line 179, in __call__
    response = await self.dispatch_func(request, call_next)
               ^^^^^^^^^^^^^^^^^^^^^^^^^^^^^^^^^^^^^^^^^^^^
  File "D:\Project\local-radar\backend\api\app\middleware\request_logger.py", line 26, in log_request
    response = await call_next(request)
               ^^^^^^^^^^^^^^^^^^^^^^^^
  File "C:\Users\HP\AppData\Local\Programs\Python\Python313\Lib\site-packages\starlette\middleware\base.py", line 154, in call_next
    raise app_exc
  File "C:\Users\HP\AppData\Local\Programs\Python\Python313\Lib\site-packages\starlette\middleware\base.py", line 141, in coro
    await self.app(scope, receive_or_disconnect, send_no_error)
  File "C:\Users\HP\AppData\Local\Programs\Python\Python313\Lib\site-packages\starlette\middleware\base.py", line 177, in __call__
    with recv_stream, send_stream, collapse_excgroups():
                                   ~~~~~~~~~~~~~~~~~~^^
  File "C:\Users\HP\AppData\Local\Programs\Python\Python313\Lib\contextlib.py", line 162, in __exit__
    self.gen.throw(value)
    ~~~~~~~~~~~~~~^^^^^^^
  File "C:\Users\HP\AppData\Local\Programs\Python\Python313\Lib\site-packages\starlette\_utils.py", line 82, in collapse_excgroups
    raise exc
  File "C:\Users\HP\AppData\Local\Programs\Python\Python313\Lib\site-packages\starlette\middleware\base.py", line 179, in __call__
    response = await self.dispatch_func(request, call_next)
               ^^^^^^^^^^^^^^^^^^^^^^^^^^^^^^^^^^^^^^^^^^^^
  File "D:\Project\local-radar\backend\api\app\middleware\header_validator.py", line 86, in header_validator
    response = await call_next(request)
               ^^^^^^^^^^^^^^^^^^^^^^^^
  File "C:\Users\HP\AppData\Local\Programs\Python\Python313\Lib\site-packages\starlette\middleware\base.py", line 154, in call_next
    raise app_exc
  File "C:\Users\HP\AppData\Local\Programs\Python\Python313\Lib\site-packages\starlette\middleware\base.py", line 141, in coro
    await self.app(scope, receive_or_disconnect, send_no_error)
  File "C:\Users\HP\AppData\Local\Programs\Python\Python313\Lib\site-packages\starlette\middleware\exceptions.py", line 62, in __call__
    await wrap_app_handling_exceptions(self.app, conn)(scope, receive, send)
  File "C:\Users\HP\AppData\Local\Programs\Python\Python313\Lib\site-packages\starlette\_exception_handler.py", line 53, in wrapped_app
    raise exc
  File "C:\Users\HP\AppData\Local\Programs\Python\Python313\Lib\site-packages\starlette\_exception_handler.py", line 42, in wrapped_app
    await app(scope, receive, sender)
  File "C:\Users\HP\AppData\Local\Programs\Python\Python313\Lib\site-packages\starlette\routing.py", line 715, in __call__
    await self.middleware_stack(scope, receive, send)
  File "C:\Users\HP\AppData\Local\Programs\Python\Python313\Lib\site-packages\starlette\routing.py", line 735, in app
    await route.handle(scope, receive, send)
  File "C:\Users\HP\AppData\Local\Programs\Python\Python313\Lib\site-packages\starlette\routing.py", line 288, in handle
    await self.app(scope, receive, send)
  File "C:\Users\HP\AppData\Local\Programs\Python\Python313\Lib\site-packages\starlette\routing.py", line 76, in app
    await wrap_app_handling_exceptions(app, request)(scope, receive, send)
  File "C:\Users\HP\AppData\Local\Programs\Python\Python313\Lib\site-packages\starlette\_exception_handler.py", line 53, in wrapped_app
    raise exc
  File "C:\Users\HP\AppData\Local\Programs\Python\Python313\Lib\site-packages\starlette\_exception_handler.py", line 42, in wrapped_app
    await app(scope, receive, sender)
  File "C:\Users\HP\AppData\Local\Programs\Python\Python313\Lib\site-packages\starlette\routing.py", line 73, in app
    response = await f(request)
               ^^^^^^^^^^^^^^^^
  File "C:\Users\HP\AppData\Local\Programs\Python\Python313\Lib\site-packages\fastapi\routing.py", line 291, in app
    solved_result = await solve_dependencies(
                    ^^^^^^^^^^^^^^^^^^^^^^^^^
    ...<6 lines>...
    )
    ^
  File "C:\Users\HP\AppData\Local\Programs\Python\Python313\Lib\site-packages\fastapi\dependencies\utils.py", line 638, in solve_dependencies
    solved = await call(**solved_result.values)
             ^^^^^^^^^^^^^^^^^^^^^^^^^^^^^^^^^^
  File "D:\Project\local-radar\backend\api\app\security\rate_limiter.py", line 43, in __call__
    is_blocked: Any = await asyncio.to_thread(redis_client.get, block_key)
                      ^^^^^^^^^^^^^^^^^^^^^^^^^^^^^^^^^^^^^^^^^^^^^^^^^^^^
  File "C:\Users\HP\AppData\Local\Programs\Python\Python313\Lib\asyncio\threads.py", line 25, in to_thread
    return await loop.run_in_executor(None, func_call)
           ^^^^^^^^^^^^^^^^^^^^^^^^^^^^^^^^^^^^^^^^^^^
  File "C:\Users\HP\AppData\Local\Programs\Python\Python313\Lib\concurrent\futures\thread.py", line 59, in run
    result = self.fn(*self.args, **self.kwargs)
  File "C:\Users\HP\AppData\Local\Programs\Python\Python313\Lib\site-packages\redis\commands\core.py", line 1822, in get
    return self.execute_command("GET", name, keys=[name])
           ~~~~~~~~~~~~~~~~~~~~^^^^^^^^^^^^^^^^^^^^^^^^^^
  File "C:\Users\HP\AppData\Local\Programs\Python\Python313\Lib\site-packages\redis\client.py", line 559, in execute_command
    return self._execute_command(*args, **options)
           ~~~~~~~~~~~~~~~~~~~~~^^^^^^^^^^^^^^^^^^
  File "C:\Users\HP\AppData\Local\Programs\Python\Python313\Lib\site-packages\redis\client.py", line 567, in _execute_command
    return conn.retry.call_with_retry(
           ~~~~~~~~~~~~~~~~~~~~~~~~~~^
        lambda: self._send_command_parse_response(
        ^^^^^^^^^^^^^^^^^^^^^^^^^^^^^^^^^^^^^^^^^^
    ...<2 lines>...
        lambda error: self._disconnect_raise(conn, error),
        ^^^^^^^^^^^^^^^^^^^^^^^^^^^^^^^^^^^^^^^^^^^^^^^^^^
    )
    ^
  File "C:\Users\HP\AppData\Local\Programs\Python\Python313\Lib\site-packages\redis\retry.py", line 65, in call_with_retry
    fail(error)
    ~~~~^^^^^^^
  File "C:\Users\HP\AppData\Local\Programs\Python\Python313\Lib\site-packages\redis\client.py", line 571, in <lambda>
    lambda error: self._disconnect_raise(conn, error),
                  ~~~~~~~~~~~~~~~~~~~~~~^^^^^^^^^^^^^
  File "C:\Users\HP\AppData\Local\Programs\Python\Python313\Lib\site-packages\redis\client.py", line 555, in _disconnect_raise
    raise error
  File "C:\Users\HP\AppData\Local\Programs\Python\Python313\Lib\site-packages\redis\retry.py", line 62, in call_with_retry
    return do()
  File "C:\Users\HP\AppData\Local\Programs\Python\Python313\Lib\site-packages\redis\client.py", line 568, in <lambda>
    lambda: self._send_command_parse_response(
            ~~~~~~~~~~~~~~~~~~~~~~~~~~~~~~~~~^
        conn, command_name, *args, **options
        ^^^^^^^^^^^^^^^^^^^^^^^^^^^^^^^^^^^^
    ),
    ^
  File "C:\Users\HP\AppData\Local\Programs\Python\Python313\Lib\site-packages\redis\client.py", line 542, in _send_command_parse_response
    return self.parse_response(conn, command_name, **options)
           ~~~~~~~~~~~~~~~~~~~^^^^^^^^^^^^^^^^^^^^^^^^^^^^^^^
  File "C:\Users\HP\AppData\Local\Programs\Python\Python313\Lib\site-packages\redis\client.py", line 584, in parse_response
    response = connection.read_response()
  File "C:\Users\HP\AppData\Local\Programs\Python\Python313\Lib\site-packages\redis\connection.py", line 592, in read_response
    response = self._parser.read_response(disable_decoding=disable_decoding)
  File "C:\Users\HP\AppData\Local\Programs\Python\Python313\Lib\site-packages\redis\_parsers\resp2.py", line 15, in read_response
    result = self._read_response(disable_decoding=disable_decoding)
  File "C:\Users\HP\AppData\Local\Programs\Python\Python313\Lib\site-packages\redis\_parsers\resp2.py", line 25, in _read_response
    raw = self._buffer.readline()
  File "C:\Users\HP\AppData\Local\Programs\Python\Python313\Lib\site-packages\redis\_parsers\socket.py", line 115, in readline
    self._read_from_socket()
    ~~~~~~~~~~~~~~~~~~~~~~^^
  File "C:\Users\HP\AppData\Local\Programs\Python\Python313\Lib\site-packages\redis\_parsers\socket.py", line 78, in _read_from_socket
    raise TimeoutError("Timeout reading from socket")
redis.exceptions.TimeoutError: Timeout reading from socket
2025-04-05 22:46:08 - scraper_api - ERROR - Unhandled exception occurred:
  + Exception Group Traceback (most recent call last):
  |   File "C:\Users\HP\AppData\Local\Programs\Python\Python313\Lib\site-packages\starlette\_utils.py", line 76, in collapse_excgroups
  |     yield
  |   File "C:\Users\HP\AppData\Local\Programs\Python\Python313\Lib\site-packages\starlette\middleware\base.py", line 178, in __call__
  |     async with anyio.create_task_group() as task_group:
  |                ~~~~~~~~~~~~~~~~~~~~~~~^^
  |   File "C:\Users\HP\AppData\Local\Programs\Python\Python313\Lib\site-packages\anyio\_backends\_asyncio.py", line 736, in __aexit__
  |     raise BaseExceptionGroup(
  |         "unhandled errors in a TaskGroup", self._exceptions
  |     )
  | ExceptionGroup: unhandled errors in a TaskGroup (1 sub-exception)
  +-+---------------- 1 ----------------
    | Traceback (most recent call last):
    |   File "C:\Users\HP\AppData\Local\Programs\Python\Python313\Lib\site-packages\starlette\middleware\errors.py", line 165, in __call__
    |     await self.app(scope, receive, _send)
    |   File "C:\Users\HP\AppData\Local\Programs\Python\Python313\Lib\site-packages\starlette\middleware\cors.py", line 93, in __call__
    |     await self.simple_response(scope, receive, send, request_headers=headers)
    |   File "C:\Users\HP\AppData\Local\Programs\Python\Python313\Lib\site-packages\starlette\middleware\cors.py", line 144, in simple_response
    |     await self.app(scope, receive, send)
    |   File "C:\Users\HP\AppData\Local\Programs\Python\Python313\Lib\site-packages\starlette\middleware\base.py", line 177, in __call__
    |     with recv_stream, send_stream, collapse_excgroups():
    |                                    ~~~~~~~~~~~~~~~~~~^^
    |   File "C:\Users\HP\AppData\Local\Programs\Python\Python313\Lib\contextlib.py", line 162, in __exit__
    |     self.gen.throw(value)
    |     ~~~~~~~~~~~~~~^^^^^^^
    |   File "C:\Users\HP\AppData\Local\Programs\Python\Python313\Lib\site-packages\starlette\_utils.py", line 82, in collapse_excgroups
    |     raise exc
    |   File "C:\Users\HP\AppData\Local\Programs\Python\Python313\Lib\site-packages\starlette\middleware\base.py", line 179, in __call__
    |     response = await self.dispatch_func(request, call_next)
    |                ^^^^^^^^^^^^^^^^^^^^^^^^^^^^^^^^^^^^^^^^^^^^
    |   File "D:\Project\local-radar\backend\api\app\middleware\request_logger.py", line 26, in log_request
    |     response = await call_next(request)
    |                ^^^^^^^^^^^^^^^^^^^^^^^^
    |   File "C:\Users\HP\AppData\Local\Programs\Python\Python313\Lib\site-packages\starlette\middleware\base.py", line 154, in call_next
    |     raise app_exc
    |   File "C:\Users\HP\AppData\Local\Programs\Python\Python313\Lib\site-packages\starlette\middleware\base.py", line 141, in coro
    |     await self.app(scope, receive_or_disconnect, send_no_error)
    |   File "C:\Users\HP\AppData\Local\Programs\Python\Python313\Lib\site-packages\starlette\middleware\base.py", line 177, in __call__
    |     with recv_stream, send_stream, collapse_excgroups():
    |                                    ~~~~~~~~~~~~~~~~~~^^
    |   File "C:\Users\HP\AppData\Local\Programs\Python\Python313\Lib\contextlib.py", line 162, in __exit__
    |     self.gen.throw(value)
    |     ~~~~~~~~~~~~~~^^^^^^^
    |   File "C:\Users\HP\AppData\Local\Programs\Python\Python313\Lib\site-packages\starlette\_utils.py", line 82, in collapse_excgroups
    |     raise exc
    |   File "C:\Users\HP\AppData\Local\Programs\Python\Python313\Lib\site-packages\starlette\middleware\base.py", line 179, in __call__
    |     response = await self.dispatch_func(request, call_next)
    |                ^^^^^^^^^^^^^^^^^^^^^^^^^^^^^^^^^^^^^^^^^^^^
    |   File "D:\Project\local-radar\backend\api\app\middleware\header_validator.py", line 86, in header_validator
    |     response = await call_next(request)
    |                ^^^^^^^^^^^^^^^^^^^^^^^^
    |   File "C:\Users\HP\AppData\Local\Programs\Python\Python313\Lib\site-packages\starlette\middleware\base.py", line 154, in call_next
    |     raise app_exc
    |   File "C:\Users\HP\AppData\Local\Programs\Python\Python313\Lib\site-packages\starlette\middleware\base.py", line 141, in coro
    |     await self.app(scope, receive_or_disconnect, send_no_error)
    |   File "C:\Users\HP\AppData\Local\Programs\Python\Python313\Lib\site-packages\starlette\middleware\exceptions.py", line 62, in __call__
    |     await wrap_app_handling_exceptions(self.app, conn)(scope, receive, send)
    |   File "C:\Users\HP\AppData\Local\Programs\Python\Python313\Lib\site-packages\starlette\_exception_handler.py", line 53, in wrapped_app
    |     raise exc
    |   File "C:\Users\HP\AppData\Local\Programs\Python\Python313\Lib\site-packages\starlette\_exception_handler.py", line 42, in wrapped_app
    |     await app(scope, receive, sender)
    |   File "C:\Users\HP\AppData\Local\Programs\Python\Python313\Lib\site-packages\starlette\routing.py", line 715, in __call__
    |     await self.middleware_stack(scope, receive, send)
    |   File "C:\Users\HP\AppData\Local\Programs\Python\Python313\Lib\site-packages\starlette\routing.py", line 735, in app
    |     await route.handle(scope, receive, send)
    |   File "C:\Users\HP\AppData\Local\Programs\Python\Python313\Lib\site-packages\starlette\routing.py", line 288, in handle
    |     await self.app(scope, receive, send)
    |   File "C:\Users\HP\AppData\Local\Programs\Python\Python313\Lib\site-packages\starlette\routing.py", line 76, in app
    |     await wrap_app_handling_exceptions(app, request)(scope, receive, send)
    |   File "C:\Users\HP\AppData\Local\Programs\Python\Python313\Lib\site-packages\starlette\_exception_handler.py", line 53, in wrapped_app
    |     raise exc
    |   File "C:\Users\HP\AppData\Local\Programs\Python\Python313\Lib\site-packages\starlette\_exception_handler.py", line 42, in wrapped_app
    |     await app(scope, receive, sender)
    |   File "C:\Users\HP\AppData\Local\Programs\Python\Python313\Lib\site-packages\starlette\routing.py", line 73, in app
    |     response = await f(request)
    |                ^^^^^^^^^^^^^^^^
    |   File "C:\Users\HP\AppData\Local\Programs\Python\Python313\Lib\site-packages\fastapi\routing.py", line 291, in app
    |     solved_result = await solve_dependencies(
    |                     ^^^^^^^^^^^^^^^^^^^^^^^^^
    |     ...<6 lines>...
    |     )
    |     ^
    |   File "C:\Users\HP\AppData\Local\Programs\Python\Python313\Lib\site-packages\fastapi\dependencies\utils.py", line 638, in solve_dependencies
    |     solved = await call(**solved_result.values)
    |              ^^^^^^^^^^^^^^^^^^^^^^^^^^^^^^^^^^
    |   File "D:\Project\local-radar\backend\api\app\security\rate_limiter.py", line 43, in __call__
    |     is_blocked: Any = await asyncio.to_thread(redis_client.get, block_key)
    |                       ^^^^^^^^^^^^^^^^^^^^^^^^^^^^^^^^^^^^^^^^^^^^^^^^^^^^
    |   File "C:\Users\HP\AppData\Local\Programs\Python\Python313\Lib\asyncio\threads.py", line 25, in to_thread
    |     return await loop.run_in_executor(None, func_call)
    |            ^^^^^^^^^^^^^^^^^^^^^^^^^^^^^^^^^^^^^^^^^^^
    |   File "C:\Users\HP\AppData\Local\Programs\Python\Python313\Lib\concurrent\futures\thread.py", line 59, in run
    |     result = self.fn(*self.args, **self.kwargs)
    |   File "C:\Users\HP\AppData\Local\Programs\Python\Python313\Lib\site-packages\redis\commands\core.py", line 1822, in get
    |     return self.execute_command("GET", name, keys=[name])
    |            ~~~~~~~~~~~~~~~~~~~~^^^^^^^^^^^^^^^^^^^^^^^^^^
    |   File "C:\Users\HP\AppData\Local\Programs\Python\Python313\Lib\site-packages\redis\client.py", line 559, in execute_command
    |     return self._execute_command(*args, **options)
    |            ~~~~~~~~~~~~~~~~~~~~~^^^^^^^^^^^^^^^^^^
    |   File "C:\Users\HP\AppData\Local\Programs\Python\Python313\Lib\site-packages\redis\client.py", line 567, in _execute_command
    |     return conn.retry.call_with_retry(
    |            ~~~~~~~~~~~~~~~~~~~~~~~~~~^
    |         lambda: self._send_command_parse_response(
    |         ^^^^^^^^^^^^^^^^^^^^^^^^^^^^^^^^^^^^^^^^^^
    |     ...<2 lines>...
    |         lambda error: self._disconnect_raise(conn, error),
    |         ^^^^^^^^^^^^^^^^^^^^^^^^^^^^^^^^^^^^^^^^^^^^^^^^^^
    |     )
    |     ^
    |   File "C:\Users\HP\AppData\Local\Programs\Python\Python313\Lib\site-packages\redis\retry.py", line 65, in call_with_retry
    |     fail(error)
    |     ~~~~^^^^^^^
    |   File "C:\Users\HP\AppData\Local\Programs\Python\Python313\Lib\site-packages\redis\client.py", line 571, in <lambda>
    |     lambda error: self._disconnect_raise(conn, error),
    |                   ~~~~~~~~~~~~~~~~~~~~~~^^^^^^^^^^^^^
    |   File "C:\Users\HP\AppData\Local\Programs\Python\Python313\Lib\site-packages\redis\client.py", line 555, in _disconnect_raise
    |     raise error
    |   File "C:\Users\HP\AppData\Local\Programs\Python\Python313\Lib\site-packages\redis\retry.py", line 62, in call_with_retry
    |     return do()
    |   File "C:\Users\HP\AppData\Local\Programs\Python\Python313\Lib\site-packages\redis\client.py", line 568, in <lambda>
    |     lambda: self._send_command_parse_response(
    |             ~~~~~~~~~~~~~~~~~~~~~~~~~~~~~~~~~^
    |         conn, command_name, *args, **options
    |         ^^^^^^^^^^^^^^^^^^^^^^^^^^^^^^^^^^^^
    |     ),
    |     ^
    |   File "C:\Users\HP\AppData\Local\Programs\Python\Python313\Lib\site-packages\redis\client.py", line 542, in _send_command_parse_response
    |     return self.parse_response(conn, command_name, **options)
    |            ~~~~~~~~~~~~~~~~~~~^^^^^^^^^^^^^^^^^^^^^^^^^^^^^^^
    |   File "C:\Users\HP\AppData\Local\Programs\Python\Python313\Lib\site-packages\redis\client.py", line 584, in parse_response
    |     response = connection.read_response()
    |   File "C:\Users\HP\AppData\Local\Programs\Python\Python313\Lib\site-packages\redis\connection.py", line 592, in read_response
    |     response = self._parser.read_response(disable_decoding=disable_decoding)
    |   File "C:\Users\HP\AppData\Local\Programs\Python\Python313\Lib\site-packages\redis\_parsers\resp2.py", line 15, in read_response
    |     result = self._read_response(disable_decoding=disable_decoding)
    |   File "C:\Users\HP\AppData\Local\Programs\Python\Python313\Lib\site-packages\redis\_parsers\resp2.py", line 25, in _read_response
    |     raw = self._buffer.readline()
    |   File "C:\Users\HP\AppData\Local\Programs\Python\Python313\Lib\site-packages\redis\_parsers\socket.py", line 115, in readline
    |     self._read_from_socket()
    |     ~~~~~~~~~~~~~~~~~~~~~~^^
    |   File "C:\Users\HP\AppData\Local\Programs\Python\Python313\Lib\site-packages\redis\_parsers\socket.py", line 78, in _read_from_socket
    |     raise TimeoutError("Timeout reading from socket")
    | redis.exceptions.TimeoutError: Timeout reading from socket
    +------------------------------------

During handling of the above exception, another exception occurred:

Traceback (most recent call last):
  File "C:\Users\HP\AppData\Local\Programs\Python\Python313\Lib\site-packages\starlette\middleware\errors.py", line 165, in __call__
    await self.app(scope, receive, _send)
  File "C:\Users\HP\AppData\Local\Programs\Python\Python313\Lib\site-packages\starlette\middleware\cors.py", line 93, in __call__
    await self.simple_response(scope, receive, send, request_headers=headers)
  File "C:\Users\HP\AppData\Local\Programs\Python\Python313\Lib\site-packages\starlette\middleware\cors.py", line 144, in simple_response
    await self.app(scope, receive, send)
  File "C:\Users\HP\AppData\Local\Programs\Python\Python313\Lib\site-packages\starlette\middleware\base.py", line 177, in __call__
    with recv_stream, send_stream, collapse_excgroups():
                                   ~~~~~~~~~~~~~~~~~~^^
  File "C:\Users\HP\AppData\Local\Programs\Python\Python313\Lib\contextlib.py", line 162, in __exit__
    self.gen.throw(value)
    ~~~~~~~~~~~~~~^^^^^^^
  File "C:\Users\HP\AppData\Local\Programs\Python\Python313\Lib\site-packages\starlette\_utils.py", line 82, in collapse_excgroups
    raise exc
  File "C:\Users\HP\AppData\Local\Programs\Python\Python313\Lib\site-packages\starlette\middleware\base.py", line 179, in __call__
    response = await self.dispatch_func(request, call_next)
               ^^^^^^^^^^^^^^^^^^^^^^^^^^^^^^^^^^^^^^^^^^^^
  File "D:\Project\local-radar\backend\api\app\middleware\request_logger.py", line 26, in log_request
    response = await call_next(request)
               ^^^^^^^^^^^^^^^^^^^^^^^^
  File "C:\Users\HP\AppData\Local\Programs\Python\Python313\Lib\site-packages\starlette\middleware\base.py", line 154, in call_next
    raise app_exc
  File "C:\Users\HP\AppData\Local\Programs\Python\Python313\Lib\site-packages\starlette\middleware\base.py", line 141, in coro
    await self.app(scope, receive_or_disconnect, send_no_error)
  File "C:\Users\HP\AppData\Local\Programs\Python\Python313\Lib\site-packages\starlette\middleware\base.py", line 177, in __call__
    with recv_stream, send_stream, collapse_excgroups():
                                   ~~~~~~~~~~~~~~~~~~^^
  File "C:\Users\HP\AppData\Local\Programs\Python\Python313\Lib\contextlib.py", line 162, in __exit__
    self.gen.throw(value)
    ~~~~~~~~~~~~~~^^^^^^^
  File "C:\Users\HP\AppData\Local\Programs\Python\Python313\Lib\site-packages\starlette\_utils.py", line 82, in collapse_excgroups
    raise exc
  File "C:\Users\HP\AppData\Local\Programs\Python\Python313\Lib\site-packages\starlette\middleware\base.py", line 179, in __call__
    response = await self.dispatch_func(request, call_next)
               ^^^^^^^^^^^^^^^^^^^^^^^^^^^^^^^^^^^^^^^^^^^^
  File "D:\Project\local-radar\backend\api\app\middleware\header_validator.py", line 86, in header_validator
    response = await call_next(request)
               ^^^^^^^^^^^^^^^^^^^^^^^^
  File "C:\Users\HP\AppData\Local\Programs\Python\Python313\Lib\site-packages\starlette\middleware\base.py", line 154, in call_next
    raise app_exc
  File "C:\Users\HP\AppData\Local\Programs\Python\Python313\Lib\site-packages\starlette\middleware\base.py", line 141, in coro
    await self.app(scope, receive_or_disconnect, send_no_error)
  File "C:\Users\HP\AppData\Local\Programs\Python\Python313\Lib\site-packages\starlette\middleware\exceptions.py", line 62, in __call__
    await wrap_app_handling_exceptions(self.app, conn)(scope, receive, send)
  File "C:\Users\HP\AppData\Local\Programs\Python\Python313\Lib\site-packages\starlette\_exception_handler.py", line 53, in wrapped_app
    raise exc
  File "C:\Users\HP\AppData\Local\Programs\Python\Python313\Lib\site-packages\starlette\_exception_handler.py", line 42, in wrapped_app
    await app(scope, receive, sender)
  File "C:\Users\HP\AppData\Local\Programs\Python\Python313\Lib\site-packages\starlette\routing.py", line 715, in __call__
    await self.middleware_stack(scope, receive, send)
  File "C:\Users\HP\AppData\Local\Programs\Python\Python313\Lib\site-packages\starlette\routing.py", line 735, in app
    await route.handle(scope, receive, send)
  File "C:\Users\HP\AppData\Local\Programs\Python\Python313\Lib\site-packages\starlette\routing.py", line 288, in handle
    await self.app(scope, receive, send)
  File "C:\Users\HP\AppData\Local\Programs\Python\Python313\Lib\site-packages\starlette\routing.py", line 76, in app
    await wrap_app_handling_exceptions(app, request)(scope, receive, send)
  File "C:\Users\HP\AppData\Local\Programs\Python\Python313\Lib\site-packages\starlette\_exception_handler.py", line 53, in wrapped_app
    raise exc
  File "C:\Users\HP\AppData\Local\Programs\Python\Python313\Lib\site-packages\starlette\_exception_handler.py", line 42, in wrapped_app
    await app(scope, receive, sender)
  File "C:\Users\HP\AppData\Local\Programs\Python\Python313\Lib\site-packages\starlette\routing.py", line 73, in app
    response = await f(request)
               ^^^^^^^^^^^^^^^^
  File "C:\Users\HP\AppData\Local\Programs\Python\Python313\Lib\site-packages\fastapi\routing.py", line 291, in app
    solved_result = await solve_dependencies(
                    ^^^^^^^^^^^^^^^^^^^^^^^^^
    ...<6 lines>...
    )
    ^
  File "C:\Users\HP\AppData\Local\Programs\Python\Python313\Lib\site-packages\fastapi\dependencies\utils.py", line 638, in solve_dependencies
    solved = await call(**solved_result.values)
             ^^^^^^^^^^^^^^^^^^^^^^^^^^^^^^^^^^
  File "D:\Project\local-radar\backend\api\app\security\rate_limiter.py", line 43, in __call__
    is_blocked: Any = await asyncio.to_thread(redis_client.get, block_key)
                      ^^^^^^^^^^^^^^^^^^^^^^^^^^^^^^^^^^^^^^^^^^^^^^^^^^^^
  File "C:\Users\HP\AppData\Local\Programs\Python\Python313\Lib\asyncio\threads.py", line 25, in to_thread
    return await loop.run_in_executor(None, func_call)
           ^^^^^^^^^^^^^^^^^^^^^^^^^^^^^^^^^^^^^^^^^^^
  File "C:\Users\HP\AppData\Local\Programs\Python\Python313\Lib\concurrent\futures\thread.py", line 59, in run
    result = self.fn(*self.args, **self.kwargs)
  File "C:\Users\HP\AppData\Local\Programs\Python\Python313\Lib\site-packages\redis\commands\core.py", line 1822, in get
    return self.execute_command("GET", name, keys=[name])
           ~~~~~~~~~~~~~~~~~~~~^^^^^^^^^^^^^^^^^^^^^^^^^^
  File "C:\Users\HP\AppData\Local\Programs\Python\Python313\Lib\site-packages\redis\client.py", line 559, in execute_command
    return self._execute_command(*args, **options)
           ~~~~~~~~~~~~~~~~~~~~~^^^^^^^^^^^^^^^^^^
  File "C:\Users\HP\AppData\Local\Programs\Python\Python313\Lib\site-packages\redis\client.py", line 567, in _execute_command
    return conn.retry.call_with_retry(
           ~~~~~~~~~~~~~~~~~~~~~~~~~~^
        lambda: self._send_command_parse_response(
        ^^^^^^^^^^^^^^^^^^^^^^^^^^^^^^^^^^^^^^^^^^
    ...<2 lines>...
        lambda error: self._disconnect_raise(conn, error),
        ^^^^^^^^^^^^^^^^^^^^^^^^^^^^^^^^^^^^^^^^^^^^^^^^^^
    )
    ^
  File "C:\Users\HP\AppData\Local\Programs\Python\Python313\Lib\site-packages\redis\retry.py", line 65, in call_with_retry
    fail(error)
    ~~~~^^^^^^^
  File "C:\Users\HP\AppData\Local\Programs\Python\Python313\Lib\site-packages\redis\client.py", line 571, in <lambda>
    lambda error: self._disconnect_raise(conn, error),
                  ~~~~~~~~~~~~~~~~~~~~~~^^^^^^^^^^^^^
  File "C:\Users\HP\AppData\Local\Programs\Python\Python313\Lib\site-packages\redis\client.py", line 555, in _disconnect_raise
    raise error
  File "C:\Users\HP\AppData\Local\Programs\Python\Python313\Lib\site-packages\redis\retry.py", line 62, in call_with_retry
    return do()
  File "C:\Users\HP\AppData\Local\Programs\Python\Python313\Lib\site-packages\redis\client.py", line 568, in <lambda>
    lambda: self._send_command_parse_response(
            ~~~~~~~~~~~~~~~~~~~~~~~~~~~~~~~~~^
        conn, command_name, *args, **options
        ^^^^^^^^^^^^^^^^^^^^^^^^^^^^^^^^^^^^
    ),
    ^
  File "C:\Users\HP\AppData\Local\Programs\Python\Python313\Lib\site-packages\redis\client.py", line 542, in _send_command_parse_response
    return self.parse_response(conn, command_name, **options)
           ~~~~~~~~~~~~~~~~~~~^^^^^^^^^^^^^^^^^^^^^^^^^^^^^^^
  File "C:\Users\HP\AppData\Local\Programs\Python\Python313\Lib\site-packages\redis\client.py", line 584, in parse_response
    response = connection.read_response()
  File "C:\Users\HP\AppData\Local\Programs\Python\Python313\Lib\site-packages\redis\connection.py", line 592, in read_response
    response = self._parser.read_response(disable_decoding=disable_decoding)
  File "C:\Users\HP\AppData\Local\Programs\Python\Python313\Lib\site-packages\redis\_parsers\resp2.py", line 15, in read_response
    result = self._read_response(disable_decoding=disable_decoding)
  File "C:\Users\HP\AppData\Local\Programs\Python\Python313\Lib\site-packages\redis\_parsers\resp2.py", line 25, in _read_response
    raw = self._buffer.readline()
  File "C:\Users\HP\AppData\Local\Programs\Python\Python313\Lib\site-packages\redis\_parsers\socket.py", line 115, in readline
    self._read_from_socket()
    ~~~~~~~~~~~~~~~~~~~~~~^^
  File "C:\Users\HP\AppData\Local\Programs\Python\Python313\Lib\site-packages\redis\_parsers\socket.py", line 78, in _read_from_socket
    raise TimeoutError("Timeout reading from socket")
redis.exceptions.TimeoutError: Timeout reading from socket
2025-04-05 22:46:11 - scraper_api - INFO - Rate limiter: Current count for IP 192.168.61.115 is 7
2025-04-05 22:46:11 - scraper_api - INFO - API key validation successful.
2025-04-05 22:46:11 - scraper_api - ERROR - Unhandled exception occurred:
  + Exception Group Traceback (most recent call last):
  |   File "C:\Users\HP\AppData\Local\Programs\Python\Python313\Lib\site-packages\starlette\_utils.py", line 76, in collapse_excgroups
  |     yield
  |   File "C:\Users\HP\AppData\Local\Programs\Python\Python313\Lib\site-packages\starlette\middleware\base.py", line 178, in __call__
  |     async with anyio.create_task_group() as task_group:
  |                ~~~~~~~~~~~~~~~~~~~~~~~^^
  |   File "C:\Users\HP\AppData\Local\Programs\Python\Python313\Lib\site-packages\anyio\_backends\_asyncio.py", line 736, in __aexit__
  |     raise BaseExceptionGroup(
  |         "unhandled errors in a TaskGroup", self._exceptions
  |     )
  | ExceptionGroup: unhandled errors in a TaskGroup (1 sub-exception)
  +-+---------------- 1 ----------------
    | Traceback (most recent call last):
    |   File "C:\Users\HP\AppData\Local\Programs\Python\Python313\Lib\site-packages\starlette\middleware\errors.py", line 165, in __call__
    |     await self.app(scope, receive, _send)
    |   File "C:\Users\HP\AppData\Local\Programs\Python\Python313\Lib\site-packages\starlette\middleware\cors.py", line 93, in __call__
    |     await self.simple_response(scope, receive, send, request_headers=headers)
    |   File "C:\Users\HP\AppData\Local\Programs\Python\Python313\Lib\site-packages\starlette\middleware\cors.py", line 144, in simple_response
    |     await self.app(scope, receive, send)
    |   File "C:\Users\HP\AppData\Local\Programs\Python\Python313\Lib\site-packages\starlette\middleware\base.py", line 177, in __call__
    |     with recv_stream, send_stream, collapse_excgroups():
    |                                    ~~~~~~~~~~~~~~~~~~^^
    |   File "C:\Users\HP\AppData\Local\Programs\Python\Python313\Lib\contextlib.py", line 162, in __exit__
    |     self.gen.throw(value)
    |     ~~~~~~~~~~~~~~^^^^^^^
    |   File "C:\Users\HP\AppData\Local\Programs\Python\Python313\Lib\site-packages\starlette\_utils.py", line 82, in collapse_excgroups
    |     raise exc
    |   File "C:\Users\HP\AppData\Local\Programs\Python\Python313\Lib\site-packages\starlette\middleware\base.py", line 179, in __call__
    |     response = await self.dispatch_func(request, call_next)
    |                ^^^^^^^^^^^^^^^^^^^^^^^^^^^^^^^^^^^^^^^^^^^^
    |   File "D:\Project\local-radar\backend\api\app\middleware\request_logger.py", line 26, in log_request
    |     response = await call_next(request)
    |                ^^^^^^^^^^^^^^^^^^^^^^^^
    |   File "C:\Users\HP\AppData\Local\Programs\Python\Python313\Lib\site-packages\starlette\middleware\base.py", line 154, in call_next
    |     raise app_exc
    |   File "C:\Users\HP\AppData\Local\Programs\Python\Python313\Lib\site-packages\starlette\middleware\base.py", line 141, in coro
    |     await self.app(scope, receive_or_disconnect, send_no_error)
    |   File "C:\Users\HP\AppData\Local\Programs\Python\Python313\Lib\site-packages\starlette\middleware\base.py", line 177, in __call__
    |     with recv_stream, send_stream, collapse_excgroups():
    |                                    ~~~~~~~~~~~~~~~~~~^^
    |   File "C:\Users\HP\AppData\Local\Programs\Python\Python313\Lib\contextlib.py", line 162, in __exit__
    |     self.gen.throw(value)
    |     ~~~~~~~~~~~~~~^^^^^^^
    |   File "C:\Users\HP\AppData\Local\Programs\Python\Python313\Lib\site-packages\starlette\_utils.py", line 82, in collapse_excgroups
    |     raise exc
    |   File "C:\Users\HP\AppData\Local\Programs\Python\Python313\Lib\site-packages\starlette\middleware\base.py", line 179, in __call__
    |     response = await self.dispatch_func(request, call_next)
    |                ^^^^^^^^^^^^^^^^^^^^^^^^^^^^^^^^^^^^^^^^^^^^
    |   File "D:\Project\local-radar\backend\api\app\middleware\header_validator.py", line 86, in header_validator
    |     response = await call_next(request)
    |                ^^^^^^^^^^^^^^^^^^^^^^^^
    |   File "C:\Users\HP\AppData\Local\Programs\Python\Python313\Lib\site-packages\starlette\middleware\base.py", line 154, in call_next
    |     raise app_exc
    |   File "C:\Users\HP\AppData\Local\Programs\Python\Python313\Lib\site-packages\starlette\middleware\base.py", line 141, in coro
    |     await self.app(scope, receive_or_disconnect, send_no_error)
    |   File "C:\Users\HP\AppData\Local\Programs\Python\Python313\Lib\site-packages\starlette\middleware\exceptions.py", line 62, in __call__
    |     await wrap_app_handling_exceptions(self.app, conn)(scope, receive, send)
    |   File "C:\Users\HP\AppData\Local\Programs\Python\Python313\Lib\site-packages\starlette\_exception_handler.py", line 53, in wrapped_app
    |     raise exc
    |   File "C:\Users\HP\AppData\Local\Programs\Python\Python313\Lib\site-packages\starlette\_exception_handler.py", line 42, in wrapped_app
    |     await app(scope, receive, sender)
    |   File "C:\Users\HP\AppData\Local\Programs\Python\Python313\Lib\site-packages\starlette\routing.py", line 715, in __call__
    |     await self.middleware_stack(scope, receive, send)
    |   File "C:\Users\HP\AppData\Local\Programs\Python\Python313\Lib\site-packages\starlette\routing.py", line 735, in app
    |     await route.handle(scope, receive, send)
    |   File "C:\Users\HP\AppData\Local\Programs\Python\Python313\Lib\site-packages\starlette\routing.py", line 288, in handle
    |     await self.app(scope, receive, send)
    |   File "C:\Users\HP\AppData\Local\Programs\Python\Python313\Lib\site-packages\starlette\routing.py", line 76, in app
    |     await wrap_app_handling_exceptions(app, request)(scope, receive, send)
    |   File "C:\Users\HP\AppData\Local\Programs\Python\Python313\Lib\site-packages\starlette\_exception_handler.py", line 53, in wrapped_app
    |     raise exc
    |   File "C:\Users\HP\AppData\Local\Programs\Python\Python313\Lib\site-packages\starlette\_exception_handler.py", line 42, in wrapped_app
    |     await app(scope, receive, sender)
    |   File "C:\Users\HP\AppData\Local\Programs\Python\Python313\Lib\site-packages\starlette\routing.py", line 73, in app
    |     response = await f(request)
    |                ^^^^^^^^^^^^^^^^
    |   File "C:\Users\HP\AppData\Local\Programs\Python\Python313\Lib\site-packages\fastapi\routing.py", line 291, in app
    |     solved_result = await solve_dependencies(
    |                     ^^^^^^^^^^^^^^^^^^^^^^^^^
    |     ...<6 lines>...
    |     )
    |     ^
    |   File "C:\Users\HP\AppData\Local\Programs\Python\Python313\Lib\site-packages\fastapi\dependencies\utils.py", line 638, in solve_dependencies
    |     solved = await call(**solved_result.values)
    |              ^^^^^^^^^^^^^^^^^^^^^^^^^^^^^^^^^^
    |   File "D:\Project\local-radar\backend\api\app\security\rate_limiter.py", line 43, in __call__
    |     is_blocked: Any = await asyncio.to_thread(redis_client.get, block_key)
    |                       ^^^^^^^^^^^^^^^^^^^^^^^^^^^^^^^^^^^^^^^^^^^^^^^^^^^^
    |   File "C:\Users\HP\AppData\Local\Programs\Python\Python313\Lib\asyncio\threads.py", line 25, in to_thread
    |     return await loop.run_in_executor(None, func_call)
    |            ^^^^^^^^^^^^^^^^^^^^^^^^^^^^^^^^^^^^^^^^^^^
    |   File "C:\Users\HP\AppData\Local\Programs\Python\Python313\Lib\concurrent\futures\thread.py", line 59, in run
    |     result = self.fn(*self.args, **self.kwargs)
    |   File "C:\Users\HP\AppData\Local\Programs\Python\Python313\Lib\site-packages\redis\commands\core.py", line 1822, in get
    |     return self.execute_command("GET", name, keys=[name])
    |            ~~~~~~~~~~~~~~~~~~~~^^^^^^^^^^^^^^^^^^^^^^^^^^
    |   File "C:\Users\HP\AppData\Local\Programs\Python\Python313\Lib\site-packages\redis\client.py", line 559, in execute_command
    |     return self._execute_command(*args, **options)
    |            ~~~~~~~~~~~~~~~~~~~~~^^^^^^^^^^^^^^^^^^
    |   File "C:\Users\HP\AppData\Local\Programs\Python\Python313\Lib\site-packages\redis\client.py", line 567, in _execute_command
    |     return conn.retry.call_with_retry(
    |            ~~~~~~~~~~~~~~~~~~~~~~~~~~^
    |         lambda: self._send_command_parse_response(
    |         ^^^^^^^^^^^^^^^^^^^^^^^^^^^^^^^^^^^^^^^^^^
    |     ...<2 lines>...
    |         lambda error: self._disconnect_raise(conn, error),
    |         ^^^^^^^^^^^^^^^^^^^^^^^^^^^^^^^^^^^^^^^^^^^^^^^^^^
    |     )
    |     ^
    |   File "C:\Users\HP\AppData\Local\Programs\Python\Python313\Lib\site-packages\redis\retry.py", line 65, in call_with_retry
    |     fail(error)
    |     ~~~~^^^^^^^
    |   File "C:\Users\HP\AppData\Local\Programs\Python\Python313\Lib\site-packages\redis\client.py", line 571, in <lambda>
    |     lambda error: self._disconnect_raise(conn, error),
    |                   ~~~~~~~~~~~~~~~~~~~~~~^^^^^^^^^^^^^
    |   File "C:\Users\HP\AppData\Local\Programs\Python\Python313\Lib\site-packages\redis\client.py", line 555, in _disconnect_raise
    |     raise error
    |   File "C:\Users\HP\AppData\Local\Programs\Python\Python313\Lib\site-packages\redis\retry.py", line 62, in call_with_retry
    |     return do()
    |   File "C:\Users\HP\AppData\Local\Programs\Python\Python313\Lib\site-packages\redis\client.py", line 568, in <lambda>
    |     lambda: self._send_command_parse_response(
    |             ~~~~~~~~~~~~~~~~~~~~~~~~~~~~~~~~~^
    |         conn, command_name, *args, **options
    |         ^^^^^^^^^^^^^^^^^^^^^^^^^^^^^^^^^^^^
    |     ),
    |     ^
    |   File "C:\Users\HP\AppData\Local\Programs\Python\Python313\Lib\site-packages\redis\client.py", line 542, in _send_command_parse_response
    |     return self.parse_response(conn, command_name, **options)
    |            ~~~~~~~~~~~~~~~~~~~^^^^^^^^^^^^^^^^^^^^^^^^^^^^^^^
    |   File "C:\Users\HP\AppData\Local\Programs\Python\Python313\Lib\site-packages\redis\client.py", line 584, in parse_response
    |     response = connection.read_response()
    |   File "C:\Users\HP\AppData\Local\Programs\Python\Python313\Lib\site-packages\redis\connection.py", line 592, in read_response
    |     response = self._parser.read_response(disable_decoding=disable_decoding)
    |   File "C:\Users\HP\AppData\Local\Programs\Python\Python313\Lib\site-packages\redis\_parsers\resp2.py", line 15, in read_response
    |     result = self._read_response(disable_decoding=disable_decoding)
    |   File "C:\Users\HP\AppData\Local\Programs\Python\Python313\Lib\site-packages\redis\_parsers\resp2.py", line 25, in _read_response
    |     raw = self._buffer.readline()
    |   File "C:\Users\HP\AppData\Local\Programs\Python\Python313\Lib\site-packages\redis\_parsers\socket.py", line 115, in readline
    |     self._read_from_socket()
    |     ~~~~~~~~~~~~~~~~~~~~~~^^
    |   File "C:\Users\HP\AppData\Local\Programs\Python\Python313\Lib\site-packages\redis\_parsers\socket.py", line 78, in _read_from_socket
    |     raise TimeoutError("Timeout reading from socket")
    | redis.exceptions.TimeoutError: Timeout reading from socket
    +------------------------------------

During handling of the above exception, another exception occurred:

Traceback (most recent call last):
  File "C:\Users\HP\AppData\Local\Programs\Python\Python313\Lib\site-packages\starlette\middleware\errors.py", line 165, in __call__
    await self.app(scope, receive, _send)
  File "C:\Users\HP\AppData\Local\Programs\Python\Python313\Lib\site-packages\starlette\middleware\cors.py", line 93, in __call__
    await self.simple_response(scope, receive, send, request_headers=headers)
  File "C:\Users\HP\AppData\Local\Programs\Python\Python313\Lib\site-packages\starlette\middleware\cors.py", line 144, in simple_response
    await self.app(scope, receive, send)
  File "C:\Users\HP\AppData\Local\Programs\Python\Python313\Lib\site-packages\starlette\middleware\base.py", line 177, in __call__
    with recv_stream, send_stream, collapse_excgroups():
                                   ~~~~~~~~~~~~~~~~~~^^
  File "C:\Users\HP\AppData\Local\Programs\Python\Python313\Lib\contextlib.py", line 162, in __exit__
    self.gen.throw(value)
    ~~~~~~~~~~~~~~^^^^^^^
  File "C:\Users\HP\AppData\Local\Programs\Python\Python313\Lib\site-packages\starlette\_utils.py", line 82, in collapse_excgroups
    raise exc
  File "C:\Users\HP\AppData\Local\Programs\Python\Python313\Lib\site-packages\starlette\middleware\base.py", line 179, in __call__
    response = await self.dispatch_func(request, call_next)
               ^^^^^^^^^^^^^^^^^^^^^^^^^^^^^^^^^^^^^^^^^^^^
  File "D:\Project\local-radar\backend\api\app\middleware\request_logger.py", line 26, in log_request
    response = await call_next(request)
               ^^^^^^^^^^^^^^^^^^^^^^^^
  File "C:\Users\HP\AppData\Local\Programs\Python\Python313\Lib\site-packages\starlette\middleware\base.py", line 154, in call_next
    raise app_exc
  File "C:\Users\HP\AppData\Local\Programs\Python\Python313\Lib\site-packages\starlette\middleware\base.py", line 141, in coro
    await self.app(scope, receive_or_disconnect, send_no_error)
  File "C:\Users\HP\AppData\Local\Programs\Python\Python313\Lib\site-packages\starlette\middleware\base.py", line 177, in __call__
    with recv_stream, send_stream, collapse_excgroups():
                                   ~~~~~~~~~~~~~~~~~~^^
  File "C:\Users\HP\AppData\Local\Programs\Python\Python313\Lib\contextlib.py", line 162, in __exit__
    self.gen.throw(value)
    ~~~~~~~~~~~~~~^^^^^^^
  File "C:\Users\HP\AppData\Local\Programs\Python\Python313\Lib\site-packages\starlette\_utils.py", line 82, in collapse_excgroups
    raise exc
  File "C:\Users\HP\AppData\Local\Programs\Python\Python313\Lib\site-packages\starlette\middleware\base.py", line 179, in __call__
    response = await self.dispatch_func(request, call_next)
               ^^^^^^^^^^^^^^^^^^^^^^^^^^^^^^^^^^^^^^^^^^^^
  File "D:\Project\local-radar\backend\api\app\middleware\header_validator.py", line 86, in header_validator
    response = await call_next(request)
               ^^^^^^^^^^^^^^^^^^^^^^^^
  File "C:\Users\HP\AppData\Local\Programs\Python\Python313\Lib\site-packages\starlette\middleware\base.py", line 154, in call_next
    raise app_exc
  File "C:\Users\HP\AppData\Local\Programs\Python\Python313\Lib\site-packages\starlette\middleware\base.py", line 141, in coro
    await self.app(scope, receive_or_disconnect, send_no_error)
  File "C:\Users\HP\AppData\Local\Programs\Python\Python313\Lib\site-packages\starlette\middleware\exceptions.py", line 62, in __call__
    await wrap_app_handling_exceptions(self.app, conn)(scope, receive, send)
  File "C:\Users\HP\AppData\Local\Programs\Python\Python313\Lib\site-packages\starlette\_exception_handler.py", line 53, in wrapped_app
    raise exc
  File "C:\Users\HP\AppData\Local\Programs\Python\Python313\Lib\site-packages\starlette\_exception_handler.py", line 42, in wrapped_app
    await app(scope, receive, sender)
  File "C:\Users\HP\AppData\Local\Programs\Python\Python313\Lib\site-packages\starlette\routing.py", line 715, in __call__
    await self.middleware_stack(scope, receive, send)
  File "C:\Users\HP\AppData\Local\Programs\Python\Python313\Lib\site-packages\starlette\routing.py", line 735, in app
    await route.handle(scope, receive, send)
  File "C:\Users\HP\AppData\Local\Programs\Python\Python313\Lib\site-packages\starlette\routing.py", line 288, in handle
    await self.app(scope, receive, send)
  File "C:\Users\HP\AppData\Local\Programs\Python\Python313\Lib\site-packages\starlette\routing.py", line 76, in app
    await wrap_app_handling_exceptions(app, request)(scope, receive, send)
  File "C:\Users\HP\AppData\Local\Programs\Python\Python313\Lib\site-packages\starlette\_exception_handler.py", line 53, in wrapped_app
    raise exc
  File "C:\Users\HP\AppData\Local\Programs\Python\Python313\Lib\site-packages\starlette\_exception_handler.py", line 42, in wrapped_app
    await app(scope, receive, sender)
  File "C:\Users\HP\AppData\Local\Programs\Python\Python313\Lib\site-packages\starlette\routing.py", line 73, in app
    response = await f(request)
               ^^^^^^^^^^^^^^^^
  File "C:\Users\HP\AppData\Local\Programs\Python\Python313\Lib\site-packages\fastapi\routing.py", line 291, in app
    solved_result = await solve_dependencies(
                    ^^^^^^^^^^^^^^^^^^^^^^^^^
    ...<6 lines>...
    )
    ^
  File "C:\Users\HP\AppData\Local\Programs\Python\Python313\Lib\site-packages\fastapi\dependencies\utils.py", line 638, in solve_dependencies
    solved = await call(**solved_result.values)
             ^^^^^^^^^^^^^^^^^^^^^^^^^^^^^^^^^^
  File "D:\Project\local-radar\backend\api\app\security\rate_limiter.py", line 43, in __call__
    is_blocked: Any = await asyncio.to_thread(redis_client.get, block_key)
                      ^^^^^^^^^^^^^^^^^^^^^^^^^^^^^^^^^^^^^^^^^^^^^^^^^^^^
  File "C:\Users\HP\AppData\Local\Programs\Python\Python313\Lib\asyncio\threads.py", line 25, in to_thread
    return await loop.run_in_executor(None, func_call)
           ^^^^^^^^^^^^^^^^^^^^^^^^^^^^^^^^^^^^^^^^^^^
  File "C:\Users\HP\AppData\Local\Programs\Python\Python313\Lib\concurrent\futures\thread.py", line 59, in run
    result = self.fn(*self.args, **self.kwargs)
  File "C:\Users\HP\AppData\Local\Programs\Python\Python313\Lib\site-packages\redis\commands\core.py", line 1822, in get
    return self.execute_command("GET", name, keys=[name])
           ~~~~~~~~~~~~~~~~~~~~^^^^^^^^^^^^^^^^^^^^^^^^^^
  File "C:\Users\HP\AppData\Local\Programs\Python\Python313\Lib\site-packages\redis\client.py", line 559, in execute_command
    return self._execute_command(*args, **options)
           ~~~~~~~~~~~~~~~~~~~~~^^^^^^^^^^^^^^^^^^
  File "C:\Users\HP\AppData\Local\Programs\Python\Python313\Lib\site-packages\redis\client.py", line 567, in _execute_command
    return conn.retry.call_with_retry(
           ~~~~~~~~~~~~~~~~~~~~~~~~~~^
        lambda: self._send_command_parse_response(
        ^^^^^^^^^^^^^^^^^^^^^^^^^^^^^^^^^^^^^^^^^^
    ...<2 lines>...
        lambda error: self._disconnect_raise(conn, error),
        ^^^^^^^^^^^^^^^^^^^^^^^^^^^^^^^^^^^^^^^^^^^^^^^^^^
    )
    ^
  File "C:\Users\HP\AppData\Local\Programs\Python\Python313\Lib\site-packages\redis\retry.py", line 65, in call_with_retry
    fail(error)
    ~~~~^^^^^^^
  File "C:\Users\HP\AppData\Local\Programs\Python\Python313\Lib\site-packages\redis\client.py", line 571, in <lambda>
    lambda error: self._disconnect_raise(conn, error),
                  ~~~~~~~~~~~~~~~~~~~~~~^^^^^^^^^^^^^
  File "C:\Users\HP\AppData\Local\Programs\Python\Python313\Lib\site-packages\redis\client.py", line 555, in _disconnect_raise
    raise error
  File "C:\Users\HP\AppData\Local\Programs\Python\Python313\Lib\site-packages\redis\retry.py", line 62, in call_with_retry
    return do()
  File "C:\Users\HP\AppData\Local\Programs\Python\Python313\Lib\site-packages\redis\client.py", line 568, in <lambda>
    lambda: self._send_command_parse_response(
            ~~~~~~~~~~~~~~~~~~~~~~~~~~~~~~~~~^
        conn, command_name, *args, **options
        ^^^^^^^^^^^^^^^^^^^^^^^^^^^^^^^^^^^^
    ),
    ^
  File "C:\Users\HP\AppData\Local\Programs\Python\Python313\Lib\site-packages\redis\client.py", line 542, in _send_command_parse_response
    return self.parse_response(conn, command_name, **options)
           ~~~~~~~~~~~~~~~~~~~^^^^^^^^^^^^^^^^^^^^^^^^^^^^^^^
  File "C:\Users\HP\AppData\Local\Programs\Python\Python313\Lib\site-packages\redis\client.py", line 584, in parse_response
    response = connection.read_response()
  File "C:\Users\HP\AppData\Local\Programs\Python\Python313\Lib\site-packages\redis\connection.py", line 592, in read_response
    response = self._parser.read_response(disable_decoding=disable_decoding)
  File "C:\Users\HP\AppData\Local\Programs\Python\Python313\Lib\site-packages\redis\_parsers\resp2.py", line 15, in read_response
    result = self._read_response(disable_decoding=disable_decoding)
  File "C:\Users\HP\AppData\Local\Programs\Python\Python313\Lib\site-packages\redis\_parsers\resp2.py", line 25, in _read_response
    raw = self._buffer.readline()
  File "C:\Users\HP\AppData\Local\Programs\Python\Python313\Lib\site-packages\redis\_parsers\socket.py", line 115, in readline
    self._read_from_socket()
    ~~~~~~~~~~~~~~~~~~~~~~^^
  File "C:\Users\HP\AppData\Local\Programs\Python\Python313\Lib\site-packages\redis\_parsers\socket.py", line 78, in _read_from_socket
    raise TimeoutError("Timeout reading from socket")
redis.exceptions.TimeoutError: Timeout reading from socket
2025-04-05 22:46:11 - scraper_api - INFO - Rate limiter: Current count for IP 192.168.61.115 is 8
2025-04-05 22:46:12 - scraper_api - INFO - API key validation successful.
2025-04-05 22:46:13 - scraper_api - INFO - Cache miss for key: schools_dwarka
2025-04-05 22:46:13 - scraper_api - INFO - Returning fresh data from MongoDB for schools in dwarka.
2025-04-05 22:46:13 - scraper_api - INFO - Cache miss for key: schools_dwarka
2025-04-05 22:46:13 - scraper_api - INFO - Cache set for key: schools_dwarka with TTL: 3600 seconds.
2025-04-05 22:46:13 - scraper_api - INFO - Returning fresh data from MongoDB for schools in dwarka.
2025-04-05 22:46:14 - scraper_api - INFO - Cache set for key: schools_dwarka with TTL: 3600 seconds.
2025-04-05 22:46:17 - scraper_api - ERROR - Error retrieving cache for key schools_dwarka: Timeout reading from socket
Traceback (most recent call last):
  File "C:\Users\HP\AppData\Local\Programs\Python\Python313\Lib\site-packages\redis\_parsers\socket.py", line 65, in _read_from_socket
    data = self._sock.recv(socket_read_size)
  File "C:\Users\HP\AppData\Local\Programs\Python\Python313\Lib\ssl.py", line 1285, in recv
    return self.read(buflen)
           ~~~~~~~~~^^^^^^^^
  File "C:\Users\HP\AppData\Local\Programs\Python\Python313\Lib\ssl.py", line 1140, in read
    return self._sslobj.read(len)
           ~~~~~~~~~~~~~~~~~^^^^^
TimeoutError: [WinError 10060] A connection attempt failed because the connected party did not properly respond after a period of time, or established connection failed because connected host has failed to respond

During handling of the above exception, another exception occurred:

Traceback (most recent call last):
  File "D:\Project\local-radar\backend\api\app\cache\redis_cache.py", line 87, in get_cache
    cached_data = redis_client.get(key)
  File "C:\Users\HP\AppData\Local\Programs\Python\Python313\Lib\site-packages\redis\commands\core.py", line 1822, in get
    return self.execute_command("GET", name, keys=[name])
           ~~~~~~~~~~~~~~~~~~~~^^^^^^^^^^^^^^^^^^^^^^^^^^
  File "C:\Users\HP\AppData\Local\Programs\Python\Python313\Lib\site-packages\redis\client.py", line 559, in execute_command
    return self._execute_command(*args, **options)
           ~~~~~~~~~~~~~~~~~~~~~^^^^^^^^^^^^^^^^^^
  File "C:\Users\HP\AppData\Local\Programs\Python\Python313\Lib\site-packages\redis\client.py", line 567, in _execute_command
    return conn.retry.call_with_retry(
           ~~~~~~~~~~~~~~~~~~~~~~~~~~^
        lambda: self._send_command_parse_response(
        ^^^^^^^^^^^^^^^^^^^^^^^^^^^^^^^^^^^^^^^^^^
    ...<2 lines>...
        lambda error: self._disconnect_raise(conn, error),
        ^^^^^^^^^^^^^^^^^^^^^^^^^^^^^^^^^^^^^^^^^^^^^^^^^^
    )
    ^
  File "C:\Users\HP\AppData\Local\Programs\Python\Python313\Lib\site-packages\redis\retry.py", line 65, in call_with_retry
    fail(error)
    ~~~~^^^^^^^
  File "C:\Users\HP\AppData\Local\Programs\Python\Python313\Lib\site-packages\redis\client.py", line 571, in <lambda>
    lambda error: self._disconnect_raise(conn, error),
                  ~~~~~~~~~~~~~~~~~~~~~~^^^^^^^^^^^^^
  File "C:\Users\HP\AppData\Local\Programs\Python\Python313\Lib\site-packages\redis\client.py", line 555, in _disconnect_raise
    raise error
  File "C:\Users\HP\AppData\Local\Programs\Python\Python313\Lib\site-packages\redis\retry.py", line 62, in call_with_retry
    return do()
  File "C:\Users\HP\AppData\Local\Programs\Python\Python313\Lib\site-packages\redis\client.py", line 568, in <lambda>
    lambda: self._send_command_parse_response(
            ~~~~~~~~~~~~~~~~~~~~~~~~~~~~~~~~~^
        conn, command_name, *args, **options
        ^^^^^^^^^^^^^^^^^^^^^^^^^^^^^^^^^^^^
    ),
    ^
  File "C:\Users\HP\AppData\Local\Programs\Python\Python313\Lib\site-packages\redis\client.py", line 542, in _send_command_parse_response
    return self.parse_response(conn, command_name, **options)
           ~~~~~~~~~~~~~~~~~~~^^^^^^^^^^^^^^^^^^^^^^^^^^^^^^^
  File "C:\Users\HP\AppData\Local\Programs\Python\Python313\Lib\site-packages\redis\client.py", line 584, in parse_response
    response = connection.read_response()
  File "C:\Users\HP\AppData\Local\Programs\Python\Python313\Lib\site-packages\redis\connection.py", line 592, in read_response
    response = self._parser.read_response(disable_decoding=disable_decoding)
  File "C:\Users\HP\AppData\Local\Programs\Python\Python313\Lib\site-packages\redis\_parsers\resp2.py", line 15, in read_response
    result = self._read_response(disable_decoding=disable_decoding)
  File "C:\Users\HP\AppData\Local\Programs\Python\Python313\Lib\site-packages\redis\_parsers\resp2.py", line 25, in _read_response
    raw = self._buffer.readline()
  File "C:\Users\HP\AppData\Local\Programs\Python\Python313\Lib\site-packages\redis\_parsers\socket.py", line 115, in readline
    self._read_from_socket()
    ~~~~~~~~~~~~~~~~~~~~~~^^
  File "C:\Users\HP\AppData\Local\Programs\Python\Python313\Lib\site-packages\redis\_parsers\socket.py", line 78, in _read_from_socket
    raise TimeoutError("Timeout reading from socket")
redis.exceptions.TimeoutError: Timeout reading from socket
2025-04-05 22:46:17 - scraper_api - INFO - Returning fresh data from MongoDB for schools in dwarka.
2025-04-05 22:46:17 - scraper_api - INFO - Rate limiter: Current count for IP 192.168.61.115 is 9
2025-04-05 22:46:17 - scraper_api - INFO - API key validation successful.
2025-04-05 22:46:17 - scraper_api - INFO - Cache miss for key: schools_kenedy
2025-04-05 22:46:17 - scraper_api - INFO - Returning fresh data from MongoDB for schools in kenedy.
2025-04-05 22:46:18 - scraper_api - INFO - Cache set for key: schools_kenedy with TTL: 3600 seconds.
2025-04-05 22:46:19 - scraper_api - INFO - Cache set for key: schools_dwarka with TTL: 3600 seconds.
2025-04-05 22:46:22 - scraper_api - ERROR - Error retrieving cache for key hotels_dwarka: Timeout reading from socket
Traceback (most recent call last):
  File "C:\Users\HP\AppData\Local\Programs\Python\Python313\Lib\site-packages\redis\_parsers\socket.py", line 65, in _read_from_socket
    data = self._sock.recv(socket_read_size)
  File "C:\Users\HP\AppData\Local\Programs\Python\Python313\Lib\ssl.py", line 1285, in recv
    return self.read(buflen)
           ~~~~~~~~~^^^^^^^^
  File "C:\Users\HP\AppData\Local\Programs\Python\Python313\Lib\ssl.py", line 1140, in read
    return self._sslobj.read(len)
           ~~~~~~~~~~~~~~~~~^^^^^
TimeoutError: [WinError 10060] A connection attempt failed because the connected party did not properly respond after a period of time, or established connection failed because connected host has failed to respond

During handling of the above exception, another exception occurred:

Traceback (most recent call last):
  File "D:\Project\local-radar\backend\api\app\cache\redis_cache.py", line 87, in get_cache
    cached_data = redis_client.get(key)
  File "C:\Users\HP\AppData\Local\Programs\Python\Python313\Lib\site-packages\redis\commands\core.py", line 1822, in get
    return self.execute_command("GET", name, keys=[name])
           ~~~~~~~~~~~~~~~~~~~~^^^^^^^^^^^^^^^^^^^^^^^^^^
  File "C:\Users\HP\AppData\Local\Programs\Python\Python313\Lib\site-packages\redis\client.py", line 559, in execute_command
    return self._execute_command(*args, **options)
           ~~~~~~~~~~~~~~~~~~~~~^^^^^^^^^^^^^^^^^^
  File "C:\Users\HP\AppData\Local\Programs\Python\Python313\Lib\site-packages\redis\client.py", line 567, in _execute_command
    return conn.retry.call_with_retry(
           ~~~~~~~~~~~~~~~~~~~~~~~~~~^
        lambda: self._send_command_parse_response(
        ^^^^^^^^^^^^^^^^^^^^^^^^^^^^^^^^^^^^^^^^^^
    ...<2 lines>...
        lambda error: self._disconnect_raise(conn, error),
        ^^^^^^^^^^^^^^^^^^^^^^^^^^^^^^^^^^^^^^^^^^^^^^^^^^
    )
    ^
  File "C:\Users\HP\AppData\Local\Programs\Python\Python313\Lib\site-packages\redis\retry.py", line 65, in call_with_retry
    fail(error)
    ~~~~^^^^^^^
  File "C:\Users\HP\AppData\Local\Programs\Python\Python313\Lib\site-packages\redis\client.py", line 571, in <lambda>
    lambda error: self._disconnect_raise(conn, error),
                  ~~~~~~~~~~~~~~~~~~~~~~^^^^^^^^^^^^^
  File "C:\Users\HP\AppData\Local\Programs\Python\Python313\Lib\site-packages\redis\client.py", line 555, in _disconnect_raise
    raise error
  File "C:\Users\HP\AppData\Local\Programs\Python\Python313\Lib\site-packages\redis\retry.py", line 62, in call_with_retry
    return do()
  File "C:\Users\HP\AppData\Local\Programs\Python\Python313\Lib\site-packages\redis\client.py", line 568, in <lambda>
    lambda: self._send_command_parse_response(
            ~~~~~~~~~~~~~~~~~~~~~~~~~~~~~~~~~^
        conn, command_name, *args, **options
        ^^^^^^^^^^^^^^^^^^^^^^^^^^^^^^^^^^^^
    ),
    ^
  File "C:\Users\HP\AppData\Local\Programs\Python\Python313\Lib\site-packages\redis\client.py", line 542, in _send_command_parse_response
    return self.parse_response(conn, command_name, **options)
           ~~~~~~~~~~~~~~~~~~~^^^^^^^^^^^^^^^^^^^^^^^^^^^^^^^
  File "C:\Users\HP\AppData\Local\Programs\Python\Python313\Lib\site-packages\redis\client.py", line 584, in parse_response
    response = connection.read_response()
  File "C:\Users\HP\AppData\Local\Programs\Python\Python313\Lib\site-packages\redis\connection.py", line 592, in read_response
    response = self._parser.read_response(disable_decoding=disable_decoding)
  File "C:\Users\HP\AppData\Local\Programs\Python\Python313\Lib\site-packages\redis\_parsers\resp2.py", line 15, in read_response
    result = self._read_response(disable_decoding=disable_decoding)
  File "C:\Users\HP\AppData\Local\Programs\Python\Python313\Lib\site-packages\redis\_parsers\resp2.py", line 25, in _read_response
    raw = self._buffer.readline()
  File "C:\Users\HP\AppData\Local\Programs\Python\Python313\Lib\site-packages\redis\_parsers\socket.py", line 115, in readline
    self._read_from_socket()
    ~~~~~~~~~~~~~~~~~~~~~~^^
  File "C:\Users\HP\AppData\Local\Programs\Python\Python313\Lib\site-packages\redis\_parsers\socket.py", line 78, in _read_from_socket
    raise TimeoutError("Timeout reading from socket")
redis.exceptions.TimeoutError: Timeout reading from socket
2025-04-05 22:46:22 - scraper_api - INFO - Returning fresh data from MongoDB for hotels in dwarka.
2025-04-05 22:46:24 - scraper_api - INFO - Cache set for key: hotels_dwarka with TTL: 3600 seconds.
2025-04-05 22:46:24 - scraper_api - ERROR - Error retrieving cache for key cafes_dwarka: Timeout reading from socket
Traceback (most recent call last):
  File "C:\Users\HP\AppData\Local\Programs\Python\Python313\Lib\site-packages\redis\_parsers\socket.py", line 65, in _read_from_socket
    data = self._sock.recv(socket_read_size)
  File "C:\Users\HP\AppData\Local\Programs\Python\Python313\Lib\ssl.py", line 1285, in recv
    return self.read(buflen)
           ~~~~~~~~~^^^^^^^^
  File "C:\Users\HP\AppData\Local\Programs\Python\Python313\Lib\ssl.py", line 1140, in read
    return self._sslobj.read(len)
           ~~~~~~~~~~~~~~~~~^^^^^
TimeoutError: [WinError 10060] A connection attempt failed because the connected party did not properly respond after a period of time, or established connection failed because connected host has failed to respond

During handling of the above exception, another exception occurred:

Traceback (most recent call last):
  File "D:\Project\local-radar\backend\api\app\cache\redis_cache.py", line 87, in get_cache
    cached_data = redis_client.get(key)
  File "C:\Users\HP\AppData\Local\Programs\Python\Python313\Lib\site-packages\redis\commands\core.py", line 1822, in get
    return self.execute_command("GET", name, keys=[name])
           ~~~~~~~~~~~~~~~~~~~~^^^^^^^^^^^^^^^^^^^^^^^^^^
  File "C:\Users\HP\AppData\Local\Programs\Python\Python313\Lib\site-packages\redis\client.py", line 559, in execute_command
    return self._execute_command(*args, **options)
           ~~~~~~~~~~~~~~~~~~~~~^^^^^^^^^^^^^^^^^^
  File "C:\Users\HP\AppData\Local\Programs\Python\Python313\Lib\site-packages\redis\client.py", line 567, in _execute_command
    return conn.retry.call_with_retry(
           ~~~~~~~~~~~~~~~~~~~~~~~~~~^
        lambda: self._send_command_parse_response(
        ^^^^^^^^^^^^^^^^^^^^^^^^^^^^^^^^^^^^^^^^^^
    ...<2 lines>...
        lambda error: self._disconnect_raise(conn, error),
        ^^^^^^^^^^^^^^^^^^^^^^^^^^^^^^^^^^^^^^^^^^^^^^^^^^
    )
    ^
  File "C:\Users\HP\AppData\Local\Programs\Python\Python313\Lib\site-packages\redis\retry.py", line 65, in call_with_retry
    fail(error)
    ~~~~^^^^^^^
  File "C:\Users\HP\AppData\Local\Programs\Python\Python313\Lib\site-packages\redis\client.py", line 571, in <lambda>
    lambda error: self._disconnect_raise(conn, error),
                  ~~~~~~~~~~~~~~~~~~~~~~^^^^^^^^^^^^^
  File "C:\Users\HP\AppData\Local\Programs\Python\Python313\Lib\site-packages\redis\client.py", line 555, in _disconnect_raise
    raise error
  File "C:\Users\HP\AppData\Local\Programs\Python\Python313\Lib\site-packages\redis\retry.py", line 62, in call_with_retry
    return do()
  File "C:\Users\HP\AppData\Local\Programs\Python\Python313\Lib\site-packages\redis\client.py", line 568, in <lambda>
    lambda: self._send_command_parse_response(
            ~~~~~~~~~~~~~~~~~~~~~~~~~~~~~~~~~^
        conn, command_name, *args, **options
        ^^^^^^^^^^^^^^^^^^^^^^^^^^^^^^^^^^^^
    ),
    ^
  File "C:\Users\HP\AppData\Local\Programs\Python\Python313\Lib\site-packages\redis\client.py", line 542, in _send_command_parse_response
    return self.parse_response(conn, command_name, **options)
           ~~~~~~~~~~~~~~~~~~~^^^^^^^^^^^^^^^^^^^^^^^^^^^^^^^
  File "C:\Users\HP\AppData\Local\Programs\Python\Python313\Lib\site-packages\redis\client.py", line 584, in parse_response
    response = connection.read_response()
  File "C:\Users\HP\AppData\Local\Programs\Python\Python313\Lib\site-packages\redis\connection.py", line 592, in read_response
    response = self._parser.read_response(disable_decoding=disable_decoding)
  File "C:\Users\HP\AppData\Local\Programs\Python\Python313\Lib\site-packages\redis\_parsers\resp2.py", line 15, in read_response
    result = self._read_response(disable_decoding=disable_decoding)
  File "C:\Users\HP\AppData\Local\Programs\Python\Python313\Lib\site-packages\redis\_parsers\resp2.py", line 25, in _read_response
    raw = self._buffer.readline()
  File "C:\Users\HP\AppData\Local\Programs\Python\Python313\Lib\site-packages\redis\_parsers\socket.py", line 115, in readline
    self._read_from_socket()
    ~~~~~~~~~~~~~~~~~~~~~~^^
  File "C:\Users\HP\AppData\Local\Programs\Python\Python313\Lib\site-packages\redis\_parsers\socket.py", line 78, in _read_from_socket
    raise TimeoutError("Timeout reading from socket")
redis.exceptions.TimeoutError: Timeout reading from socket
2025-04-05 22:46:24 - scraper_api - ERROR - Error during scraping: 500: Scraper error: No scraper available for category cafes
Traceback (most recent call last):
  File "D:\Project\local-radar\backend\api\app\routes\api_routes.py", line 84, in scrape_data
    data = await asyncio.to_thread(get_scraped_data, category, location, **additional_params)
           ^^^^^^^^^^^^^^^^^^^^^^^^^^^^^^^^^^^^^^^^^^^^^^^^^^^^^^^^^^^^^^^^^^^^^^^^^^^^^^^^^^
  File "C:\Users\HP\AppData\Local\Programs\Python\Python313\Lib\asyncio\threads.py", line 25, in to_thread
    return await loop.run_in_executor(None, func_call)
           ^^^^^^^^^^^^^^^^^^^^^^^^^^^^^^^^^^^^^^^^^^^
  File "C:\Users\HP\AppData\Local\Programs\Python\Python313\Lib\concurrent\futures\thread.py", line 59, in run
    result = self.fn(*self.args, **self.kwargs)
  File "D:\Project\local-radar\backend\api\app\services\scraping_service.py", line 70, in get_scraped_data
    raise ScraperException(detail=f"No scraper available for category {category}")
app.core.exceptions.ScraperException: 500: Scraper error: No scraper available for category cafes
2025-04-05 22:46:25 - scraper_api - ERROR - Error retrieving cache for key gyms_dwarka: Timeout reading from socket
Traceback (most recent call last):
  File "C:\Users\HP\AppData\Local\Programs\Python\Python313\Lib\site-packages\redis\_parsers\socket.py", line 65, in _read_from_socket
    data = self._sock.recv(socket_read_size)
  File "C:\Users\HP\AppData\Local\Programs\Python\Python313\Lib\ssl.py", line 1285, in recv
    return self.read(buflen)
           ~~~~~~~~~^^^^^^^^
  File "C:\Users\HP\AppData\Local\Programs\Python\Python313\Lib\ssl.py", line 1140, in read
    return self._sslobj.read(len)
           ~~~~~~~~~~~~~~~~~^^^^^
TimeoutError: [WinError 10060] A connection attempt failed because the connected party did not properly respond after a period of time, or established connection failed because connected host has failed to respond

During handling of the above exception, another exception occurred:

Traceback (most recent call last):
  File "D:\Project\local-radar\backend\api\app\cache\redis_cache.py", line 87, in get_cache
    cached_data = redis_client.get(key)
  File "C:\Users\HP\AppData\Local\Programs\Python\Python313\Lib\site-packages\redis\commands\core.py", line 1822, in get
    return self.execute_command("GET", name, keys=[name])
           ~~~~~~~~~~~~~~~~~~~~^^^^^^^^^^^^^^^^^^^^^^^^^^
  File "C:\Users\HP\AppData\Local\Programs\Python\Python313\Lib\site-packages\redis\client.py", line 559, in execute_command
    return self._execute_command(*args, **options)
           ~~~~~~~~~~~~~~~~~~~~~^^^^^^^^^^^^^^^^^^
  File "C:\Users\HP\AppData\Local\Programs\Python\Python313\Lib\site-packages\redis\client.py", line 567, in _execute_command
    return conn.retry.call_with_retry(
           ~~~~~~~~~~~~~~~~~~~~~~~~~~^
        lambda: self._send_command_parse_response(
        ^^^^^^^^^^^^^^^^^^^^^^^^^^^^^^^^^^^^^^^^^^
    ...<2 lines>...
        lambda error: self._disconnect_raise(conn, error),
        ^^^^^^^^^^^^^^^^^^^^^^^^^^^^^^^^^^^^^^^^^^^^^^^^^^
    )
    ^
  File "C:\Users\HP\AppData\Local\Programs\Python\Python313\Lib\site-packages\redis\retry.py", line 65, in call_with_retry
    fail(error)
    ~~~~^^^^^^^
  File "C:\Users\HP\AppData\Local\Programs\Python\Python313\Lib\site-packages\redis\client.py", line 571, in <lambda>
    lambda error: self._disconnect_raise(conn, error),
                  ~~~~~~~~~~~~~~~~~~~~~~^^^^^^^^^^^^^
  File "C:\Users\HP\AppData\Local\Programs\Python\Python313\Lib\site-packages\redis\client.py", line 555, in _disconnect_raise
    raise error
  File "C:\Users\HP\AppData\Local\Programs\Python\Python313\Lib\site-packages\redis\retry.py", line 62, in call_with_retry
    return do()
  File "C:\Users\HP\AppData\Local\Programs\Python\Python313\Lib\site-packages\redis\client.py", line 568, in <lambda>
    lambda: self._send_command_parse_response(
            ~~~~~~~~~~~~~~~~~~~~~~~~~~~~~~~~~^
        conn, command_name, *args, **options
        ^^^^^^^^^^^^^^^^^^^^^^^^^^^^^^^^^^^^
    ),
    ^
  File "C:\Users\HP\AppData\Local\Programs\Python\Python313\Lib\site-packages\redis\client.py", line 542, in _send_command_parse_response
    return self.parse_response(conn, command_name, **options)
           ~~~~~~~~~~~~~~~~~~~^^^^^^^^^^^^^^^^^^^^^^^^^^^^^^^
  File "C:\Users\HP\AppData\Local\Programs\Python\Python313\Lib\site-packages\redis\client.py", line 584, in parse_response
    response = connection.read_response()
  File "C:\Users\HP\AppData\Local\Programs\Python\Python313\Lib\site-packages\redis\connection.py", line 592, in read_response
    response = self._parser.read_response(disable_decoding=disable_decoding)
  File "C:\Users\HP\AppData\Local\Programs\Python\Python313\Lib\site-packages\redis\_parsers\resp2.py", line 15, in read_response
    result = self._read_response(disable_decoding=disable_decoding)
  File "C:\Users\HP\AppData\Local\Programs\Python\Python313\Lib\site-packages\redis\_parsers\resp2.py", line 25, in _read_response
    raw = self._buffer.readline()
  File "C:\Users\HP\AppData\Local\Programs\Python\Python313\Lib\site-packages\redis\_parsers\socket.py", line 115, in readline
    self._read_from_socket()
    ~~~~~~~~~~~~~~~~~~~~~~^^
  File "C:\Users\HP\AppData\Local\Programs\Python\Python313\Lib\site-packages\redis\_parsers\socket.py", line 78, in _read_from_socket
    raise TimeoutError("Timeout reading from socket")
redis.exceptions.TimeoutError: Timeout reading from socket
2025-04-05 22:46:25 - scraper_api - INFO - Returning fresh data from MongoDB for gyms in dwarka.
2025-04-05 22:46:27 - scraper_api - INFO - Cache set for key: gyms_dwarka with TTL: 3600 seconds.
2025-04-05 22:46:33 - scraper_api - ERROR - Error retrieving cache for key libraries_dwarka: Timeout reading from socket
Traceback (most recent call last):
  File "C:\Users\HP\AppData\Local\Programs\Python\Python313\Lib\site-packages\redis\_parsers\socket.py", line 65, in _read_from_socket
    data = self._sock.recv(socket_read_size)
  File "C:\Users\HP\AppData\Local\Programs\Python\Python313\Lib\ssl.py", line 1285, in recv
    return self.read(buflen)
           ~~~~~~~~~^^^^^^^^
  File "C:\Users\HP\AppData\Local\Programs\Python\Python313\Lib\ssl.py", line 1140, in read
    return self._sslobj.read(len)
           ~~~~~~~~~~~~~~~~~^^^^^
TimeoutError: [WinError 10060] A connection attempt failed because the connected party did not properly respond after a period of time, or established connection failed because connected host has failed to respond

During handling of the above exception, another exception occurred:

Traceback (most recent call last):
  File "D:\Project\local-radar\backend\api\app\cache\redis_cache.py", line 87, in get_cache
    cached_data = redis_client.get(key)
  File "C:\Users\HP\AppData\Local\Programs\Python\Python313\Lib\site-packages\redis\commands\core.py", line 1822, in get
    return self.execute_command("GET", name, keys=[name])
           ~~~~~~~~~~~~~~~~~~~~^^^^^^^^^^^^^^^^^^^^^^^^^^
  File "C:\Users\HP\AppData\Local\Programs\Python\Python313\Lib\site-packages\redis\client.py", line 559, in execute_command
    return self._execute_command(*args, **options)
           ~~~~~~~~~~~~~~~~~~~~~^^^^^^^^^^^^^^^^^^
  File "C:\Users\HP\AppData\Local\Programs\Python\Python313\Lib\site-packages\redis\client.py", line 567, in _execute_command
    return conn.retry.call_with_retry(
           ~~~~~~~~~~~~~~~~~~~~~~~~~~^
        lambda: self._send_command_parse_response(
        ^^^^^^^^^^^^^^^^^^^^^^^^^^^^^^^^^^^^^^^^^^
    ...<2 lines>...
        lambda error: self._disconnect_raise(conn, error),
        ^^^^^^^^^^^^^^^^^^^^^^^^^^^^^^^^^^^^^^^^^^^^^^^^^^
    )
    ^
  File "C:\Users\HP\AppData\Local\Programs\Python\Python313\Lib\site-packages\redis\retry.py", line 65, in call_with_retry
    fail(error)
    ~~~~^^^^^^^
  File "C:\Users\HP\AppData\Local\Programs\Python\Python313\Lib\site-packages\redis\client.py", line 571, in <lambda>
    lambda error: self._disconnect_raise(conn, error),
                  ~~~~~~~~~~~~~~~~~~~~~~^^^^^^^^^^^^^
  File "C:\Users\HP\AppData\Local\Programs\Python\Python313\Lib\site-packages\redis\client.py", line 555, in _disconnect_raise
    raise error
  File "C:\Users\HP\AppData\Local\Programs\Python\Python313\Lib\site-packages\redis\retry.py", line 62, in call_with_retry
    return do()
  File "C:\Users\HP\AppData\Local\Programs\Python\Python313\Lib\site-packages\redis\client.py", line 568, in <lambda>
    lambda: self._send_command_parse_response(
            ~~~~~~~~~~~~~~~~~~~~~~~~~~~~~~~~~^
        conn, command_name, *args, **options
        ^^^^^^^^^^^^^^^^^^^^^^^^^^^^^^^^^^^^
    ),
    ^
  File "C:\Users\HP\AppData\Local\Programs\Python\Python313\Lib\site-packages\redis\client.py", line 542, in _send_command_parse_response
    return self.parse_response(conn, command_name, **options)
           ~~~~~~~~~~~~~~~~~~~^^^^^^^^^^^^^^^^^^^^^^^^^^^^^^^
  File "C:\Users\HP\AppData\Local\Programs\Python\Python313\Lib\site-packages\redis\client.py", line 584, in parse_response
    response = connection.read_response()
  File "C:\Users\HP\AppData\Local\Programs\Python\Python313\Lib\site-packages\redis\connection.py", line 592, in read_response
    response = self._parser.read_response(disable_decoding=disable_decoding)
  File "C:\Users\HP\AppData\Local\Programs\Python\Python313\Lib\site-packages\redis\_parsers\resp2.py", line 15, in read_response
    result = self._read_response(disable_decoding=disable_decoding)
  File "C:\Users\HP\AppData\Local\Programs\Python\Python313\Lib\site-packages\redis\_parsers\resp2.py", line 25, in _read_response
    raw = self._buffer.readline()
  File "C:\Users\HP\AppData\Local\Programs\Python\Python313\Lib\site-packages\redis\_parsers\socket.py", line 115, in readline
    self._read_from_socket()
    ~~~~~~~~~~~~~~~~~~~~~~^^
  File "C:\Users\HP\AppData\Local\Programs\Python\Python313\Lib\site-packages\redis\_parsers\socket.py", line 78, in _read_from_socket
    raise TimeoutError("Timeout reading from socket")
redis.exceptions.TimeoutError: Timeout reading from socket
2025-04-05 22:46:33 - scraper_api - INFO - Returning fresh data from MongoDB for libraries in dwarka.
2025-04-05 22:46:35 - scraper_api - INFO - Cache set for key: libraries_dwarka with TTL: 3600 seconds.
2025-04-05 22:46:38 - scraper_api - ERROR - Error retrieving cache for key restaurants_dwarka: Timeout reading from socket
Traceback (most recent call last):
  File "C:\Users\HP\AppData\Local\Programs\Python\Python313\Lib\site-packages\redis\_parsers\socket.py", line 65, in _read_from_socket
    data = self._sock.recv(socket_read_size)
  File "C:\Users\HP\AppData\Local\Programs\Python\Python313\Lib\ssl.py", line 1285, in recv
    return self.read(buflen)
           ~~~~~~~~~^^^^^^^^
  File "C:\Users\HP\AppData\Local\Programs\Python\Python313\Lib\ssl.py", line 1140, in read
    return self._sslobj.read(len)
           ~~~~~~~~~~~~~~~~~^^^^^
TimeoutError: [WinError 10060] A connection attempt failed because the connected party did not properly respond after a period of time, or established connection failed because connected host has failed to respond

During handling of the above exception, another exception occurred:

Traceback (most recent call last):
  File "D:\Project\local-radar\backend\api\app\cache\redis_cache.py", line 87, in get_cache
    cached_data = redis_client.get(key)
  File "C:\Users\HP\AppData\Local\Programs\Python\Python313\Lib\site-packages\redis\commands\core.py", line 1822, in get
    return self.execute_command("GET", name, keys=[name])
           ~~~~~~~~~~~~~~~~~~~~^^^^^^^^^^^^^^^^^^^^^^^^^^
  File "C:\Users\HP\AppData\Local\Programs\Python\Python313\Lib\site-packages\redis\client.py", line 559, in execute_command
    return self._execute_command(*args, **options)
           ~~~~~~~~~~~~~~~~~~~~~^^^^^^^^^^^^^^^^^^
  File "C:\Users\HP\AppData\Local\Programs\Python\Python313\Lib\site-packages\redis\client.py", line 567, in _execute_command
    return conn.retry.call_with_retry(
           ~~~~~~~~~~~~~~~~~~~~~~~~~~^
        lambda: self._send_command_parse_response(
        ^^^^^^^^^^^^^^^^^^^^^^^^^^^^^^^^^^^^^^^^^^
    ...<2 lines>...
        lambda error: self._disconnect_raise(conn, error),
        ^^^^^^^^^^^^^^^^^^^^^^^^^^^^^^^^^^^^^^^^^^^^^^^^^^
    )
    ^
  File "C:\Users\HP\AppData\Local\Programs\Python\Python313\Lib\site-packages\redis\retry.py", line 65, in call_with_retry
    fail(error)
    ~~~~^^^^^^^
  File "C:\Users\HP\AppData\Local\Programs\Python\Python313\Lib\site-packages\redis\client.py", line 571, in <lambda>
    lambda error: self._disconnect_raise(conn, error),
                  ~~~~~~~~~~~~~~~~~~~~~~^^^^^^^^^^^^^
  File "C:\Users\HP\AppData\Local\Programs\Python\Python313\Lib\site-packages\redis\client.py", line 555, in _disconnect_raise
    raise error
  File "C:\Users\HP\AppData\Local\Programs\Python\Python313\Lib\site-packages\redis\retry.py", line 62, in call_with_retry
    return do()
  File "C:\Users\HP\AppData\Local\Programs\Python\Python313\Lib\site-packages\redis\client.py", line 568, in <lambda>
    lambda: self._send_command_parse_response(
            ~~~~~~~~~~~~~~~~~~~~~~~~~~~~~~~~~^
        conn, command_name, *args, **options
        ^^^^^^^^^^^^^^^^^^^^^^^^^^^^^^^^^^^^
    ),
    ^
  File "C:\Users\HP\AppData\Local\Programs\Python\Python313\Lib\site-packages\redis\client.py", line 542, in _send_command_parse_response
    return self.parse_response(conn, command_name, **options)
           ~~~~~~~~~~~~~~~~~~~^^^^^^^^^^^^^^^^^^^^^^^^^^^^^^^
  File "C:\Users\HP\AppData\Local\Programs\Python\Python313\Lib\site-packages\redis\client.py", line 584, in parse_response
    response = connection.read_response()
  File "C:\Users\HP\AppData\Local\Programs\Python\Python313\Lib\site-packages\redis\connection.py", line 592, in read_response
    response = self._parser.read_response(disable_decoding=disable_decoding)
  File "C:\Users\HP\AppData\Local\Programs\Python\Python313\Lib\site-packages\redis\_parsers\resp2.py", line 15, in read_response
    result = self._read_response(disable_decoding=disable_decoding)
  File "C:\Users\HP\AppData\Local\Programs\Python\Python313\Lib\site-packages\redis\_parsers\resp2.py", line 25, in _read_response
    raw = self._buffer.readline()
  File "C:\Users\HP\AppData\Local\Programs\Python\Python313\Lib\site-packages\redis\_parsers\socket.py", line 115, in readline
    self._read_from_socket()
    ~~~~~~~~~~~~~~~~~~~~~~^^
  File "C:\Users\HP\AppData\Local\Programs\Python\Python313\Lib\site-packages\redis\_parsers\socket.py", line 78, in _read_from_socket
    raise TimeoutError("Timeout reading from socket")
redis.exceptions.TimeoutError: Timeout reading from socket
2025-04-05 22:46:38 - scraper_api - INFO - Returning fresh data from MongoDB for restaurants in dwarka.
2025-04-05 22:46:39 - scraper_api - INFO - Rate limiter: Current count for IP 192.168.61.115 is 10
2025-04-05 22:46:39 - scraper_api - INFO - API key validation successful.
2025-04-05 22:46:39 - scraper_api - INFO - Cache miss for key: bakeries_kenedy
2025-04-05 22:46:39 - scraper_api - INFO - Cache set for key: restaurants_dwarka with TTL: 3600 seconds.
2025-04-05 22:46:41 - scraper_api - INFO - Rate limiter: Current count for IP 192.168.61.115 is 11
2025-04-05 22:46:41 - scraper_api - INFO - API key validation successful.
2025-04-05 22:46:41 - scraper_api - INFO - Cache miss for key: bakeries_kenedy
2025-04-05 22:46:42 - scraper_api - INFO - Inserted/updated data for bakeries in kenedy
2025-04-05 22:46:42 - scraper_api - INFO - Cache set for key: bakeries_kenedy with TTL: 3600 seconds.
2025-04-05 22:46:46 - scraper_api - INFO - Data for bakeries in kenedy is already up to date
2025-04-05 22:46:46 - scraper_api - INFO - Cache set for key: bakeries_kenedy with TTL: 3600 seconds.
2025-04-05 22:46:53 - scraper_api - INFO - Application shutdown initiated.
